{
  "aggregate": {
    "depth_spread": 0.8403270480533441,
    "disocc_frac": 0.04486605420524692,
    "disocc_smear": 0.0,
    "edge_acc_p50": 5.75,
    "edge_acc_p95": 24.0,
    "flicker": 6.248807772346165,
    "flicker_disocc": 17.342214066049326,
    "flow_depth": 11.982754479283871,
    "flow_support": 0.736493492562929,
    "flow_temporal": 7.179466703663701,
    "image_integrity_pct": 99.76207785341352,
    "negative_disparity_pct": 1.0806806302732892,
    "pop_pct_p50": 0.8309346509216488,
    "pop_px_p50": 5.982729486635871,
    "pop_px_p95": 6.204926702228431,
    "pop_spread_pct": 0.877710654954134,
    "pop_spread_px": 6.3195167156697645,
    "positive_disparity_pct": 0.001747975298951984,
    "rim_over_p50": 0.0,
    "rim_over_p95": 1.0705194597442944,
    "source_coverage_pct": 100.0,
    "source_halo_p95": 1.0000000173846881,
    "source_residual_p50": 0.2129566135505835,
    "source_residual_p95": 1.6527914653221767,
    "source_stretch_pct": 0.9404569957966977,
    "source_stretch_support": 4.029605263157895,
    "static_jitter": 2.084223472553751,
    "static_support": 0.26496175523349436,
    "stretch_area": 0.06305459104938271,
    "swim": 2.061918617590614,
    "vmisalign_pct": 0.0008681272205042963,
    "vmisalign_px": 0.0028552953784431643,
    "_n": 24,
    "_models": [
      ""
    ],
    "flicker_p50": 6.538426399230957,
    "flicker_p95": 8.053639650344849,
    "flicker_disocc_p50": 19.59907341003418,
    "flicker_disocc_p95": 25.154165267944336,
    "swim_p50": 1.1595343351364136,
    "swim_p95": 5.622956371307371,
    "static_jitter_p50": 2.0000150203704834,
    "static_jitter_p95": 2.3513777256011963,
    "flow_temporal_p50": 7.0607075691223145,
    "flow_temporal_p95": 7.941807126998901,
    "flow_depth_p50": 9.049541473388672,
    "flow_depth_p95": 22.378143692016597,
    "q_clean": 89.3,
    "q_depth": 35.1,
    "score": 89.3
  },
  "perf_ms": {
    "depth_infer": 1.88326,
    "sbs_composite_cpu": 0.0065,
    "warp_infer": 0.12192
  },
  "meta": {
    "git_sha": "c829e6b3",
    "git_dirty": true,
    "clip_set_sha1": {
      "aigen_cogvideox_rain": "5a3b6632212b",
      "anime_morevna_closeup": "e44f93df938a",
      "c339": "db5f34629467",
      "c525": "b3b3400d5e3b",
      "c647": "dfff8c7b9459",
      "c747": "1ff2aa060c61",
      "c841": "e1afc2353d88",
      "fast_motion": "5ac142ec4eff",
      "flat_page": "a839c5fb2d32",
      "flat_transition": "2f5bde33326b",
      "scene_cut": "c912fa5c33a7"
    },
    "mode": "game",
    "suite": "core",
    "clips_root": "E:\\Git\\Repo\\Apollo-3D\\tools\\sbsbench\\clips",
    "extra_args": [],
    "conf": "tools\\sbsbench\\bench.conf",
    "model": "depth_anything_v2_fp16",
    "profile": "apollo",
    "warp": "apollo",
    "shift_profile": "bestv2",
    "eval_schema": 7,
    "depth_step": "current-once",
    "conf_sha256": "679341c6d0d9db4d",
    "metric_sha256": "40246edc05700ee7",
    "gpu_contention": false,
    "timestamp": "2026-07-11T13:51:17",
    "run_name": "evalv7-profile-apollo-final",
    "name": "aigen-cogvideox-rain",
    "description": "AI-generated child running through heavy rain, with a moving human silhouette, translucent rain streaks, splashes, atmospheric blur and low-contrast depth layers.",
    "content_type": "ai-generated",
    "dataset": "CogVideoX official gallery",
    "required_gt_depth": false,
    "required_gt_flow": false,
    "homepage": "https://github.com/zai-org/CogVideo",
    "source_url": "https://github.com/user-attachments/assets/fe0a78e6-b669-4800-8cf0-b5f9b5145b52",
    "citation": "CogVideoX-5B official gallery, prompt 2 (boy running in rain)",
    "license_note": "Official CogVideo repository sample. The repository and CogVideoX-2B code/model are Apache-2.0; the gallery does not state a separate generated-media license.",
    "source_window": "0.500s; 24 contiguous frames at the native 8 fps and 720x480 resolution",
    "source_artifacts": "Visual inspection of frames 1, 12 and 24 found no stable white outline attached to the child. The source itself contains strong motion/defocus blur, translucent rain streaks, bright splash rims, atmospheric veiling and AI-generated temporal shape changes; these must not be attributed to stereo warping.",
    "clip_sha1": "5a3b6632212b"
  }
}