{
  "aggregate": {
    "depth_spread": 0.8403270480533441,
    "disocc_frac": 0.04486605420524692,
    "disocc_smear": 0.0,
    "edge_acc_p50": 5.75,
    "edge_acc_p95": 24.0,
    "flicker": 6.246470969656239,
    "flicker_disocc": 17.331825795380965,
    "flow_depth": 11.982754479283871,
    "flow_support": 0.736493492562929,
    "flow_temporal": 7.401714076166567,
    "image_integrity_pct": 99.53994144709327,
    "negative_disparity_pct": 1.129873904089133,
    "pop_pct_p50": 1.0129208126885751,
    "pop_px_p50": 7.2930298513577405,
    "pop_px_p95": 8.027664544326903,
    "pop_spread_pct": 1.1173717563395487,
    "pop_spread_px": 8.04507664564475,
    "positive_disparity_pct": 0.004066758729510261,
    "rim_over_p50": 0.0,
    "rim_over_p95": 1.0901347349087398,
    "source_coverage_pct": 100.0,
    "source_halo_p95": 1.1250000894069672,
    "source_residual_p50": 0.43516165018081665,
    "source_residual_p95": 2.8472260435422263,
    "source_stretch_pct": 1.4499635205951877,
    "source_stretch_support": 4.00885568957115,
    "static_jitter": 2.095929907715839,
    "static_support": 0.26496175523349436,
    "stretch_area": 0.06209008487654321,
    "swim": 2.061918617590614,
    "vmisalign_pct": 0.0015600329788867384,
    "vmisalign_px": 0.0038419215755614764,
    "_n": 24,
    "_models": [
      ""
    ],
    "flicker_p50": 6.527759552001953,
    "flicker_p95": 8.047254610061644,
    "flicker_disocc_p50": 19.56645393371582,
    "flicker_disocc_p95": 25.092091751098632,
    "swim_p50": 1.1595343351364136,
    "swim_p95": 5.622956371307371,
    "static_jitter_p50": 2.0000150203704834,
    "static_jitter_p95": 2.40394811630249,
    "flow_temporal_p50": 7.355335235595703,
    "flow_temporal_p95": 8.127912902832032,
    "flow_depth_p50": 9.049541473388672,
    "flow_depth_p95": 22.378143692016597,
    "q_clean": 87.8,
    "q_depth": 44.7,
    "score": 87.8
  },
  "perf_ms": {
    "depth_infer": 1.91971,
    "sbs_composite_cpu": 0.0059,
    "warp_infer": 0.085344
  },
  "meta": {
    "git_sha": "97199f2b",
    "git_dirty": true,
    "clip_set_sha1": {
      "aigen_cogvideox_rain": "5a3b6632212b",
      "anime_morevna_closeup": "e44f93df938a",
      "c339": "db5f34629467",
      "c525": "b3b3400d5e3b",
      "c647": "dfff8c7b9459",
      "c747": "1ff2aa060c61",
      "c841": "e1afc2353d88",
      "fast_motion": "5ac142ec4eff",
      "flat_page": "a839c5fb2d32",
      "flat_transition": "2f5bde33326b",
      "scene_cut": "c912fa5c33a7"
    },
    "mode": "profile",
    "suite": "core",
    "clips_root": "E:\\Git\\Repo\\Apollo-3D\\tools\\sbsbench\\clips",
    "extra_args": [],
    "conf": "tools\\sbsbench\\bench.conf",
    "model": "depth_anything_v2_fp16",
    "profile": "apollo",
    "warp": "apollo",
    "eval_schema": 9,
    "depth_step": "current-once",
    "conf_sha256": "726e61c492e2375e",
    "metric_sha256": "029a1b88ce8d8c83",
    "gpu_contention": false,
    "timestamp": "2026-07-11T18:28:11",
    "run_name": "profile-owned-default-baseline",
    "name": "aigen-cogvideox-rain",
    "description": "AI-generated child running through heavy rain, with a moving human silhouette, translucent rain streaks, splashes, atmospheric blur and low-contrast depth layers.",
    "content_type": "ai-generated",
    "dataset": "CogVideoX official gallery",
    "required_gt_depth": false,
    "required_gt_flow": false,
    "homepage": "https://github.com/zai-org/CogVideo",
    "source_url": "https://github.com/user-attachments/assets/fe0a78e6-b669-4800-8cf0-b5f9b5145b52",
    "citation": "CogVideoX-5B official gallery, prompt 2 (boy running in rain)",
    "license_note": "Official CogVideo repository sample. The repository and CogVideoX-2B code/model are Apache-2.0; the gallery does not state a separate generated-media license.",
    "source_window": "0.500s; 24 contiguous frames at the native 8 fps and 720x480 resolution",
    "source_artifacts": "Visual inspection of frames 1, 12 and 24 found no stable white outline attached to the child. The source itself contains strong motion/defocus blur, translucent rain streaks, bright splash rims, atmospheric veiling and AI-generated temporal shape changes; these must not be attributed to stereo warping.",
    "clip_sha1": "5a3b6632212b"
  }
}