{
  "aggregate": {
    "artifact_in_hole_pct": 0.0,
    "depth_spread": 0.8412393120427927,
    "disocc_frac": 0.04335973668981482,
    "disocc_smear": 0.0,
    "edge_acc_p50": 6.375,
    "edge_acc_p95": 24.0,
    "flicker": 6.251551939093548,
    "flicker_disocc": 17.748026910035506,
    "flow_depth": 12.002653142680293,
    "flow_support": 0.736493492562929,
    "flow_temporal": 8.247679772584334,
    "hole_bad_fill_pct": 0.0,
    "hole_source_residual_p95": 5.892088895042735,
    "image_integrity_pct": 99.18972332015811,
    "negative_disparity_pct": 1.230488858958978,
    "pop_pct_p50": 1.0023914066866313,
    "pop_px_p50": 11.40498667163456,
    "pop_px_p95": 13.330977914158012,
    "pop_spread_pct": 1.1804989434089361,
    "pop_spread_px": 13.431454645008339,
    "positive_disparity_pct": 0.002818796976026449,
    "rim_over_p50": 0.0,
    "rim_over_p95": 1.0866924226284027,
    "source_coverage_pct": 100.0,
    "source_halo_p95": 1.187500114242236,
    "source_residual_p50": 0.34733140654861927,
    "source_residual_p95": 2.5648123472929,
    "source_stretch_pct": 1.732502652879223,
    "source_stretch_support": 4.000860441033139,
    "static_jitter": 2.125777249750884,
    "static_support": 0.26496175523349436,
    "stretch_area": 0.052083333333333336,
    "swim": 2.0621719852737757,
    "vmisalign_pct": 0.0013402399781625718,
    "vmisalign_px": 0.004208462388002469,
    "warp_hole_pct": 0.6338230208136829,
    "_n": 24,
    "_models": [
      ""
    ],
    "flicker_p50": 6.534935474395752,
    "flicker_p95": 8.056337547302245,
    "flicker_disocc_p50": 20.214078903198242,
    "flicker_disocc_p95": 25.76723976135254,
    "swim_p50": 1.1595324277877808,
    "swim_p95": 5.623345851898192,
    "static_jitter_p50": 2.0721960067749023,
    "static_jitter_p95": 2.4116774559020993,
    "flow_temporal_p50": 8.199663162231445,
    "flow_temporal_p95": 9.680567646026612,
    "flow_depth_p50": 9.0552978515625,
    "flow_depth_p95": 22.429319190978998,
    "q_clean": 86.5,
    "q_depth": 47.2,
    "score": 86.5
  },
  "perf_ms": {
    "depth_infer": 1.38154,
    "depth_postprocess_gpu": 0.069472,
    "depth_preprocess_gpu": 0.144448,
    "sbs_composite_cpu": 0.005,
    "warp_infer": 0.054464
  },
  "meta": {
    "git_sha": "54fbc592",
    "git_dirty": true,
    "clip_set_sha1": {
      "aigen_cogvideox_rain": "5a3b6632212b",
      "anime_morevna_closeup": "e44f93df938a",
      "c339": "db5f34629467",
      "c525": "b3b3400d5e3b",
      "c647": "dfff8c7b9459",
      "c747": "1ff2aa060c61",
      "c841": "e1afc2353d88",
      "fast_motion": "5ac142ec4eff",
      "flat_page": "a839c5fb2d32",
      "flat_transition": "2f5bde33326b",
      "scene_cut": "c912fa5c33a7"
    },
    "mode": "profile",
    "suite": "core",
    "clips_root": "E:\\Git\\Repo\\Apollo-3D\\tools\\sbsbench\\clips",
    "extra_args": [],
    "conf": "tools\\sbsbench\\bench.conf",
    "model": "depth_anything_v2_fp16",
    "profile": "apollo",
    "literal_bestv2": false,
    "depth_compensation": "none",
    "eval_schema": 19,
    "depth_step": "current-once",
    "depth_reuse_interval": 1,
    "conf_sha256": "679341c6d0d9db4d",
    "metric_sha256": "4611fd0af2195166",
    "gpu_contention": false,
    "timestamp": "2026-07-14T12:24:09",
    "run_name": "gt-stereo-baseline-core",
    "cuda_graph": true,
    "cuda_graph_captured": true,
    "name": "aigen-cogvideox-rain",
    "description": "AI-generated child running through heavy rain, with a moving human silhouette, translucent rain streaks, splashes, atmospheric blur and low-contrast depth layers.",
    "content_type": "ai-generated",
    "dataset": "CogVideoX official gallery",
    "required_gt_depth": false,
    "required_gt_flow": false,
    "homepage": "https://github.com/zai-org/CogVideo",
    "source_url": "https://github.com/user-attachments/assets/fe0a78e6-b669-4800-8cf0-b5f9b5145b52",
    "citation": "CogVideoX-5B official gallery, prompt 2 (boy running in rain)",
    "license_note": "Official CogVideo repository sample. The repository and CogVideoX-2B code/model are Apache-2.0; the gallery does not state a separate generated-media license.",
    "source_window": "0.500s; 24 contiguous frames at the native 8 fps and 720x480 resolution",
    "source_artifacts": "Visual inspection of frames 1, 12 and 24 found no stable white outline attached to the child. The source itself contains strong motion/defocus blur, translucent rain streaks, bright splash rims, atmospheric veiling and AI-generated temporal shape changes; these must not be attributed to stereo warping.",
    "clip_sha1": "5a3b6632212b"
  }
}