{
  "aggregate": {
    "artifact_in_hole_pct": 0.0,
    "depth_spread": 0.8403270480533441,
    "disocc_frac": 0.04486605420524692,
    "disocc_smear": 0.0,
    "edge_acc_p50": 5.75,
    "edge_acc_p95": 24.0,
    "flicker": 6.277891407842222,
    "flicker_disocc": 17.50606760771378,
    "flow_depth": 11.982754479283871,
    "flow_support": 0.736493492562929,
    "flow_temporal": 8.277757893437924,
    "hole_bad_fill_pct": 0.0,
    "hole_source_residual_p95": 8.765262792507805,
    "image_integrity_pct": 99.28765513696115,
    "negative_disparity_pct": 1.2312018206921493,
    "pop_pct_p50": 0.9777241111376168,
    "pop_px_p50": 11.124327664499107,
    "pop_px_p95": 13.448458842129554,
    "pop_spread_pct": 1.1827492711353462,
    "pop_spread_px": 13.457058373806605,
    "positive_disparity_pct": 0.0812090385646272,
    "rim_over_p50": 0.0,
    "rim_over_p95": 1.371916688978672,
    "source_coverage_pct": 100.0,
    "source_halo_p95": 1.0416667610406876,
    "source_residual_p50": 0.3657305836677551,
    "source_residual_p95": 2.5863061249256134,
    "source_stretch_pct": 1.7028158060526062,
    "source_stretch_support": 4.089759990253412,
    "static_jitter": 2.1524240400480186,
    "static_support": 0.26496175523349436,
    "stretch_area": 0.05979938271604938,
    "swim": 2.061918617590614,
    "vmisalign_pct": 0.001658526355943953,
    "vmisalign_px": 0.004687112118214524,
    "warp_hole_pct": 0.6084740300572219,
    "warp_unresolved_pct": 0.0,
    "_n": 24,
    "_models": [
      ""
    ],
    "flicker_p50": 6.565556049346924,
    "flicker_p95": 8.080630159378051,
    "flicker_disocc_p50": 19.656782150268555,
    "flicker_disocc_p95": 25.7018892288208,
    "swim_p50": 1.1595343351364136,
    "swim_p95": 5.622956371307371,
    "static_jitter_p50": 2.0711889266967773,
    "static_jitter_p95": 2.4766553640365596,
    "flow_temporal_p50": 8.28175163269043,
    "flow_temporal_p95": 9.697017097473145,
    "flow_depth_p50": 9.049541473388672,
    "flow_depth_p95": 22.378143692016597,
    "q_clean": 86.5,
    "q_depth": 47.3,
    "score": 86.5
  },
  "perf_ms": {
    "depth_infer": 1.8743,
    "sbs_composite_cpu": 0.0072,
    "warp_infer": 0.016192
  },
  "meta": {
    "git_sha": "1e1ff805",
    "git_dirty": true,
    "clip_set_sha1": {
      "aigen_cogvideox_rain": "5a3b6632212b",
      "anime_morevna_closeup": "e44f93df938a",
      "c339": "db5f34629467",
      "c525": "b3b3400d5e3b",
      "c647": "dfff8c7b9459",
      "c747": "1ff2aa060c61",
      "c841": "e1afc2353d88",
      "fast_motion": "5ac142ec4eff",
      "flat_page": "a839c5fb2d32",
      "flat_transition": "2f5bde33326b",
      "scene_cut": "c912fa5c33a7"
    },
    "mode": "profile",
    "suite": "core",
    "clips_root": "E:\\Git\\Repo\\Apollo-3D\\tools\\sbsbench\\clips",
    "extra_args": [],
    "conf": "tools\\sbsbench\\bench.conf",
    "model": "depth_anything_v2_fp16",
    "profile": "vd3d",
    "warp": "vd3d",
    "literal_bestv2": false,
    "eval_schema": 12,
    "depth_step": "current-once",
    "depth_reuse_interval": 1,
    "conf_sha256": "da08885f8dd3cd82",
    "metric_sha256": "a326ddae1c56ee7b",
    "gpu_contention": false,
    "timestamp": "2026-07-12T10:08:43",
    "run_name": "evalv12-baseline-core",
    "name": "aigen-cogvideox-rain",
    "description": "AI-generated child running through heavy rain, with a moving human silhouette, translucent rain streaks, splashes, atmospheric blur and low-contrast depth layers.",
    "content_type": "ai-generated",
    "dataset": "CogVideoX official gallery",
    "required_gt_depth": false,
    "required_gt_flow": false,
    "homepage": "https://github.com/zai-org/CogVideo",
    "source_url": "https://github.com/user-attachments/assets/fe0a78e6-b669-4800-8cf0-b5f9b5145b52",
    "citation": "CogVideoX-5B official gallery, prompt 2 (boy running in rain)",
    "license_note": "Official CogVideo repository sample. The repository and CogVideoX-2B code/model are Apache-2.0; the gallery does not state a separate generated-media license.",
    "source_window": "0.500s; 24 contiguous frames at the native 8 fps and 720x480 resolution",
    "source_artifacts": "Visual inspection of frames 1, 12 and 24 found no stable white outline attached to the child. The source itself contains strong motion/defocus blur, translucent rain streaks, bright splash rims, atmospheric veiling and AI-generated temporal shape changes; these must not be attributed to stereo warping.",
    "clip_sha1": "5a3b6632212b"
  }
}