{
  "aggregate": {
    "artifact_in_hole_pct": 4.166666666666667,
    "depth_spread": 0.8412685928245386,
    "disocc_frac": 0.04339566454475308,
    "disocc_smear": 0.0,
    "edge_acc_p50": 6.333333333333333,
    "edge_acc_p95": 24.0,
    "flicker": 6.251926142236461,
    "flicker_disocc": 17.755586644877557,
    "flow_depth": 12.001034467116646,
    "flow_support": 0.736493492562929,
    "flow_temporal": 8.24831019277158,
    "hole_bad_fill_pct": 0.005425347222222223,
    "hole_source_residual_p95": 5.898877547184625,
    "image_integrity_pct": 99.22225151595043,
    "negative_disparity_pct": 1.2305637257725266,
    "pop_pct_p50": 1.0067502825077699,
    "pop_px_p50": 11.454580992088403,
    "pop_px_p95": 13.331500021459002,
    "pop_spread_pct": 1.1807732252461267,
    "pop_spread_px": 13.434575362800373,
    "positive_disparity_pct": 0.0031177926686590243,
    "rim_over_p50": 0.0,
    "rim_over_p95": 1.095207539697488,
    "source_coverage_pct": 99.99764195434824,
    "source_halo_p95": 1.08333358168602,
    "source_residual_p50": 0.3519338760524988,
    "source_residual_p95": 2.5678018083175025,
    "source_stretch_pct": 1.7065355469414492,
    "source_stretch_support": 4.002573708576999,
    "static_jitter": 2.1250843949939893,
    "static_support": 0.26496175523349436,
    "stretch_area": 0.051721643518518524,
    "swim": 2.0611574675725852,
    "vmisalign_pct": 0.0013555277352376531,
    "vmisalign_px": 0.004212956892539903,
    "warp_hole_pct": 0.6937566811293467,
    "_n": 24,
    "_models": [
      ""
    ],
    "flicker_p50": 6.534988880157471,
    "flicker_p95": 8.056782150268555,
    "flicker_disocc_p50": 20.269371032714844,
    "flicker_disocc_p95": 25.716548347473143,
    "swim_p50": 1.1595324277877808,
    "swim_p95": 5.622567653656004,
    "static_jitter_p50": 2.07218074798584,
    "static_jitter_p95": 2.4116774559020993,
    "flow_temporal_p50": 8.199663162231445,
    "flow_temporal_p95": 9.674463939666747,
    "flow_depth_p50": 9.055621147155762,
    "flow_depth_p95": 22.42117500305175,
    "q_clean": 86.6,
    "q_depth": 47.2,
    "score": 86.6
  },
  "perf_ms": {
    "depth_infer": 1.8993,
    "sbs_composite_cpu": 0.0061,
    "warp_infer": 0.129632
  },
  "meta": {
    "git_sha": "5c7f3e38",
    "git_dirty": true,
    "clip_set_sha1": {
      "aigen_cogvideox_rain": "5a3b6632212b",
      "anime_morevna_closeup": "e44f93df938a",
      "c339": "db5f34629467",
      "c525": "b3b3400d5e3b",
      "c647": "dfff8c7b9459",
      "c747": "1ff2aa060c61",
      "c841": "e1afc2353d88",
      "fast_motion": "5ac142ec4eff",
      "flat_page": "a839c5fb2d32",
      "flat_transition": "2f5bde33326b",
      "scene_cut": "c912fa5c33a7"
    },
    "mode": "profile",
    "suite": "core",
    "clips_root": "E:\\Git\\Repo\\Apollo-3D\\tools\\sbsbench\\clips",
    "extra_args": [],
    "conf": "tools\\sbsbench\\bench.conf",
    "model": "depth_anything_v2_fp16",
    "profile": "apollo",
    "literal_bestv2": false,
    "depth_compensation": "none",
    "eval_schema": 18,
    "depth_step": "current-once",
    "depth_reuse_interval": 1,
    "conf_sha256": "679341c6d0d9db4d",
    "metric_sha256": "b5cd2854f4b2144d",
    "gpu_contention": false,
    "timestamp": "2026-07-12T19:30:14",
    "run_name": "evalv18-apollo-core",
    "name": "aigen-cogvideox-rain",
    "description": "AI-generated child running through heavy rain, with a moving human silhouette, translucent rain streaks, splashes, atmospheric blur and low-contrast depth layers.",
    "content_type": "ai-generated",
    "dataset": "CogVideoX official gallery",
    "required_gt_depth": false,
    "required_gt_flow": false,
    "homepage": "https://github.com/zai-org/CogVideo",
    "source_url": "https://github.com/user-attachments/assets/fe0a78e6-b669-4800-8cf0-b5f9b5145b52",
    "citation": "CogVideoX-5B official gallery, prompt 2 (boy running in rain)",
    "license_note": "Official CogVideo repository sample. The repository and CogVideoX-2B code/model are Apache-2.0; the gallery does not state a separate generated-media license.",
    "source_window": "0.500s; 24 contiguous frames at the native 8 fps and 720x480 resolution",
    "source_artifacts": "Visual inspection of frames 1, 12 and 24 found no stable white outline attached to the child. The source itself contains strong motion/defocus blur, translucent rain streaks, bright splash rims, atmospheric veiling and AI-generated temporal shape changes; these must not be attributed to stereo warping.",
    "clip_sha1": "5a3b6632212b"
  }
}