{
  "aggregate": {
    "artifact_in_hole_pct": 0.0,
    "depth_spread": 0.8753079995512962,
    "disocc_frac": 0.043664641203703704,
    "disocc_smear": 0.0,
    "edge_acc_p50": 6.416666666666667,
    "edge_acc_p95": 24.0,
    "flicker": 6.249635281770126,
    "flicker_disocc": 17.677858497785486,
    "flow_depth": 9.704619697902514,
    "flow_support": 0.736493492562929,
    "flow_temporal": 8.325552276943041,
    "hole_bad_fill_pct": 0.0,
    "hole_source_residual_p95": 6.154679876565932,
    "image_integrity_pct": 99.26800316539172,
    "negative_disparity_pct": 1.2323487689718604,
    "pop_pct_p50": 1.0357897379388128,
    "pop_px_p50": 11.784985462770495,
    "pop_px_p95": 13.901947751612974,
    "pop_spread_pct": 1.21059719703061,
    "pop_spread_px": 13.77390588621494,
    "positive_disparity_pct": 0.0017028411626924887,
    "rim_over_p50": 0.0,
    "rim_over_p95": 1.09217885384957,
    "source_coverage_pct": 100.0,
    "source_halo_p95": 1.1250005165735881,
    "source_residual_p50": 0.3841029492517312,
    "source_residual_p95": 2.754692872365316,
    "source_stretch_pct": 1.7343947156746304,
    "source_stretch_support": 4.045786123294348,
    "static_jitter": 2.1176861939222915,
    "static_support": 0.26496175523349436,
    "stretch_area": 0.0642602237654321,
    "swim": 1.4897649404795275,
    "vmisalign_pct": 0.001584406854817644,
    "vmisalign_px": 0.004121231303239862,
    "warp_hole_pct": 0.6408971577689745,
    "_n": 24,
    "_models": [
      ""
    ],
    "flicker_p50": 6.540271282196045,
    "flicker_p95": 8.055657815933227,
    "flicker_disocc_p50": 20.209266662597656,
    "flicker_disocc_p95": 25.71381607055664,
    "swim_p50": 1.0739288330078125,
    "swim_p95": 4.369261479377745,
    "static_jitter_p50": 2.07218074798584,
    "static_jitter_p95": 2.481339144706726,
    "flow_temporal_p50": 8.26846694946289,
    "flow_temporal_p95": 9.760801029205322,
    "flow_depth_p50": 7.898794174194336,
    "flow_depth_p95": 18.464532184600824,
    "q_clean": 86.3,
    "q_depth": 48.4,
    "score": 86.3
  },
  "perf_ms": {
    "depth_infer": 1.37837,
    "depth_postprocess_gpu": 0.080224,
    "depth_preprocess_gpu": 0.12976,
    "sbs_composite_cpu": 0.0044,
    "warp_infer": 0.054272
  },
  "meta": {
    "git_sha": "e15f08f1",
    "git_dirty": true,
    "clip_set_sha1": {
      "aigen_cogvideox_rain": "5a3b6632212b",
      "anime_morevna_closeup": "e44f93df938a",
      "c339": "db5f34629467",
      "c525": "b3b3400d5e3b",
      "c647": "dfff8c7b9459",
      "c747": "1ff2aa060c61",
      "c841": "e1afc2353d88",
      "fast_motion": "5ac142ec4eff",
      "flat_page": "a839c5fb2d32",
      "flat_transition": "2f5bde33326b",
      "scene_cut": "c912fa5c33a7"
    },
    "mode": "profile",
    "suite": "core",
    "clips_root": "E:\\Git\\Repo\\Apollo-3D\\tools\\sbsbench\\clips",
    "extra_args": [],
    "conf": "tools\\sbsbench\\bench.conf",
    "model": "depth_anything_v2_fp16",
    "profile": "apollo",
    "adaptive_pop": true,
    "adaptive_pop_max": 1.3,
    "zero_plane": "legacy",
    "literal_bestv2": false,
    "depth_compensation": "none",
    "eval_schema": 26,
    "depth_step": "current-once",
    "depth_reuse_interval": 1,
    "conf_sha256": "679341c6d0d9db4d",
    "metric_sha256": "bb8f6540c80451a4",
    "executable_sha256": "486322e71404be5f24c8875968b343f18ebb2856304aab6198a02d15b8db4f5b",
    "runtime_shader_sha256": "0d7165f0f96f77ed197bcb0ac5641fcba1d044df1268ea5ed8be90e65e1365ca",
    "engine_name": "depth_anything_v2_fp16.trt-opt770x434-level5-v2.trt11_1_0-sm120-gpuec0860237209d3fe-onnx2df6223f206b5164e21f664ace61dabeb9bb6a49b8b5a3e00510b4807d0f5b04.engine",
    "engine_sha256": "e54fe5b921df85b65cba29be6ef7e4cbb0c51b90b0f850947eba22521a290f28",
    "onnx_sha256": "2df6223f206b5164e21f664ace61dabeb9bb6a49b8b5a3e00510b4807d0f5b04",
    "gpu_contention": false,
    "run_kind": "baseline-update",
    "timestamp": "2026-07-17T18:50:21",
    "run_name": "review-fix26-baseline-core",
    "cuda_graph": true,
    "cuda_graph_captured": true,
    "source_frame_count": 24,
    "name": "aigen-cogvideox-rain",
    "description": "AI-generated child running through heavy rain, with a moving human silhouette, translucent rain streaks, splashes, atmospheric blur and low-contrast depth layers.",
    "content_type": "ai-generated",
    "dataset": "CogVideoX official gallery",
    "required_gt_depth": false,
    "required_gt_flow": false,
    "homepage": "https://github.com/zai-org/CogVideo",
    "source_url": "https://github.com/user-attachments/assets/fe0a78e6-b669-4800-8cf0-b5f9b5145b52",
    "citation": "CogVideoX-5B official gallery, prompt 2 (boy running in rain)",
    "license_note": "Official CogVideo repository sample. The repository and CogVideoX-2B code/model are Apache-2.0; the gallery does not state a separate generated-media license.",
    "source_window": "0.500s; 24 contiguous frames at the native 8 fps and 720x480 resolution",
    "source_artifacts": "Visual inspection of frames 1, 12 and 24 found no stable white outline attached to the child. The source itself contains strong motion/defocus blur, translucent rain streaks, bright splash rims, atmospheric veiling and AI-generated temporal shape changes; these must not be attributed to stereo warping.",
    "clip_sha1": "5a3b6632212b"
  }
}