{
  "aggregate": {
    "artifact_in_hole_pct": 4.166666666666667,
    "depth_spread": 0.8412393120427927,
    "disocc_frac": 0.04335973668981482,
    "disocc_smear": 0.0,
    "edge_acc_p50": 6.375,
    "edge_acc_p95": 24.0,
    "flicker": 6.252618229907492,
    "flicker_disocc": 17.746075816776443,
    "flow_depth": 12.002653142680293,
    "flow_support": 0.736493492562929,
    "flow_temporal": 8.31189429241678,
    "hole_bad_fill_pct": 0.005099959200326397,
    "hole_source_residual_p95": 6.079893256227174,
    "image_integrity_pct": 99.28646934460888,
    "negative_disparity_pct": 1.2345803573771263,
    "pop_pct_p50": 0.9793160519779068,
    "pop_px_p50": 11.142440413615297,
    "pop_px_p95": 13.743583319055892,
    "pop_spread_pct": 1.2241041483520423,
    "pop_spread_px": 13.927584976805457,
    "positive_disparity_pct": 0.0027897615233322924,
    "rim_over_p50": 0.0,
    "rim_over_p95": 1.0866796299815178,
    "source_coverage_pct": 99.99528390869648,
    "source_halo_p95": 1.1395833864808083,
    "source_residual_p50": 0.3750402939816316,
    "source_residual_p95": 2.689796268939972,
    "source_stretch_pct": 1.6130040924280993,
    "source_stretch_support": 3.9956254568713447,
    "static_jitter": 2.133928791336391,
    "static_support": 0.26496175523349436,
    "stretch_area": 0.05377121913580246,
    "swim": 2.0621719852737757,
    "vmisalign_pct": 0.0014704283967148513,
    "vmisalign_px": 0.0037140907176459828,
    "warp_hole_pct": 0.6328405017921147,
    "_n": 24,
    "_models": [
      ""
    ],
    "flicker_p50": 6.5382184982299805,
    "flicker_p95": 8.057260990142822,
    "flicker_disocc_p50": 20.219810485839844,
    "flicker_disocc_p95": 25.751354980468747,
    "swim_p50": 1.1595324277877808,
    "swim_p95": 5.623345851898192,
    "static_jitter_p50": 2.072188377380371,
    "static_jitter_p95": 2.415276551246643,
    "flow_temporal_p50": 8.28695297241211,
    "flow_temporal_p95": 9.77442741394043,
    "flow_depth_p50": 9.0552978515625,
    "flow_depth_p95": 22.429319190978998,
    "q_clean": 86.4,
    "q_depth": 49.0,
    "score": 86.4
  },
  "perf_ms": {
    "depth_infer": 1.38125,
    "depth_postprocess_gpu": 0.070528,
    "depth_preprocess_gpu": 0.102208,
    "sbs_composite_cpu": 0.0041,
    "warp_infer": 0.054688
  },
  "meta": {
    "git_sha": "b3d7bd33",
    "git_dirty": true,
    "clip_set_sha1": {
      "aigen_cogvideox_rain": "5a3b6632212b",
      "anime_morevna_closeup": "e44f93df938a",
      "c339": "db5f34629467",
      "c525": "b3b3400d5e3b",
      "c647": "dfff8c7b9459",
      "c747": "1ff2aa060c61",
      "c841": "e1afc2353d88",
      "fast_motion": "5ac142ec4eff",
      "flat_page": "a839c5fb2d32",
      "flat_transition": "2f5bde33326b",
      "scene_cut": "c912fa5c33a7"
    },
    "mode": "profile",
    "suite": "core",
    "clips_root": "E:\\Git\\Repo\\Apollo-3D\\tools\\sbsbench\\clips",
    "extra_args": [],
    "conf": "tools\\sbsbench\\bench.conf",
    "model": "depth_anything_v2_fp16",
    "profile": "apollo",
    "adaptive_pop": true,
    "adaptive_pop_max": 1.3,
    "literal_bestv2": false,
    "depth_compensation": "none",
    "eval_schema": 22,
    "depth_step": "current-once",
    "depth_reuse_interval": 1,
    "conf_sha256": "679341c6d0d9db4d",
    "metric_sha256": "7107823751182d07",
    "gpu_contention": false,
    "timestamp": "2026-07-14T14:39:31",
    "run_name": "art-validity-core",
    "cuda_graph": true,
    "cuda_graph_captured": true,
    "name": "aigen-cogvideox-rain",
    "description": "AI-generated child running through heavy rain, with a moving human silhouette, translucent rain streaks, splashes, atmospheric blur and low-contrast depth layers.",
    "content_type": "ai-generated",
    "dataset": "CogVideoX official gallery",
    "required_gt_depth": false,
    "required_gt_flow": false,
    "homepage": "https://github.com/zai-org/CogVideo",
    "source_url": "https://github.com/user-attachments/assets/fe0a78e6-b669-4800-8cf0-b5f9b5145b52",
    "citation": "CogVideoX-5B official gallery, prompt 2 (boy running in rain)",
    "license_note": "Official CogVideo repository sample. The repository and CogVideoX-2B code/model are Apache-2.0; the gallery does not state a separate generated-media license.",
    "source_window": "0.500s; 24 contiguous frames at the native 8 fps and 720x480 resolution",
    "source_artifacts": "Visual inspection of frames 1, 12 and 24 found no stable white outline attached to the child. The source itself contains strong motion/defocus blur, translucent rain streaks, bright splash rims, atmospheric veiling and AI-generated temporal shape changes; these must not be attributed to stereo warping.",
    "clip_sha1": "5a3b6632212b"
  }
}