{
  "aggregate": {
    "artifact_in_hole_pct": 4.166666666666667,
    "depth_spread": 0.8411807877322038,
    "disocc_frac": 0.04337058738425925,
    "disocc_smear": 0.0,
    "edge_acc_p50": 6.333333333333333,
    "edge_acc_p95": 24.0,
    "exact_pop_spread_pct": 1.1977621929006421,
    "flicker": 6.252635437509288,
    "flicker_disocc": 17.7404058083244,
    "flow_depth": 12.000573614369268,
    "flow_support": 0.736493492562929,
    "flow_temporal": 8.312496102374533,
    "hole_bad_fill_pct": 0.005137690094533498,
    "hole_source_residual_p95": 6.062985044717787,
    "image_integrity_pct": 99.26669749620136,
    "image_negative_disparity_pct": 1.224862049228932,
    "image_positive_disparity_pct": 0.00086049362314617,
    "negative_disparity_pct": 1.2677283710218035,
    "pop_pct_p50": 0.9777998476475945,
    "pop_px_p50": 11.125189377679298,
    "pop_px_p95": 13.743912888205843,
    "pop_spread_pct": 1.2241136747096926,
    "pop_spread_px": 13.927693365585833,
    "positive_disparity_pct": 0.021116030984558165,
    "rim_over_p50": 0.0,
    "rim_over_p95": 1.0893534099062283,
    "source_coverage_pct": 99.99528390869648,
    "source_halo_p95": 1.1291666775941849,
    "source_residual_p50": 0.3750402939816316,
    "source_residual_p95": 2.689799656470617,
    "source_stretch_pct": 1.620690247363762,
    "source_stretch_support": 4.001907437865497,
    "static_jitter": 2.13392870840819,
    "static_support": 0.26496175523349436,
    "stretch_area": 0.05377121913580246,
    "swim": 2.061918520409128,
    "vmisalign_pct": 0.0014658192230854183,
    "vmisalign_px": 0.0036824904697520346,
    "warp_hole_pct": 0.633233509400742,
    "_n": 24,
    "_models": [
      ""
    ],
    "flicker_p50": 6.538193702697754,
    "flicker_p95": 8.05726008415222,
    "flicker_disocc_p50": 20.203245162963867,
    "flicker_disocc_p95": 25.726699829101562,
    "swim_p50": 1.155643343925476,
    "swim_p95": 5.622956752777098,
    "static_jitter_p50": 2.072188377380371,
    "static_jitter_p95": 2.415279984474182,
    "flow_temporal_p50": 8.28695297241211,
    "flow_temporal_p95": 9.774541759490967,
    "flow_depth_p50": 9.060564041137695,
    "flow_depth_p95": 22.432534217834466,
    "q_clean": 86.4,
    "q_depth": 47.9,
    "score": 86.4
  },
  "perf_ms": {
    "depth_infer": 1.42435,
    "depth_postprocess_gpu": 0.070528,
    "depth_preprocess_gpu": 0.148768,
    "sbs_composite_cpu": 3.8374,
    "warp_infer": 3.71603
  },
  "meta": {
    "git_sha": "e15f08f1",
    "git_dirty": true,
    "run_kind": "baseline_gate",
    "baseline_identities": {},
    "clip_set_sha1": {
      "aigen_cogvideox_rain": "5a3b6632212b",
      "anime_morevna_closeup": "e44f93df938a",
      "c339": "db5f34629467",
      "c525": "b3b3400d5e3b",
      "c647": "dfff8c7b9459",
      "c747": "1ff2aa060c61",
      "c841": "e1afc2353d88",
      "fast_motion": "5ac142ec4eff",
      "flat_page": "a839c5fb2d32",
      "flat_transition": "2f5bde33326b",
      "scene_cut": "c912fa5c33a7"
    },
    "mode": "profile",
    "suite": "core",
    "clips_root": "E:\\Git\\Repo\\Apollo-3D\\tools\\sbsbench\\clips",
    "extra_args": [],
    "conf": "tools\\sbsbench\\bench.conf",
    "model": "depth_anything_v2_fp16",
    "profile": "apollo",
    "adaptive_pop": true,
    "adaptive_pop_max": 1.3,
    "pop_strength": 1.25,
    "ema": 0.5,
    "ema_edge_change": 0.05,
    "ema_edge_gradient": 0.02,
    "ema_edge_strength": 0.25,
    "minmax_ema": 0.18,
    "subject_lock": 0.5,
    "subject_recenter": 0.35,
    "subject_stretch": true,
    "depth_short_side": 432,
    "depth_max_aspect": 4,
    "zero_plane": "legacy",
    "cuda_graph": true,
    "artistic_style": "immersive",
    "artistic_policy": true,
    "artistic_policy_consumed": false,
    "artistic_policy_authorization": "none",
    "model_onnx_sha256": "",
    "policy_metadata_sha256": "",
    "deployment_geometry_allowlist_sha256": "",
    "artistic_scale_override": 0,
    "output_interval": 1,
    "output_gt_right_only": false,
    "literal_bestv2": false,
    "depth_compensation": "none",
    "eval_schema": 29,
    "depth_step": "current-once",
    "depth_reuse_interval": 1,
    "conf_sha256": "679341c6d0d9db4d",
    "metric_sha256": "88028fadef928b53",
    "policy_warp_source_sha256": "86889c3f389a4c54ebcf0262f479ec71aadd81c42847a50bb39bf2fcce2fd132",
    "gpu_contention": false,
    "timestamp": "2026-07-15T13:07:58",
    "run_name": "eval29-required-evidence-core-baseline",
    "depth_override_frames": 0,
    "harness_schema": 24,
    "source_width": 720,
    "source_height": 480,
    "model_input_width": 658,
    "model_input_height": 434,
    "eye_width": 720,
    "eye_height": 480,
    "color_mode": "sdr-srgb-8bit",
    "content_scale_x": 1,
    "content_scale_y": 1,
    "disparity_raster_width": 720,
    "disparity_raster_height": 480,
    "artifact_mode": "full",
    "warp_disparity": "exact_clamped_full_binocular_normalized_at_output_eye_raster_zero_bars",
    "warp_unclamped_disparity": "unclamped_full_binocular_normalized_at_artistic_scale_1_output_eye_raster_zero_bars",
    "artistic_disparity_contract": "clamp(raw_baseline_times_scale_to_plus_or_minus_0.142_times_aspect_scale_times_content_scale_x)",
    "artistic_full_clamp_abs": 0.224395066,
    "warp_mask": {
      "red": "forward_disocclusion_before_fill"
    },
    "cuda_graph_captured": true,
    "name": "aigen-cogvideox-rain",
    "description": "AI-generated child running through heavy rain, with a moving human silhouette, translucent rain streaks, splashes, atmospheric blur and low-contrast depth layers.",
    "content_type": "ai-generated",
    "dataset": "CogVideoX official gallery",
    "required_gt_depth": false,
    "required_gt_flow": false,
    "homepage": "https://github.com/zai-org/CogVideo",
    "source_url": "https://github.com/user-attachments/assets/fe0a78e6-b669-4800-8cf0-b5f9b5145b52",
    "citation": "CogVideoX-5B official gallery, prompt 2 (boy running in rain)",
    "license_note": "Official CogVideo repository sample. The repository and CogVideoX-2B code/model are Apache-2.0; the gallery does not state a separate generated-media license.",
    "source_window": "0.500s; 24 contiguous frames at the native 8 fps and 720x480 resolution",
    "source_artifacts": "Visual inspection of frames 1, 12 and 24 found no stable white outline attached to the child. The source itself contains strong motion/defocus blur, translucent rain streaks, bright splash rims, atmospheric veiling and AI-generated temporal shape changes; these must not be attributed to stereo warping.",
    "clip_sha1": "5a3b6632212b"
  }
}