{
  "aggregate": {
    "artifact_in_hole_pct": 24.822250194227962,
    "depth_spread": 0.8577560409903526,
    "disocc_frac": 0.039695143767889664,
    "disocc_smear": 0.0,
    "edge_acc_p50": 1.0,
    "edge_acc_p95": 24.0,
    "exact_pop_spread_pct": 1.0434653731311414,
    "flicker": 2.571583758229795,
    "flicker_disocc": 5.289963991745658,
    "flow_depth": 6.94618500833926,
    "flow_support": 0.9639296969353867,
    "flow_temporal": 3.6718929332235586,
    "hole_bad_fill_pct": 3.5717720953212386,
    "hole_source_residual_p95": 20.80032680829365,
    "image_integrity_pct": 98.48198398576513,
    "image_negative_disparity_pct": 1.3220451879601314,
    "image_positive_disparity_pct": 0.0,
    "negative_disparity_pct": 1.3586877008128795,
    "pop_pct_p50": 0.7626499198516491,
    "pop_px_p50": 8.677261310312096,
    "pop_px_p95": 14.909839956285937,
    "pop_spread_pct": 0.9778391578272956,
    "pop_spread_px": 11.125636640168343,
    "positive_disparity_pct": 0.0,
    "rim_over_p50": 0.0,
    "rim_over_p95": 5.321305116017659,
    "source_coverage_pct": 99.36715949820788,
    "source_halo_p95": 6.241666873296102,
    "source_residual_p50": 0.7963391343752543,
    "source_residual_p95": 10.421300768852234,
    "source_stretch_pct": 7.321057903925111,
    "source_stretch_support": 7.031928168402779,
    "static_jitter": 1.4417745859726616,
    "static_support": 0.37985418151579947,
    "stretch_area": 1.2399777192297685,
    "swim": 1.7648439951564954,
    "vmisalign_pct": 0.00793211938192447,
    "vmisalign_px": 0.024415047936296713,
    "warp_hole_pct": 0.8234860364396654,
    "_n": 24,
    "_models": [
      ""
    ],
    "flicker_p50": 2.390491485595703,
    "flicker_p95": 3.02783944606781,
    "flicker_disocc_p50": 4.7777204513549805,
    "flicker_disocc_p95": 5.991354894638061,
    "swim_p50": 0.9143981337547302,
    "swim_p95": 6.177042508125301,
    "static_jitter_p50": 1.2900079488754272,
    "static_jitter_p95": 1.709999442100525,
    "flow_temporal_p50": 3.4449751377105713,
    "flow_temporal_p95": 3.8066504716873166,
    "flow_depth_p50": 2.6349382400512695,
    "flow_depth_p95": 28.836907005310035,
    "q_clean": 77.4,
    "q_depth": 41.7,
    "score": 77.4
  },
  "perf_ms": {
    "depth_infer": 1.49539,
    "depth_postprocess_gpu": 0.07056,
    "depth_preprocess_gpu": 0.181792,
    "sbs_composite_cpu": 4.2832,
    "warp_infer": 4.18176
  },
  "meta": {
    "git_sha": "e15f08f1",
    "git_dirty": true,
    "run_kind": "baseline_gate",
    "baseline_identities": {},
    "clip_set_sha1": {
      "aigen_cogvideox_rain": "5a3b6632212b",
      "anime_morevna_closeup": "e44f93df938a",
      "c339": "db5f34629467",
      "c525": "b3b3400d5e3b",
      "c647": "dfff8c7b9459",
      "c747": "1ff2aa060c61",
      "c841": "e1afc2353d88",
      "fast_motion": "5ac142ec4eff",
      "flat_page": "a839c5fb2d32",
      "flat_transition": "2f5bde33326b",
      "scene_cut": "c912fa5c33a7"
    },
    "mode": "profile",
    "suite": "core",
    "clips_root": "E:\\Git\\Repo\\Apollo-3D\\tools\\sbsbench\\clips",
    "extra_args": [],
    "conf": "tools\\sbsbench\\bench.conf",
    "model": "depth_anything_v2_fp16",
    "profile": "apollo",
    "adaptive_pop": true,
    "adaptive_pop_max": 1.3,
    "pop_strength": 1.25,
    "ema": 0.5,
    "ema_edge_change": 0.05,
    "ema_edge_gradient": 0.02,
    "ema_edge_strength": 0.25,
    "minmax_ema": 0.18,
    "subject_lock": 0.5,
    "subject_recenter": 0.35,
    "subject_stretch": true,
    "depth_short_side": 432,
    "depth_max_aspect": 4,
    "zero_plane": "legacy",
    "cuda_graph": true,
    "artistic_style": "immersive",
    "artistic_policy": true,
    "artistic_policy_consumed": false,
    "artistic_policy_authorization": "none",
    "model_onnx_sha256": "",
    "policy_metadata_sha256": "",
    "deployment_geometry_allowlist_sha256": "",
    "artistic_scale_override": 0,
    "output_interval": 1,
    "output_gt_right_only": false,
    "literal_bestv2": false,
    "depth_compensation": "none",
    "eval_schema": 29,
    "depth_step": "current-once",
    "depth_reuse_interval": 1,
    "conf_sha256": "679341c6d0d9db4d",
    "metric_sha256": "88028fadef928b53",
    "policy_warp_source_sha256": "86889c3f389a4c54ebcf0262f479ec71aadd81c42847a50bb39bf2fcce2fd132",
    "gpu_contention": false,
    "timestamp": "2026-07-15T13:07:58",
    "run_name": "eval29-required-evidence-core-baseline",
    "depth_override_frames": 0,
    "harness_schema": 24,
    "source_width": 854,
    "source_height": 480,
    "model_input_width": 770,
    "model_input_height": 434,
    "eye_width": 854,
    "eye_height": 480,
    "color_mode": "sdr-srgb-8bit",
    "content_scale_x": 1,
    "content_scale_y": 1,
    "disparity_raster_width": 854,
    "disparity_raster_height": 480,
    "artifact_mode": "full",
    "warp_disparity": "exact_clamped_full_binocular_normalized_at_output_eye_raster_zero_bars",
    "warp_unclamped_disparity": "unclamped_full_binocular_normalized_at_artistic_scale_1_output_eye_raster_zero_bars",
    "artistic_disparity_contract": "clamp(raw_baseline_times_scale_to_plus_or_minus_0.142_times_aspect_scale_times_content_scale_x)",
    "artistic_full_clamp_abs": 0.18918553,
    "warp_mask": {
      "red": "forward_disocclusion_before_fill"
    },
    "cuda_graph_captured": true,
    "name": "anime-morevna-closeup",
    "description": "Cel-anime face close-up with blinking eyes, fine ink lines, flat-color regions and a textured rubble background.",
    "content_type": "anime",
    "dataset": "Morevna Project Demo",
    "required_gt_depth": false,
    "required_gt_flow": false,
    "homepage": "https://morevnaproject.org/anime/demo/",
    "source_url": "https://archive.org/download/TheBeautifulQueenMaryaMorevnaDemo/demo-20121110-final-1920x1080.avi",
    "citation": "Morevna Project Demo, directed by Konstantin Dmitriev",
    "license_note": "Visual parts are CC BY 3.0; the film's music has separate CC BY-NC-SA 3.0 terms. Evaluation stores silent extracted frames only.",
    "source_window": "72.000s; 24 contiguous frames at 24 fps; Lanczos downscale from 1920x1080 to 854x480",
    "source_artifacts": "Visual inspection of frames 1, 12 and 24 found no bright halo or white fringe around the character. Black contour lines, white clothing, hair highlights and antialiased ink edges are intentional source content; mild video compression remains around fine rubble lines.",
    "clip_sha1": "e44f93df938a"
  }
}