{
  "aggregate": {
    "artifact_in_hole_pct": 24.253499868880663,
    "depth_spread": 0.8572995116313299,
    "disocc_frac": 0.03825248422456414,
    "disocc_smear": 0.0,
    "edge_acc_p50": 1.0,
    "edge_acc_p95": 24.0,
    "flicker": 2.577114488767541,
    "flicker_disocc": 5.004906115324601,
    "flow_depth": 6.947652526523756,
    "flow_support": 0.9639296969353867,
    "flow_temporal": 3.646006138428398,
    "hole_bad_fill_pct": 3.854464766273132,
    "hole_source_residual_p95": 21.806747810045874,
    "image_integrity_pct": 98.61999888709587,
    "negative_disparity_pct": 1.3134475530223215,
    "pop_pct_p50": 0.8352585380600472,
    "pop_px_p50": 9.50338603303876,
    "pop_px_p95": 14.354076111414614,
    "pop_spread_pct": 0.933664984998742,
    "pop_spread_px": 10.623032718207908,
    "positive_disparity_pct": 0.0,
    "rim_over_p50": 0.0,
    "rim_over_p95": 5.591804504394531,
    "source_coverage_pct": 99.36435931899642,
    "source_halo_p95": 5.775000015894572,
    "source_residual_p50": 0.6343221900363764,
    "source_residual_p95": 10.478907028834024,
    "source_stretch_pct": 6.5285972794081575,
    "source_stretch_support": 6.922064887152778,
    "static_jitter": 1.4341763361640598,
    "static_support": 0.37985418151579947,
    "stretch_area": 1.0533559393702836,
    "swim": 1.7658595494602038,
    "vmisalign_pct": 0.008005793594444791,
    "vmisalign_px": 0.023375473353856552,
    "warp_hole_pct": 0.7353970654121863,
    "warp_unresolved_pct": 0.0,
    "_n": 24,
    "_models": [
      ""
    ],
    "flicker_p50": 2.434501886367798,
    "flicker_p95": 3.0116484642028807,
    "flicker_disocc_p50": 4.590602874755859,
    "flicker_disocc_p95": 5.9333434104919425,
    "swim_p50": 0.9143905639648438,
    "swim_p95": 6.184824490547176,
    "static_jitter_p50": 1.4252009391784668,
    "static_jitter_p95": 1.6969992041587827,
    "flow_temporal_p50": 3.4438135623931885,
    "flow_temporal_p95": 3.770546054840088,
    "flow_depth_p50": 2.6388673782348633,
    "flow_depth_p95": 28.860058307647684,
    "q_clean": 78.4,
    "q_depth": 37.3,
    "score": 78.4
  },
  "perf_ms": {
    "depth_infer": 2.27424,
    "sbs_composite_cpu": 0.006,
    "warp_infer": 0.13056
  },
  "meta": {
    "git_sha": "23b1673e",
    "git_dirty": true,
    "clip_set_sha1": {
      "aigen_cogvideox_rain": "5a3b6632212b",
      "anime_morevna_closeup": "e44f93df938a",
      "c339": "db5f34629467",
      "c525": "b3b3400d5e3b",
      "c647": "dfff8c7b9459",
      "c747": "1ff2aa060c61",
      "c841": "e1afc2353d88",
      "fast_motion": "5ac142ec4eff",
      "flat_page": "a839c5fb2d32",
      "flat_transition": "2f5bde33326b",
      "scene_cut": "c912fa5c33a7"
    },
    "mode": "profile",
    "suite": "core",
    "clips_root": "E:\\Git\\Repo\\Apollo-3D\\tools\\sbsbench\\clips",
    "extra_args": [],
    "conf": "tools\\sbsbench\\bench.conf",
    "model": "depth_anything_v2_fp16",
    "profile": "apollo",
    "warp": "apollo",
    "literal_bestv2": false,
    "eval_schema": 12,
    "depth_step": "current-once",
    "depth_reuse_interval": 1,
    "conf_sha256": "679341c6d0d9db4d",
    "metric_sha256": "f35ae50931cfb1db",
    "gpu_contention": false,
    "timestamp": "2026-07-12T12:26:43",
    "run_name": "review-fix-apollo-core-clean",
    "name": "anime-morevna-closeup",
    "description": "Cel-anime face close-up with blinking eyes, fine ink lines, flat-color regions and a textured rubble background.",
    "content_type": "anime",
    "dataset": "Morevna Project Demo",
    "required_gt_depth": false,
    "required_gt_flow": false,
    "homepage": "https://morevnaproject.org/anime/demo/",
    "source_url": "https://archive.org/download/TheBeautifulQueenMaryaMorevnaDemo/demo-20121110-final-1920x1080.avi",
    "citation": "Morevna Project Demo, directed by Konstantin Dmitriev",
    "license_note": "Visual parts are CC BY 3.0; the film's music has separate CC BY-NC-SA 3.0 terms. Evaluation stores silent extracted frames only.",
    "source_window": "72.000s; 24 contiguous frames at 24 fps; Lanczos downscale from 1920x1080 to 854x480",
    "source_artifacts": "Visual inspection of frames 1, 12 and 24 found no bright halo or white fringe around the character. Black contour lines, white clothing, hair highlights and antialiased ink edges are intentional source content; mild video compression remains around fine rubble lines.",
    "clip_sha1": "e44f93df938a"
  }
}