{
  "aggregate": {
    "artifact_in_hole_pct": 28.403741761073537,
    "depth_spread": 0.8865761645138264,
    "disocc_frac": 0.04728752053671459,
    "disocc_smear": 0.0,
    "edge_acc_p50": 2.2916666666666665,
    "edge_acc_p95": 24.0,
    "flicker": 4.614063964589782,
    "flicker_disocc": 15.857459221197212,
    "flow_depth": 8.97813588121663,
    "flow_support": 0.9004137845849801,
    "flow_temporal": 2.8608579946600874,
    "hole_bad_fill_pct": 2.685987774077797,
    "hole_source_residual_p95": 21.097391845782592,
    "image_integrity_pct": 99.59601282220173,
    "negative_disparity_pct": 1.2309326804277125,
    "pop_pct_p50": 0.19449222998762553,
    "pop_px_p50": 2.2036689999190524,
    "pop_px_p95": 12.894550122006057,
    "pop_spread_pct": 1.1015486227601248,
    "pop_spread_px": 12.480953876843609,
    "positive_disparity_pct": 0.001963134094752084,
    "rim_over_p50": 0.0,
    "rim_over_p95": 4.183488915363948,
    "source_coverage_pct": 99.52909993232574,
    "source_halo_p95": 9.29583290219307,
    "source_residual_p50": 0.4491412391265233,
    "source_residual_p95": 9.013176818688711,
    "source_stretch_pct": 5.889765052990907,
    "source_stretch_support": 7.478215144230769,
    "static_jitter": 1.7366114699322244,
    "static_support": 0.7652410150054172,
    "stretch_area": 5.690160178208054,
    "swim": 1.1608020332844362,
    "vmisalign_pct": 0.0014712954637551658,
    "vmisalign_px": 0.004537555282392229,
    "warp_hole_pct": 0.5960269569140536,
    "warp_unresolved_pct": 0.0,
    "_n": 24,
    "_models": [
      ""
    ],
    "flicker_p50": 0.9272612929344177,
    "flicker_p95": 11.374425315856934,
    "flicker_disocc_p50": 3.5491392612457275,
    "flicker_disocc_p95": 40.36853675842285,
    "swim_p50": 0.4630431532859802,
    "swim_p95": 4.5264586687087975,
    "static_jitter_p50": 1.7192025184631348,
    "static_jitter_p95": 2.4667790651321404,
    "flow_temporal_p50": 1.9943205118179321,
    "flow_temporal_p95": 5.6553843975067135,
    "flow_depth_p50": 4.760904312133789,
    "flow_depth_p95": 28.388418769836406,
    "q_clean": 75.3,
    "q_depth": 44.1,
    "score": 75.3
  },
  "perf_ms": {
    "depth_infer": 2.02838,
    "sbs_composite_cpu": 0.0081,
    "warp_infer": 0.018144
  },
  "meta": {
    "git_sha": "1e1ff805",
    "git_dirty": true,
    "clip_set_sha1": {
      "aigen_cogvideox_rain": "5a3b6632212b",
      "anime_morevna_closeup": "e44f93df938a",
      "c339": "db5f34629467",
      "c525": "b3b3400d5e3b",
      "c647": "dfff8c7b9459",
      "c747": "1ff2aa060c61",
      "c841": "e1afc2353d88",
      "fast_motion": "5ac142ec4eff",
      "flat_page": "a839c5fb2d32",
      "flat_transition": "2f5bde33326b",
      "scene_cut": "c912fa5c33a7"
    },
    "mode": "profile",
    "suite": "core",
    "clips_root": "E:\\Git\\Repo\\Apollo-3D\\tools\\sbsbench\\clips",
    "extra_args": [],
    "conf": "tools\\sbsbench\\bench.conf",
    "model": "depth_anything_v2_fp16",
    "profile": "vd3d",
    "warp": "vd3d",
    "literal_bestv2": false,
    "eval_schema": 12,
    "depth_step": "current-once",
    "depth_reuse_interval": 1,
    "conf_sha256": "da08885f8dd3cd82",
    "metric_sha256": "a326ddae1c56ee7b",
    "gpu_contention": false,
    "timestamp": "2026-07-12T10:08:43",
    "run_name": "evalv12-baseline-core",
    "name": "soldier-battlefield",
    "description": "Soldier walking a dark night battlefield; profile silhouette against dead trees.",
    "content_type": "ai-generated",
    "source_artifacts": "Visual inspection of frames 1, 12 and 24 found pre-existing cyan/white rim lighting and sharpening along the soldier, head wrap, shoulders and sword. The source also contains baked video-player controls/text and mild motion blur; a bright edge at these locations is not automatically a warp halo.",
    "clip_sha1": "db5f34629467"
  }
}