{
  "aggregate": {
    "artifact_in_hole_pct": 23.304177853710627,
    "depth_spread": 0.8866759849091371,
    "disocc_frac": 0.04724444651308634,
    "disocc_smear": 0.0,
    "edge_acc_p50": 2.25,
    "edge_acc_p95": 24.0,
    "exact_pop_spread_pct": 1.0278001747784977,
    "flicker": 4.5622929451258285,
    "flicker_disocc": 15.25994724035263,
    "flow_depth": 8.903789566910785,
    "flow_support": 0.9004137845849801,
    "flow_temporal": 2.8977383712063665,
    "hole_bad_fill_pct": 2.458036285274813,
    "hole_source_residual_p95": 20.36602458953857,
    "image_integrity_pct": 99.56475863888156,
    "image_negative_disparity_pct": 1.228809428251084,
    "image_positive_disparity_pct": 0.00023494151914237366,
    "negative_disparity_pct": 1.2551371177788007,
    "pop_pct_p50": 0.203574276959555,
    "pop_px_p50": 2.3065719558321134,
    "pop_px_p95": 13.884842416529947,
    "pop_spread_pct": 1.1287228545279648,
    "pop_spread_px": 12.788847987303521,
    "positive_disparity_pct": 0.0,
    "rim_over_p50": 0.0,
    "rim_over_p95": 2.801715378959974,
    "source_coverage_pct": 99.41348973607037,
    "source_halo_p95": 9.031250556310018,
    "source_residual_p50": 0.3426446517308553,
    "source_residual_p95": 9.13359401623408,
    "source_stretch_pct": 6.413382126014667,
    "source_stretch_support": 7.558912441724941,
    "static_jitter": 1.7458430839621502,
    "static_support": 0.7652410150054172,
    "stretch_area": 5.61850623368903,
    "swim": 1.161055197534354,
    "vmisalign_pct": 0.0022389723385477663,
    "vmisalign_px": 0.006048795694368891,
    "warp_hole_pct": 0.662761297841943,
    "_n": 24,
    "_models": [
      ""
    ],
    "flicker_p50": 0.9037126302719116,
    "flicker_p95": 11.23909454345703,
    "flicker_disocc_p50": 4.27198600769043,
    "flicker_disocc_p95": 37.60527038574219,
    "swim_p50": 0.46303555369377136,
    "swim_p95": 4.492607045173642,
    "static_jitter_p50": 1.7151975631713867,
    "static_jitter_p95": 2.4667787075042718,
    "flow_temporal_p50": 1.9909722805023193,
    "flow_temporal_p95": 5.68112096786499,
    "flow_depth_p50": 4.763723850250244,
    "flow_depth_p95": 28.28808364868162,
    "q_clean": 75.0,
    "q_depth": 41.1,
    "score": 75.0
  },
  "perf_ms": {
    "depth_infer": 1.49533,
    "depth_postprocess_gpu": 0.073792,
    "depth_preprocess_gpu": 0.158336,
    "sbs_composite_cpu": 4.1703,
    "warp_infer": 4.03187
  },
  "meta": {
    "git_sha": "e15f08f1",
    "git_dirty": true,
    "run_kind": "baseline_gate",
    "baseline_identities": {},
    "clip_set_sha1": {
      "aigen_cogvideox_rain": "5a3b6632212b",
      "anime_morevna_closeup": "e44f93df938a",
      "c339": "db5f34629467",
      "c525": "b3b3400d5e3b",
      "c647": "dfff8c7b9459",
      "c747": "1ff2aa060c61",
      "c841": "e1afc2353d88",
      "fast_motion": "5ac142ec4eff",
      "flat_page": "a839c5fb2d32",
      "flat_transition": "2f5bde33326b",
      "scene_cut": "c912fa5c33a7"
    },
    "mode": "profile",
    "suite": "core",
    "clips_root": "E:\\Git\\Repo\\Apollo-3D\\tools\\sbsbench\\clips",
    "extra_args": [],
    "conf": "tools\\sbsbench\\bench.conf",
    "model": "depth_anything_v2_fp16",
    "profile": "apollo",
    "adaptive_pop": true,
    "adaptive_pop_max": 1.3,
    "pop_strength": 1.25,
    "ema": 0.5,
    "ema_edge_change": 0.05,
    "ema_edge_gradient": 0.02,
    "ema_edge_strength": 0.25,
    "minmax_ema": 0.18,
    "subject_lock": 0.5,
    "subject_recenter": 0.35,
    "subject_stretch": true,
    "depth_short_side": 432,
    "depth_max_aspect": 4,
    "zero_plane": "legacy",
    "cuda_graph": true,
    "artistic_style": "immersive",
    "artistic_policy": true,
    "artistic_policy_consumed": false,
    "artistic_policy_authorization": "none",
    "model_onnx_sha256": "",
    "policy_metadata_sha256": "",
    "deployment_geometry_allowlist_sha256": "",
    "artistic_scale_override": 0,
    "output_interval": 1,
    "output_gt_right_only": false,
    "literal_bestv2": false,
    "depth_compensation": "none",
    "eval_schema": 29,
    "depth_step": "current-once",
    "depth_reuse_interval": 1,
    "conf_sha256": "679341c6d0d9db4d",
    "metric_sha256": "88028fadef928b53",
    "policy_warp_source_sha256": "86889c3f389a4c54ebcf0262f479ec71aadd81c42847a50bb39bf2fcce2fd132",
    "gpu_contention": false,
    "timestamp": "2026-07-15T13:07:58",
    "run_name": "eval29-required-evidence-core-baseline",
    "depth_override_frames": 0,
    "harness_schema": 24,
    "source_width": 854,
    "source_height": 478,
    "model_input_width": 770,
    "model_input_height": 434,
    "eye_width": 854,
    "eye_height": 478,
    "color_mode": "sdr-srgb-8bit",
    "content_scale_x": 1,
    "content_scale_y": 1,
    "disparity_raster_width": 854,
    "disparity_raster_height": 478,
    "artifact_mode": "full",
    "warp_disparity": "exact_clamped_full_binocular_normalized_at_output_eye_raster_zero_bars",
    "warp_unclamped_disparity": "unclamped_full_binocular_normalized_at_artistic_scale_1_output_eye_raster_zero_bars",
    "artistic_disparity_contract": "clamp(raw_baseline_times_scale_to_plus_or_minus_0.142_times_aspect_scale_times_content_scale_x)",
    "artistic_full_clamp_abs": 0.188397273,
    "warp_mask": {
      "red": "forward_disocclusion_before_fill"
    },
    "cuda_graph_captured": true,
    "name": "soldier-battlefield",
    "description": "Soldier walking a dark night battlefield; profile silhouette against dead trees.",
    "content_type": "ai-generated",
    "source_artifacts": "Visual inspection of frames 1, 12 and 24 found pre-existing cyan/white rim lighting and sharpening along the soldier, head wrap, shoulders and sword. The source also contains baked video-player controls/text and mild motion blur; a bright edge at these locations is not automatically a warp halo.",
    "clip_sha1": "db5f34629467"
  }
}