{
  "aggregate": {
    "artifact_in_hole_pct": 26.239551003419255,
    "depth_spread": 0.8867058046162128,
    "disocc_frac": 0.047251285279870915,
    "disocc_smear": 0.0,
    "edge_acc_p50": 2.25,
    "edge_acc_p95": 24.0,
    "flicker": 4.563208635734475,
    "flicker_disocc": 15.247230464997498,
    "flow_depth": 8.903443867745606,
    "flow_support": 0.9004137845849801,
    "flow_temporal": 2.882084126057832,
    "hole_bad_fill_pct": 2.152754005698641,
    "hole_source_residual_p95": 20.363484442234036,
    "image_integrity_pct": 99.54958972529433,
    "negative_disparity_pct": 1.227718365337762,
    "pop_pct_p50": 0.1971685009957351,
    "pop_px_p50": 2.233992141652418,
    "pop_px_p95": 12.49232691616447,
    "pop_spread_pct": 1.0518075252116255,
    "pop_spread_px": 11.917368818990385,
    "positive_disparity_pct": 0.0013752927431996292,
    "rim_over_p50": 0.0,
    "rim_over_p95": 2.8133598069349923,
    "source_coverage_pct": 99.50372208436724,
    "source_halo_p95": 8.910416960716248,
    "source_residual_p50": 0.42117010056972504,
    "source_residual_p95": 9.031700253486633,
    "source_stretch_pct": 6.324922965071885,
    "source_stretch_support": 7.565627731643357,
    "static_jitter": 1.7246833391811536,
    "static_support": 0.7652410150054172,
    "stretch_area": 5.588497316753713,
    "swim": 1.1607170461312584,
    "vmisalign_pct": 0.002258871759923183,
    "vmisalign_px": 0.006325681300950237,
    "warp_hole_pct": 0.6417305812467103,
    "_n": 24,
    "_models": [
      ""
    ],
    "flicker_p50": 0.8965260982513428,
    "flicker_p95": 11.24081916809082,
    "flicker_disocc_p50": 4.129879474639893,
    "flicker_disocc_p95": 37.694240951538085,
    "swim_p50": 0.46303555369377136,
    "swim_p95": 4.492607045173642,
    "static_jitter_p50": 1.709999442100525,
    "static_jitter_p95": 2.466771435737609,
    "flow_temporal_p50": 1.9920481443405151,
    "flow_temporal_p95": 5.63104600906372,
    "flow_depth_p50": 4.763089179992676,
    "flow_depth_p95": 28.290966510772684,
    "q_clean": 75.3,
    "q_depth": 42.1,
    "score": 75.3
  },
  "perf_ms": {
    "depth_infer": 1.54349,
    "sbs_composite_cpu": 0.0049,
    "warp_infer": 0.13056
  },
  "meta": {
    "git_sha": "c3ecd6d9",
    "git_dirty": true,
    "clip_set_sha1": {
      "aigen_cogvideox_rain": "5a3b6632212b",
      "anime_morevna_closeup": "e44f93df938a",
      "c339": "db5f34629467",
      "c525": "b3b3400d5e3b",
      "c647": "dfff8c7b9459",
      "c747": "1ff2aa060c61",
      "c841": "e1afc2353d88",
      "fast_motion": "5ac142ec4eff",
      "flat_page": "a839c5fb2d32",
      "flat_transition": "2f5bde33326b",
      "scene_cut": "c912fa5c33a7"
    },
    "mode": "profile",
    "suite": "core",
    "clips_root": "E:\\Git\\Repo\\Apollo-3D\\tools\\sbsbench\\clips",
    "extra_args": [],
    "conf": "tools\\sbsbench\\bench.conf",
    "model": "depth_anything_v2_fp16",
    "profile": "apollo",
    "literal_bestv2": false,
    "depth_compensation": "none",
    "eval_schema": 19,
    "depth_step": "current-once",
    "depth_reuse_interval": 1,
    "conf_sha256": "679341c6d0d9db4d",
    "metric_sha256": "54ad6d792cc70085",
    "gpu_contention": false,
    "timestamp": "2026-07-12T21:15:10",
    "run_name": "cuda-graph-baseline-core",
    "cuda_graph": true,
    "cuda_graph_captured": true,
    "name": "soldier-battlefield",
    "description": "Soldier walking a dark night battlefield; profile silhouette against dead trees.",
    "content_type": "ai-generated",
    "source_artifacts": "Visual inspection of frames 1, 12 and 24 found pre-existing cyan/white rim lighting and sharpening along the soldier, head wrap, shoulders and sword. The source also contains baked video-player controls/text and mild motion blur; a bright edge at these locations is not automatically a warp halo.",
    "clip_sha1": "db5f34629467"
  }
}