{
  "aggregate": {
    "depth_spread": 0.8865761645138264,
    "disocc_frac": 0.04728752053671459,
    "disocc_smear": 0.0,
    "edge_acc_p50": 2.2916666666666665,
    "edge_acc_p95": 24.0,
    "flicker": 4.481602243431237,
    "flicker_disocc": 14.620862885661747,
    "flow_depth": 8.978134036064148,
    "flow_support": 0.9004137845849801,
    "flow_temporal": 2.6485972611800483,
    "image_integrity_pct": 99.69274613706193,
    "negative_disparity_pct": 0.9455864468209917,
    "pop_pct_p50": 0.2139502896694878,
    "pop_px_p50": 1.8271354737774255,
    "pop_px_p95": 7.966075904373098,
    "pop_spread_pct": 0.814507082919123,
    "pop_spread_px": 6.9558904881293095,
    "positive_disparity_pct": 0.0,
    "rim_over_p50": 0.0,
    "rim_over_p95": 3.7528045773506165,
    "source_coverage_pct": 99.85055267313332,
    "source_halo_p95": 8.239583303531012,
    "source_residual_p50": 0.509255347152551,
    "source_residual_p95": 6.721556584040324,
    "source_stretch_pct": 3.8507256619944847,
    "source_stretch_support": 7.486068618881119,
    "static_jitter": 1.5912857625795447,
    "static_support": 0.7652410150054172,
    "stretch_area": 5.857658928857227,
    "swim": 1.1608020332844362,
    "vmisalign_pct": 0.003310906014962426,
    "vmisalign_px": 0.008663966742460616,
    "_n": 24,
    "_models": [
      ""
    ],
    "flicker_p50": 0.831913948059082,
    "flicker_p95": 11.218322658538819,
    "flicker_disocc_p50": 2.173128843307495,
    "flicker_disocc_p95": 37.318345642089845,
    "swim_p50": 0.4630431532859802,
    "swim_p95": 4.5264586687087975,
    "static_jitter_p50": 1.5748026371002197,
    "static_jitter_p95": 2.4599595785140984,
    "flow_temporal_p50": 1.972814679145813,
    "flow_temporal_p95": 5.2977653503417965,
    "flow_depth_p50": 4.760904312133789,
    "flow_depth_p95": 28.388418769836406,
    "q_clean": 79.6,
    "q_depth": 32.6,
    "score": 79.6
  },
  "perf_ms": {
    "depth_infer": 2.0353,
    "sbs_composite_cpu": 0.0067,
    "warp_infer": 0.142784
  },
  "meta": {
    "git_sha": "41c87181",
    "git_dirty": true,
    "clip_set_sha1": {
      "aigen_cogvideox_rain": "5a3b6632212b",
      "anime_morevna_closeup": "e44f93df938a",
      "c339": "db5f34629467",
      "c525": "b3b3400d5e3b",
      "c647": "dfff8c7b9459",
      "c747": "1ff2aa060c61",
      "c841": "e1afc2353d88",
      "fast_motion": "5ac142ec4eff",
      "flat_page": "a839c5fb2d32",
      "flat_transition": "2f5bde33326b",
      "scene_cut": "c912fa5c33a7"
    },
    "mode": "game",
    "suite": "core",
    "clips_root": "E:\\Git\\Repo\\Apollo-3D\\tools\\sbsbench\\clips",
    "extra_args": [],
    "conf": "tools\\sbsbench\\bench.conf",
    "model": "depth_anything_v2_fp16",
    "warp": "apollo",
    "shift_profile": "bestv2",
    "eval_schema": 6,
    "depth_step": "current-once",
    "conf_sha256": "612db0e5edb31d6f",
    "metric_sha256": "51e3f40c3f0127a6",
    "gpu_contention": false,
    "timestamp": "2026-07-11T10:42:07",
    "run_name": "revisit-rebaseline-final",
    "name": "soldier-battlefield",
    "description": "Soldier walking a dark night battlefield; profile silhouette against dead trees.",
    "content_type": "ai-generated",
    "source_artifacts": "Visual inspection of frames 1, 12 and 24 found pre-existing cyan/white rim lighting and sharpening along the soldier, head wrap, shoulders and sword. The source also contains baked video-player controls/text and mild motion blur; a bright edge at these locations is not automatically a warp halo.",
    "clip_sha1": "db5f34629467"
  }
}