{
  "aggregate": {
    "depth_spread": 0.8874605856835842,
    "disocc_frac": 0.04731109897144947,
    "disocc_smear": 0.0,
    "edge_acc_p50": 2.2916666666666665,
    "edge_acc_p95": 24.0,
    "flicker": 4.517454703216967,
    "flicker_disocc": 14.720951798169509,
    "flow_depth": 9.093276573264081,
    "flow_support": 0.9004137845849801,
    "flow_temporal": 2.7356734483138374,
    "image_integrity_pct": 99.56059407680814,
    "negative_disparity_pct": 0.9929786870295326,
    "pop_pct_p50": 0.23094753111747698,
    "pop_px_p50": 1.9722919157432532,
    "pop_px_p95": 8.024431559001856,
    "pop_spread_pct": 0.8129131803123588,
    "pop_spread_px": 6.942278559867545,
    "positive_disparity_pct": 0.0,
    "rim_over_p50": 0.0,
    "rim_over_p95": 3.6843302051226297,
    "source_coverage_pct": 99.7913376945635,
    "source_halo_p95": 8.518749922513962,
    "source_residual_p50": 0.5416668479641279,
    "source_residual_p95": 8.044807195663452,
    "source_stretch_pct": 5.08300825396716,
    "source_stretch_support": 7.482198790792541,
    "static_jitter": 1.672417215679003,
    "static_support": 0.7652410150054172,
    "stretch_area": 5.774368873689814,
    "swim": 1.172391160674717,
    "vmisalign_px": 0.012342180591076612,
    "_n": 24,
    "_models": [
      ""
    ],
    "flicker_p50": 0.8379624485969543,
    "flicker_p95": 11.231192779541015,
    "flicker_disocc_p50": 2.511901617050171,
    "flicker_disocc_p95": 37.50207633972168,
    "swim_p50": 0.44358059763908386,
    "swim_p95": 4.592605519294735,
    "static_jitter_p50": 1.6481995582580566,
    "static_jitter_p95": 2.460078883171081,
    "flow_temporal_p50": 1.9758398532867432,
    "flow_temporal_p95": 5.2821534156799315,
    "flow_depth_p50": 4.760332107543945,
    "flow_depth_p95": 28.480976486206036,
    "q_clean": 77.5,
    "q_depth": 32.5,
    "score": 77.5
  },
  "perf_ms": {
    "depth_infer": 1.98813,
    "sbs_composite_cpu": 0.0066,
    "warp_infer": 0.141984
  },
  "meta": {
    "git_sha": "02c270d7",
    "git_dirty": true,
    "clip_set_sha1": {
      "c339": "db5f34629467",
      "c525": "b3b3400d5e3b",
      "c647": "dfff8c7b9459",
      "c747": "1ff2aa060c61",
      "c841": "e1afc2353d88",
      "fast_motion": "5ac142ec4eff",
      "flat_page": "a839c5fb2d32",
      "scene_cut": "c912fa5c33a7"
    },
    "mode": "game",
    "suite": "core",
    "clips_root": "E:\\Git\\Repo\\Apollo-3D\\tools\\sbsbench\\clips",
    "extra_args": [],
    "conf": "tools\\sbsbench\\bench.conf",
    "model": "depth_anything_v2_fp16",
    "warp": "apollo",
    "shift_profile": "bestv2",
    "eval_schema": 4,
    "depth_step": "current-once",
    "conf_sha256": "d78305de3cb0d05f",
    "metric_sha256": "e0797ed1f16ad440",
    "gpu_contention": false,
    "timestamp": "2026-07-11T06:34:29",
    "run_name": "evalv4-widthfix-core",
    "name": "soldier-battlefield",
    "description": "Soldier walking a dark night battlefield; profile silhouette against dead trees.",
    "clip_sha1": "db5f34629467"
  }
}