{
  "aggregate": {
    "artifact_in_hole_pct": 25.10074457982172,
    "depth_spread": 0.8865761645138264,
    "disocc_frac": 0.04728752053671459,
    "disocc_smear": 0.0,
    "edge_acc_p50": 2.2916666666666665,
    "edge_acc_p95": 24.0,
    "flicker": 4.561781852141671,
    "flicker_disocc": 15.050906413275262,
    "flow_depth": 8.97813588121663,
    "flow_support": 0.9004137845849801,
    "flow_temporal": 2.88260171983553,
    "hole_bad_fill_pct": 2.4403067039656787,
    "hole_source_residual_p95": 20.666944086551663,
    "image_integrity_pct": 99.5807314897413,
    "negative_disparity_pct": 1.227718365337762,
    "pop_pct_p50": 0.19717690567711965,
    "pop_px_p50": 2.23408736980535,
    "pop_px_p95": 12.49857675065244,
    "pop_spread_pct": 1.0584297929124549,
    "pop_spread_px": 11.992401564732523,
    "positive_disparity_pct": 0.0,
    "rim_over_p50": 0.0,
    "rim_over_p95": 2.83599183956782,
    "source_coverage_pct": 99.47552447552448,
    "source_halo_p95": 8.589583257834116,
    "source_residual_p50": 0.4166989711423715,
    "source_residual_p95": 9.031893908977509,
    "source_stretch_pct": 6.238214411263319,
    "source_stretch_support": 7.417891353438229,
    "static_jitter": 1.7207469059073406,
    "static_support": 0.7652410150054172,
    "stretch_area": 5.665969316596931,
    "swim": 1.1608020332844362,
    "vmisalign_pct": 0.0018168757104599326,
    "vmisalign_px": 0.005947556545531067,
    "warp_hole_pct": 0.5960269569140536,
    "warp_unresolved_pct": 0.0,
    "_n": 24,
    "_models": [
      ""
    ],
    "flicker_p50": 0.9023488163948059,
    "flicker_p95": 11.242316150665284,
    "flicker_disocc_p50": 3.37607741355896,
    "flicker_disocc_p95": 37.285953521728516,
    "swim_p50": 0.4630431532859802,
    "swim_p95": 4.5264586687087975,
    "static_jitter_p50": 1.709999442100525,
    "static_jitter_p95": 2.466372466087341,
    "flow_temporal_p50": 1.9922422170639038,
    "flow_temporal_p95": 5.6520343780517575,
    "flow_depth_p50": 4.760904312133789,
    "flow_depth_p95": 28.388418769836406,
    "q_clean": 75.6,
    "q_depth": 42.3,
    "score": 75.6
  },
  "perf_ms": {
    "depth_infer": 2.0815,
    "sbs_composite_cpu": 0.006,
    "warp_infer": 0.129984
  },
  "meta": {
    "git_sha": "23b1673e",
    "git_dirty": true,
    "clip_set_sha1": {
      "aigen_cogvideox_rain": "5a3b6632212b",
      "anime_morevna_closeup": "e44f93df938a",
      "c339": "db5f34629467",
      "c525": "b3b3400d5e3b",
      "c647": "dfff8c7b9459",
      "c747": "1ff2aa060c61",
      "c841": "e1afc2353d88",
      "fast_motion": "5ac142ec4eff",
      "flat_page": "a839c5fb2d32",
      "flat_transition": "2f5bde33326b",
      "scene_cut": "c912fa5c33a7"
    },
    "mode": "profile",
    "suite": "core",
    "clips_root": "E:\\Git\\Repo\\Apollo-3D\\tools\\sbsbench\\clips",
    "extra_args": [],
    "conf": "tools\\sbsbench\\bench.conf",
    "model": "depth_anything_v2_fp16",
    "profile": "apollo",
    "warp": "apollo",
    "literal_bestv2": false,
    "eval_schema": 12,
    "depth_step": "current-once",
    "depth_reuse_interval": 1,
    "conf_sha256": "679341c6d0d9db4d",
    "metric_sha256": "f35ae50931cfb1db",
    "gpu_contention": false,
    "timestamp": "2026-07-12T12:26:43",
    "run_name": "review-fix-apollo-core-clean",
    "name": "soldier-battlefield",
    "description": "Soldier walking a dark night battlefield; profile silhouette against dead trees.",
    "content_type": "ai-generated",
    "source_artifacts": "Visual inspection of frames 1, 12 and 24 found pre-existing cyan/white rim lighting and sharpening along the soldier, head wrap, shoulders and sword. The source also contains baked video-player controls/text and mild motion blur; a bright edge at these locations is not automatically a warp halo.",
    "clip_sha1": "db5f34629467"
  }
}