{
  "aggregate": {
    "depth_spread": 0.8874605856835842,
    "disocc_frac": 0.04731109897144947,
    "disocc_smear": 0.0,
    "edge_acc_p50": 2.2916666666666665,
    "edge_acc_p95": 24.0,
    "flicker": 4.5199869858182,
    "flicker_disocc": 14.755256160445835,
    "flow_depth": 9.093276573264081,
    "flow_support": 0.9004137845849801,
    "flow_temporal": 2.783628577771394,
    "image_integrity_pct": 99.64836710474265,
    "negative_disparity_pct": 1.0482776958050437,
    "pop_pct_p50": 0.18617079601830946,
    "pop_px_p50": 1.5898985979963627,
    "pop_px_p95": 8.064985803175064,
    "pop_spread_pct": 0.9195390553202425,
    "pop_spread_px": 7.852863532434871,
    "positive_disparity_pct": 0.0,
    "rim_over_p50": 0.0,
    "rim_over_p95": 3.648451050122579,
    "source_coverage_pct": 99.8646514775547,
    "source_halo_p95": 7.96666623155276,
    "source_residual_p50": 0.5602835838993391,
    "source_residual_p95": 6.527807851632436,
    "source_stretch_pct": 3.7111912788605204,
    "source_stretch_support": 7.493922093531469,
    "static_jitter": 1.6941638692565586,
    "static_support": 0.7652410150054172,
    "stretch_area": 5.880829079007967,
    "swim": 1.172391160674717,
    "vmisalign_px": 0.01335819996893406,
    "_n": 24,
    "_models": [
      ""
    ],
    "flicker_p50": 0.8529395461082458,
    "flicker_p95": 11.213436794281005,
    "flicker_disocc_p50": 2.7483561038970947,
    "flicker_disocc_p95": 37.513114547729494,
    "swim_p50": 0.44358059763908386,
    "swim_p95": 4.592605519294735,
    "static_jitter_p50": 1.648207187652588,
    "static_jitter_p95": 2.460078883171081,
    "flow_temporal_p50": 1.9792425632476807,
    "flow_temporal_p95": 5.3025984287261965,
    "flow_depth_p50": 4.760332107543945,
    "flow_depth_p95": 28.480976486206036,
    "q_clean": 80.1,
    "q_depth": 36.8,
    "score": 80.1
  },
  "perf_ms": {
    "depth_infer": 2.02784,
    "sbs_composite_cpu": 0.006,
    "warp_infer": 0.142368
  },
  "meta": {
    "git_sha": "d54d0de0",
    "git_dirty": true,
    "clip_set_sha1": {
      "c339": "db5f34629467",
      "c525": "b3b3400d5e3b",
      "c647": "dfff8c7b9459",
      "c747": "1ff2aa060c61",
      "c841": "e1afc2353d88",
      "fast_motion": "5ac142ec4eff",
      "flat_page": "a839c5fb2d32",
      "scene_cut": "c912fa5c33a7"
    },
    "mode": "game",
    "extra_args": [],
    "conf": "tools\\sbsbench\\bench.conf",
    "model": "depth_anything_v2_fp16",
    "warp": "apollo",
    "shift_profile": "bestv2",
    "eval_schema": 3,
    "depth_step": "current-once",
    "conf_sha256": "d78305de3cb0d05f",
    "metric_sha256": "7eab28e4d528ecd9",
    "gpu_contention": false,
    "timestamp": "2026-07-10T22:01:44",
    "run_name": "evalv3-baseline-final",
    "name": "soldier-battlefield",
    "description": "Soldier walking a dark night battlefield; profile silhouette against dead trees.",
    "clip_sha1": "db5f34629467"
  }
}