{
  "aggregate": {
    "artifact_in_hole_pct": 24.919144184954945,
    "depth_spread": 0.9254419530431429,
    "disocc_frac": 0.047518099255615544,
    "disocc_smear": 0.0,
    "edge_acc_p50": 2.375,
    "edge_acc_p95": 24.0,
    "flicker": 4.486211146430477,
    "flicker_disocc": 15.005250958158918,
    "flow_depth": 3.901298627257347,
    "flow_support": 0.9004137845849801,
    "flow_temporal": 2.6755142543950807,
    "hole_bad_fill_pct": 2.6741599503021,
    "hole_source_residual_p95": 20.82825558582941,
    "image_integrity_pct": 99.55119461433537,
    "negative_disparity_pct": 1.2364546419060438,
    "pop_pct_p50": 0.21959889630857535,
    "pop_px_p50": 2.4881368281007177,
    "pop_px_p95": 13.88530147702341,
    "pop_spread_pct": 1.1316121949723514,
    "pop_spread_px": 12.821585284664508,
    "positive_disparity_pct": 0.0035472541952902923,
    "rim_over_p50": 0.0,
    "rim_over_p95": 2.7200984408458075,
    "source_coverage_pct": 99.37965260545906,
    "source_halo_p95": 8.518747786680857,
    "source_residual_p50": 0.3702762673298518,
    "source_residual_p95": 9.476885080337524,
    "source_stretch_pct": 6.612874530586679,
    "source_stretch_support": 7.477873688811189,
    "static_jitter": 1.4883258005847102,
    "static_support": 0.7652410150054172,
    "stretch_area": 5.658007767205928,
    "swim": 0.36322186854870425,
    "vmisalign_pct": 0.001903832208162571,
    "vmisalign_px": 0.005845207269885577,
    "warp_hole_pct": 0.6396157605835026,
    "_n": 24,
    "_models": [
      ""
    ],
    "flicker_p50": 0.8967692852020264,
    "flicker_p95": 11.231672477722167,
    "flicker_disocc_p50": 3.1150755882263184,
    "flicker_disocc_p95": 37.612164688110354,
    "swim_p50": 0.36186787486076355,
    "swim_p95": 1.012840443849563,
    "static_jitter_p50": 1.5708014965057373,
    "static_jitter_p95": 2.1263590097427367,
    "flow_temporal_p50": 1.9272955656051636,
    "flow_temporal_p95": 5.69339485168457,
    "flow_depth_p50": 3.585092782974243,
    "flow_depth_p95": 7.883769702911376,
    "q_clean": 75.3,
    "q_depth": 45.3,
    "score": 75.3
  },
  "perf_ms": {
    "depth_infer": 1.45891,
    "depth_postprocess_gpu": 0.08464,
    "depth_preprocess_gpu": 0.173536,
    "sbs_composite_cpu": 0.0051,
    "warp_infer": 0.054912
  },
  "meta": {
    "git_sha": "e15f08f1",
    "git_dirty": true,
    "clip_set_sha1": {
      "aigen_cogvideox_rain": "5a3b6632212b",
      "anime_morevna_closeup": "e44f93df938a",
      "c339": "db5f34629467",
      "c525": "b3b3400d5e3b",
      "c647": "dfff8c7b9459",
      "c747": "1ff2aa060c61",
      "c841": "e1afc2353d88",
      "fast_motion": "5ac142ec4eff",
      "flat_page": "a839c5fb2d32",
      "flat_transition": "2f5bde33326b",
      "scene_cut": "c912fa5c33a7"
    },
    "mode": "profile",
    "suite": "core",
    "clips_root": "E:\\Git\\Repo\\Apollo-3D\\tools\\sbsbench\\clips",
    "extra_args": [],
    "conf": "tools\\sbsbench\\bench.conf",
    "model": "depth_anything_v2_fp16",
    "profile": "apollo",
    "adaptive_pop": true,
    "adaptive_pop_max": 1.3,
    "zero_plane": "legacy",
    "literal_bestv2": false,
    "depth_compensation": "none",
    "eval_schema": 26,
    "depth_step": "current-once",
    "depth_reuse_interval": 1,
    "conf_sha256": "679341c6d0d9db4d",
    "metric_sha256": "bb8f6540c80451a4",
    "executable_sha256": "486322e71404be5f24c8875968b343f18ebb2856304aab6198a02d15b8db4f5b",
    "runtime_shader_sha256": "0d7165f0f96f77ed197bcb0ac5641fcba1d044df1268ea5ed8be90e65e1365ca",
    "engine_name": "depth_anything_v2_fp16.trt-opt770x434-level5-v2.trt11_1_0-sm120-gpuec0860237209d3fe-onnx2df6223f206b5164e21f664ace61dabeb9bb6a49b8b5a3e00510b4807d0f5b04.engine",
    "engine_sha256": "e54fe5b921df85b65cba29be6ef7e4cbb0c51b90b0f850947eba22521a290f28",
    "onnx_sha256": "2df6223f206b5164e21f664ace61dabeb9bb6a49b8b5a3e00510b4807d0f5b04",
    "gpu_contention": false,
    "run_kind": "baseline-update",
    "timestamp": "2026-07-17T18:50:21",
    "run_name": "review-fix26-baseline-core",
    "cuda_graph": true,
    "cuda_graph_captured": true,
    "source_frame_count": 24,
    "name": "soldier-battlefield",
    "description": "Soldier walking a dark night battlefield; profile silhouette against dead trees.",
    "content_type": "ai-generated",
    "source_artifacts": "Visual inspection of frames 1, 12 and 24 found pre-existing cyan/white rim lighting and sharpening along the soldier, head wrap, shoulders and sword. The source also contains baked video-player controls/text and mild motion blur; a bright edge at these locations is not automatically a warp halo.",
    "clip_sha1": "db5f34629467"
  }
}