{
  "aggregate": {
    "artifact_in_hole_pct": 23.913177248248772,
    "depth_spread": 0.8867561233540376,
    "disocc_frac": 0.047263227603957424,
    "disocc_smear": 0.0,
    "edge_acc_p50": 2.2291666666666665,
    "edge_acc_p95": 24.0,
    "flicker": 4.5621656412663665,
    "flicker_disocc": 15.223885547855627,
    "flow_depth": 8.90714024460834,
    "flow_support": 0.9004137845849801,
    "flow_temporal": 2.8818396381709888,
    "hole_bad_fill_pct": 2.260689116828352,
    "hole_source_residual_p95": 20.35829933881759,
    "image_integrity_pct": 99.55398956335578,
    "negative_disparity_pct": 1.227778092316044,
    "pop_pct_p50": 0.1965863380420664,
    "pop_px_p50": 2.2273960197714424,
    "pop_px_p95": 12.491301567423669,
    "pop_spread_pct": 1.0544341577453196,
    "pop_spread_px": 11.947129538424006,
    "positive_disparity_pct": 0.0015374183364322879,
    "rim_over_p50": 0.0,
    "rim_over_p95": 2.8209026157855988,
    "source_coverage_pct": 99.49526280171442,
    "source_halo_p95": 8.850000143051147,
    "source_residual_p50": 0.4211397022008896,
    "source_residual_p95": 9.031591713428497,
    "source_stretch_pct": 6.325111426408273,
    "source_stretch_support": 7.561644085081586,
    "static_jitter": 1.7183557930199995,
    "static_support": 0.7652410150054172,
    "stretch_area": 5.589824241652213,
    "swim": 1.1612247857062712,
    "vmisalign_pct": 0.0020347441114080002,
    "vmisalign_px": 0.006078337459863785,
    "warp_hole_pct": 0.6318614181517407,
    "_n": 24,
    "_models": [
      ""
    ],
    "flicker_p50": 0.8967679142951965,
    "flicker_p95": 11.239584159851074,
    "flicker_disocc_p50": 4.139883995056152,
    "flicker_disocc_p95": 37.620731353759766,
    "swim_p50": 0.45914456248283386,
    "swim_p95": 4.496108937263486,
    "static_jitter_p50": 1.709999442100525,
    "static_jitter_p95": 2.466771435737609,
    "flow_temporal_p50": 1.9920481443405151,
    "flow_temporal_p95": 5.633433532714843,
    "flow_depth_p50": 4.760452747344971,
    "flow_depth_p95": 28.287127590179423,
    "q_clean": 75.4,
    "q_depth": 42.2,
    "score": 75.4
  },
  "perf_ms": {
    "depth_infer": 1.45539,
    "depth_postprocess_gpu": 0.071712,
    "depth_preprocess_gpu": 0.168896,
    "sbs_composite_cpu": 0.0046,
    "warp_infer": 0.055168
  },
  "meta": {
    "git_sha": "fd376159",
    "git_dirty": true,
    "clip_set_sha1": {
      "aigen_cogvideox_rain": "5a3b6632212b",
      "anime_morevna_closeup": "e44f93df938a",
      "c339": "db5f34629467",
      "c525": "b3b3400d5e3b",
      "c647": "dfff8c7b9459",
      "c747": "1ff2aa060c61",
      "c841": "e1afc2353d88",
      "fast_motion": "5ac142ec4eff",
      "flat_page": "a839c5fb2d32",
      "flat_transition": "2f5bde33326b",
      "scene_cut": "c912fa5c33a7"
    },
    "mode": "profile",
    "suite": "core",
    "clips_root": "E:\\Git\\Repo\\Apollo-3D\\tools\\sbsbench\\clips",
    "extra_args": [],
    "conf": "tools\\sbsbench\\bench.conf",
    "model": "depth_anything_v2_fp16",
    "profile": "apollo",
    "literal_bestv2": false,
    "depth_compensation": "none",
    "eval_schema": 19,
    "depth_step": "current-once",
    "depth_reuse_interval": 1,
    "conf_sha256": "679341c6d0d9db4d",
    "metric_sha256": "feb8f76d5485f999",
    "gpu_contention": false,
    "timestamp": "2026-07-14T11:23:52",
    "run_name": "ghost-metric-core-baseline-final",
    "cuda_graph": true,
    "cuda_graph_captured": true,
    "name": "soldier-battlefield",
    "description": "Soldier walking a dark night battlefield; profile silhouette against dead trees.",
    "content_type": "ai-generated",
    "source_artifacts": "Visual inspection of frames 1, 12 and 24 found pre-existing cyan/white rim lighting and sharpening along the soldier, head wrap, shoulders and sword. The source also contains baked video-player controls/text and mild motion blur; a bright edge at these locations is not automatically a warp halo.",
    "clip_sha1": "db5f34629467"
  }
}