{
  "aggregate": {
    "depth_spread": 0.8865761645138264,
    "disocc_frac": 0.04728752053671459,
    "disocc_smear": 0.0,
    "edge_acc_p50": 2.2916666666666665,
    "edge_acc_p95": 24.0,
    "flicker": 4.5114120027941205,
    "flicker_disocc": 14.7833572567805,
    "flow_depth": 8.97813588121663,
    "flow_support": 0.9004137845849801,
    "flow_temporal": 2.761268465415291,
    "image_integrity_pct": 99.35868687774688,
    "negative_disparity_pct": 1.182328167194784,
    "pop_pct_p50": 0.2307323796241559,
    "pop_px_p50": 1.9704545219902911,
    "pop_px_p95": 9.957417543142913,
    "pop_spread_pct": 1.0528116568609078,
    "pop_spread_px": 8.991011549592153,
    "positive_disparity_pct": 0.0,
    "rim_over_p50": 0.0,
    "rim_over_p95": 3.4323728581269584,
    "source_coverage_pct": 99.77723889014212,
    "source_halo_p95": 8.40000077088674,
    "source_residual_p50": 0.8566177214185396,
    "source_residual_p95": 9.416676839192709,
    "source_stretch_pct": 6.247695482745095,
    "source_stretch_support": 7.38420108537296,
    "static_jitter": 1.6346440626227337,
    "static_support": 0.7652410150054172,
    "stretch_area": 5.79508931633563,
    "swim": 1.1608020332844362,
    "vmisalign_pct": 0.0027476101685081564,
    "vmisalign_px": 0.006532330153277144,
    "_n": 24,
    "_models": [
      ""
    ],
    "flicker_p50": 0.8612831234931946,
    "flicker_p95": 11.227809143066406,
    "flicker_disocc_p50": 2.5411415100097656,
    "flicker_disocc_p95": 37.25034141540527,
    "swim_p50": 0.4630431532859802,
    "swim_p95": 4.5264586687087975,
    "static_jitter_p50": 1.6430014371871948,
    "static_jitter_p95": 2.4600792646408074,
    "flow_temporal_p50": 1.9786741733551025,
    "flow_temporal_p95": 5.343952083587647,
    "flow_depth_p50": 4.760904312133789,
    "flow_depth_p95": 28.388418769836406,
    "q_clean": 75.7,
    "q_depth": 42.1,
    "score": 75.7
  },
  "perf_ms": {
    "depth_infer": 2.05558,
    "sbs_composite_cpu": 0.0063,
    "warp_infer": 0.100256
  },
  "meta": {
    "git_sha": "e40bfc88",
    "git_dirty": true,
    "clip_set_sha1": {
      "aigen_cogvideox_rain": "5a3b6632212b",
      "anime_morevna_closeup": "e44f93df938a",
      "c339": "db5f34629467",
      "c525": "b3b3400d5e3b",
      "c647": "dfff8c7b9459",
      "c747": "1ff2aa060c61",
      "c841": "e1afc2353d88",
      "fast_motion": "5ac142ec4eff",
      "flat_page": "a839c5fb2d32",
      "flat_transition": "2f5bde33326b",
      "scene_cut": "c912fa5c33a7"
    },
    "mode": "game",
    "suite": "core",
    "clips_root": "E:\\Git\\Repo\\Apollo-3D\\tools\\sbsbench\\clips",
    "extra_args": [],
    "conf": "tools\\sbsbench\\bench.conf",
    "model": "depth_anything_v2_fp16",
    "profile": "apollo",
    "warp": "apollo",
    "eval_schema": 8,
    "depth_step": "current-once",
    "conf_sha256": "679341c6d0d9db4d",
    "metric_sha256": "411da3c4c6fdec56",
    "gpu_contention": false,
    "timestamp": "2026-07-11T17:47:12",
    "run_name": "default-pop-125-baseline",
    "name": "soldier-battlefield",
    "description": "Soldier walking a dark night battlefield; profile silhouette against dead trees.",
    "content_type": "ai-generated",
    "source_artifacts": "Visual inspection of frames 1, 12 and 24 found pre-existing cyan/white rim lighting and sharpening along the soldier, head wrap, shoulders and sword. The source also contains baked video-player controls/text and mild motion blur; a bright edge at these locations is not automatically a warp halo.",
    "clip_sha1": "db5f34629467"
  }
}