{
  "aggregate": {
    "artifact_in_hole_pct": 23.191077698033496,
    "depth_spread": 0.8867561233540376,
    "disocc_frac": 0.047263227603957424,
    "disocc_smear": 0.0,
    "edge_acc_p50": 2.2291666666666665,
    "edge_acc_p95": 24.0,
    "flicker": 4.562391458646111,
    "flicker_disocc": 15.260580785896467,
    "flow_depth": 8.90714024460834,
    "flow_support": 0.9004137845849801,
    "flow_temporal": 2.898114968901095,
    "hole_bad_fill_pct": 2.4610103184376277,
    "hole_source_residual_p95": 20.3391322016716,
    "image_integrity_pct": 99.56475863888156,
    "negative_disparity_pct": 1.2409555077310221,
    "pop_pct_p50": 0.20750353469707306,
    "pop_px_p50": 2.3510919012788363,
    "pop_px_p95": 13.883859398415053,
    "pop_spread_pct": 1.1272873599970386,
    "pop_spread_px": 12.772583302603485,
    "positive_disparity_pct": 0.00411590737764934,
    "rim_over_p50": 0.0,
    "rim_over_p95": 2.8013679732879004,
    "source_coverage_pct": 99.41630949695465,
    "source_halo_p95": 9.037500381469727,
    "source_residual_p50": 0.34268073613444966,
    "source_residual_p95": 9.134311338265737,
    "source_stretch_pct": 6.413351772544703,
    "source_stretch_support": 7.560050626456878,
    "static_jitter": 1.74596441310385,
    "static_support": 0.7652410150054172,
    "stretch_area": 5.616362739622223,
    "swim": 1.1612247857062712,
    "vmisalign_pct": 0.002386365728803509,
    "vmisalign_px": 0.006107037644445275,
    "warp_hole_pct": 0.6612339273629596,
    "_n": 24,
    "_models": [
      ""
    ],
    "flicker_p50": 0.9034360647201538,
    "flicker_p95": 11.23913516998291,
    "flicker_disocc_p50": 4.280702114105225,
    "flicker_disocc_p95": 37.6329833984375,
    "swim_p50": 0.45914456248283386,
    "swim_p95": 4.496108937263486,
    "static_jitter_p50": 1.7151975631713867,
    "static_jitter_p95": 2.466778683662414,
    "flow_temporal_p50": 1.9909604787826538,
    "flow_temporal_p95": 5.692017936706542,
    "flow_depth_p50": 4.760452747344971,
    "flow_depth_p95": 28.287127590179423,
    "q_clean": 75.0,
    "q_depth": 45.1,
    "score": 75.0
  },
  "perf_ms": {
    "depth_infer": 1.45613,
    "depth_postprocess_gpu": 0.073408,
    "depth_preprocess_gpu": 0.103072,
    "sbs_composite_cpu": 0.0042,
    "warp_infer": 0.055296
  },
  "meta": {
    "git_sha": "b3d7bd33",
    "git_dirty": true,
    "clip_set_sha1": {
      "aigen_cogvideox_rain": "5a3b6632212b",
      "anime_morevna_closeup": "e44f93df938a",
      "c339": "db5f34629467",
      "c525": "b3b3400d5e3b",
      "c647": "dfff8c7b9459",
      "c747": "1ff2aa060c61",
      "c841": "e1afc2353d88",
      "fast_motion": "5ac142ec4eff",
      "flat_page": "a839c5fb2d32",
      "flat_transition": "2f5bde33326b",
      "scene_cut": "c912fa5c33a7"
    },
    "mode": "profile",
    "suite": "core",
    "clips_root": "E:\\Git\\Repo\\Apollo-3D\\tools\\sbsbench\\clips",
    "extra_args": [],
    "conf": "tools\\sbsbench\\bench.conf",
    "model": "depth_anything_v2_fp16",
    "profile": "apollo",
    "adaptive_pop": true,
    "adaptive_pop_max": 1.3,
    "literal_bestv2": false,
    "depth_compensation": "none",
    "eval_schema": 22,
    "depth_step": "current-once",
    "depth_reuse_interval": 1,
    "conf_sha256": "679341c6d0d9db4d",
    "metric_sha256": "7107823751182d07",
    "gpu_contention": false,
    "timestamp": "2026-07-14T14:39:31",
    "run_name": "art-validity-core",
    "cuda_graph": true,
    "cuda_graph_captured": true,
    "name": "soldier-battlefield",
    "description": "Soldier walking a dark night battlefield; profile silhouette against dead trees.",
    "content_type": "ai-generated",
    "source_artifacts": "Visual inspection of frames 1, 12 and 24 found pre-existing cyan/white rim lighting and sharpening along the soldier, head wrap, shoulders and sword. The source also contains baked video-player controls/text and mild motion blur; a bright edge at these locations is not automatically a warp halo.",
    "clip_sha1": "db5f34629467"
  }
}