{
  "aggregate": {
    "depth_spread": 0.9147155495981375,
    "disocc_frac": 0.05002352447679296,
    "disocc_smear": 0.0,
    "edge_acc_p50": 0.2916666666666667,
    "edge_acc_p95": 23.21041663487752,
    "flicker": 5.137080410252446,
    "flicker_disocc": 7.732941917427208,
    "flow_depth": 6.620115949994042,
    "flow_support": 0.8841499660326085,
    "flow_temporal": 1.9388237304630733,
    "image_integrity_pct": 99.63877822045153,
    "negative_disparity_pct": 0.802963807584426,
    "pop_pct_p50": 0.041098175684477066,
    "pop_px_p50": 0.3509784203454342,
    "pop_px_p95": 6.195455712409419,
    "pop_spread_pct": 0.7135775487732318,
    "pop_spread_px": 6.0939522665234,
    "positive_disparity_pct": 0.0,
    "rim_over_p50": 0.0,
    "rim_over_p95": 9.401829957962036,
    "source_coverage_pct": 99.64437724014337,
    "source_halo_p95": 11.772916992505392,
    "source_residual_p50": 0.1713662277907133,
    "source_residual_p95": 6.156929771105449,
    "source_stretch_pct": 3.34218200484773,
    "source_stretch_support": 9.458075629340279,
    "static_jitter": 0.6943421406405312,
    "static_support": 0.7286837925843553,
    "stretch_area": 3.2698415397721567,
    "swim": 0.22838822395905203,
    "vmisalign_px": 0.016271183732897043,
    "_n": 24,
    "_models": [
      ""
    ],
    "flicker_p50": 1.0713266134262085,
    "flicker_p95": 43.78074579238885,
    "flicker_disocc_p50": 3.3185527324676514,
    "flicker_disocc_p95": 48.978425979614194,
    "swim_p50": 0.0,
    "swim_p95": 0.5638183057308188,
    "static_jitter_p50": 0.9277962446212769,
    "static_jitter_p95": 1.0000075101852417,
    "flow_temporal_p50": 2.009760856628418,
    "flow_temporal_p95": 3.4300990104675293,
    "flow_depth_p50": 1.6980756521224976,
    "flow_depth_p95": 30.390336990356445,
    "q_clean": 80.0,
    "q_depth": 28.5,
    "score": 80.0
  },
  "perf_ms": {
    "depth_infer": 1.95203,
    "sbs_composite_cpu": 0.0064,
    "warp_infer": 0.14192
  },
  "meta": {
    "git_sha": "02c270d7",
    "git_dirty": true,
    "clip_set_sha1": {
      "c339": "db5f34629467",
      "c525": "b3b3400d5e3b",
      "c647": "dfff8c7b9459",
      "c747": "1ff2aa060c61",
      "c841": "e1afc2353d88",
      "fast_motion": "5ac142ec4eff",
      "flat_page": "a839c5fb2d32",
      "scene_cut": "c912fa5c33a7"
    },
    "mode": "game",
    "suite": "core",
    "clips_root": "E:\\Git\\Repo\\Apollo-3D\\tools\\sbsbench\\clips",
    "extra_args": [],
    "conf": "tools\\sbsbench\\bench.conf",
    "model": "depth_anything_v2_fp16",
    "warp": "apollo",
    "shift_profile": "bestv2",
    "eval_schema": 4,
    "depth_step": "current-once",
    "conf_sha256": "d78305de3cb0d05f",
    "metric_sha256": "e0797ed1f16ad440",
    "gpu_contention": false,
    "timestamp": "2026-07-11T06:34:29",
    "run_name": "evalv4-widthfix-core",
    "name": "warrior-cliff",
    "description": "Banner-bearing warrior on a cloudy mountaintop, hair against bright sky.",
    "clip_sha1": "b3b3400d5e3b"
  }
}