{
  "aggregate": {
    "depth_spread": 0.9164805399874846,
    "disocc_frac": 0.05002534651027951,
    "disocc_smear": 0.0,
    "edge_acc_p50": 0.2916666666666667,
    "edge_acc_p95": 23.12708330154419,
    "flicker": 5.1299766755622365,
    "flicker_disocc": 7.7490375667162565,
    "flow_depth": 6.698711798304603,
    "flow_support": 0.8841499660326085,
    "flow_temporal": 1.9371501398938042,
    "image_integrity_pct": 99.57233544938188,
    "negative_disparity_pct": 0.8462161887882498,
    "pop_pct_p50": 0.053025430579581596,
    "pop_px_p50": 0.45283717714962685,
    "pop_px_p95": 7.027873833077059,
    "pop_spread_pct": 0.7966859720361142,
    "pop_spread_px": 6.803698201188414,
    "positive_disparity_pct": 0.0,
    "rim_over_p50": 0.0,
    "rim_over_p95": 9.317232032616934,
    "source_coverage_pct": 99.59957437275986,
    "source_halo_p95": 11.499999841054281,
    "source_residual_p50": 0.2870160484065612,
    "source_residual_p95": 6.759267469247182,
    "source_stretch_pct": 3.7790301088942297,
    "source_stretch_support": 9.475368923611112,
    "static_jitter": 0.6871051830904824,
    "static_support": 0.7286837925843553,
    "stretch_area": 3.2820896537650497,
    "swim": 0.2568093771519868,
    "vmisalign_pct": 0.0022874216653437536,
    "vmisalign_px": 0.0061639993655262515,
    "_n": 24,
    "_models": [
      ""
    ],
    "flicker_p50": 1.0643017292022705,
    "flicker_p95": 43.7748035192489,
    "flicker_disocc_p50": 3.3224544525146484,
    "flicker_disocc_p95": 49.09246139526361,
    "swim_p50": 0.0,
    "swim_p95": 0.6653731763362873,
    "static_jitter_p50": 0.9278038144111633,
    "static_jitter_p95": 1.0000075101852417,
    "flow_temporal_p50": 2.0103485584259033,
    "flow_temporal_p95": 3.404012441635132,
    "flow_depth_p50": 1.8309880495071411,
    "flow_depth_p95": 30.351913452148438,
    "q_clean": 79.5,
    "q_depth": 31.9,
    "score": 79.5
  },
  "perf_ms": {
    "depth_infer": 2.01011,
    "sbs_composite_cpu": 0.0067,
    "warp_infer": 0.142304
  },
  "meta": {
    "git_sha": "c829e6b3",
    "git_dirty": true,
    "clip_set_sha1": {
      "aigen_cogvideox_rain": "5a3b6632212b",
      "anime_morevna_closeup": "e44f93df938a",
      "c339": "db5f34629467",
      "c525": "b3b3400d5e3b",
      "c647": "dfff8c7b9459",
      "c747": "1ff2aa060c61",
      "c841": "e1afc2353d88",
      "fast_motion": "5ac142ec4eff",
      "flat_page": "a839c5fb2d32",
      "flat_transition": "2f5bde33326b",
      "scene_cut": "c912fa5c33a7"
    },
    "mode": "game",
    "suite": "core",
    "clips_root": "E:\\Git\\Repo\\Apollo-3D\\tools\\sbsbench\\clips",
    "extra_args": [],
    "conf": "tools\\sbsbench\\bench.conf",
    "model": "depth_anything_v2_fp16",
    "profile": "apollo",
    "warp": "apollo",
    "shift_profile": "bestv2",
    "eval_schema": 7,
    "depth_step": "current-once",
    "conf_sha256": "679341c6d0d9db4d",
    "metric_sha256": "40246edc05700ee7",
    "gpu_contention": false,
    "timestamp": "2026-07-11T13:51:17",
    "run_name": "evalv7-profile-apollo-final",
    "name": "warrior-cliff",
    "description": "Banner-bearing warrior on a cloudy mountaintop, hair against bright sky.",
    "clip_sha1": "b3b3400d5e3b"
  }
}