{
  "aggregate": {
    "artifact_in_hole_pct": 46.48237816716155,
    "depth_spread": 0.9171209136644999,
    "disocc_frac": 0.050298853981426604,
    "disocc_smear": 0.0,
    "edge_acc_p50": 0.3333333333333333,
    "edge_acc_p95": 23.12916660308838,
    "flicker": 5.160452327488557,
    "flicker_disocc": 8.31230697683666,
    "flow_depth": 6.692315007959094,
    "flow_support": 0.8841499660326085,
    "flow_temporal": 2.041732055622907,
    "hole_bad_fill_pct": 7.144417473988891,
    "hole_source_residual_p95": 24.560604949792225,
    "image_integrity_pct": 99.22772144248204,
    "negative_disparity_pct": 1.0497585045042237,
    "pop_pct_p50": 0.10802909145729815,
    "pop_px_p50": 1.2342523752869385,
    "pop_px_p95": 11.950945699887475,
    "pop_spread_pct": 0.9588065392089447,
    "pop_spread_px": 10.954542267228712,
    "positive_disparity_pct": 0.0014115082854930555,
    "rim_over_p50": 0.0,
    "rim_over_p95": 7.546770830949147,
    "source_coverage_pct": 99.17954749103941,
    "source_halo_p95": 11.585416416327158,
    "source_residual_p50": 0.601842804501454,
    "source_residual_p95": 9.733581999937693,
    "source_stretch_pct": 7.06683339121535,
    "source_stretch_support": 9.338831018518517,
    "static_jitter": 0.7348202396006811,
    "static_support": 0.7286837925843553,
    "stretch_area": 3.488283109992518,
    "swim": 0.25494846831197326,
    "vmisalign_pct": 0.0017257955087603871,
    "vmisalign_px": 0.00532352234586142,
    "warp_hole_pct": 1.0221820863201911,
    "_n": 24,
    "_models": [
      ""
    ],
    "flicker_p50": 1.0756566524505615,
    "flicker_p95": 43.780372476577696,
    "flicker_disocc_p50": 3.6023383140563965,
    "flicker_disocc_p95": 49.83687620162958,
    "swim_p50": 0.0,
    "swim_p95": 0.6548675000667562,
    "static_jitter_p50": 0.9999923706054688,
    "static_jitter_p95": 1.000015139579773,
    "flow_temporal_p50": 2.021916389465332,
    "flow_temporal_p95": 3.6000478267669678,
    "flow_depth_p50": 1.84059739112854,
    "flow_depth_p95": 30.331119537353516,
    "q_clean": 74.7,
    "q_depth": 38.4,
    "score": 74.7
  },
  "perf_ms": {
    "depth_infer": 1.4568,
    "depth_postprocess_gpu": 0.07424,
    "depth_preprocess_gpu": 0.18352,
    "sbs_composite_cpu": 0.0051,
    "warp_infer": 0.055264
  },
  "meta": {
    "git_sha": "54fbc592",
    "git_dirty": true,
    "clip_set_sha1": {
      "aigen_cogvideox_rain": "5a3b6632212b",
      "anime_morevna_closeup": "e44f93df938a",
      "c339": "db5f34629467",
      "c525": "b3b3400d5e3b",
      "c647": "dfff8c7b9459",
      "c747": "1ff2aa060c61",
      "c841": "e1afc2353d88",
      "fast_motion": "5ac142ec4eff",
      "flat_page": "a839c5fb2d32",
      "flat_transition": "2f5bde33326b",
      "scene_cut": "c912fa5c33a7"
    },
    "mode": "profile",
    "suite": "core",
    "clips_root": "E:\\Git\\Repo\\Apollo-3D\\tools\\sbsbench\\clips",
    "extra_args": [],
    "conf": "tools\\sbsbench\\bench.conf",
    "model": "depth_anything_v2_fp16",
    "profile": "apollo",
    "literal_bestv2": false,
    "depth_compensation": "none",
    "eval_schema": 19,
    "depth_step": "current-once",
    "depth_reuse_interval": 1,
    "conf_sha256": "679341c6d0d9db4d",
    "metric_sha256": "4611fd0af2195166",
    "gpu_contention": false,
    "timestamp": "2026-07-14T12:24:09",
    "run_name": "gt-stereo-baseline-core",
    "cuda_graph": true,
    "cuda_graph_captured": true,
    "name": "warrior-cliff",
    "description": "Banner-bearing warrior on a cloudy mountaintop, hair against bright sky.",
    "clip_sha1": "b3b3400d5e3b"
  }
}