{
  "aggregate": {
    "depth_spread": 0.9164805399874846,
    "disocc_frac": 0.05002534651027951,
    "disocc_smear": 0.0,
    "edge_acc_p50": 0.2916666666666667,
    "edge_acc_p95": 23.12708330154419,
    "flicker": 5.137276975033076,
    "flicker_disocc": 7.944181660595148,
    "flow_depth": 6.698711117108663,
    "flow_support": 0.8841499660326085,
    "flow_temporal": 1.9650541057898885,
    "image_integrity_pct": 99.35927384368951,
    "negative_disparity_pct": 1.0011912576876083,
    "pop_pct_p50": 0.091925723206287,
    "pop_px_p50": 0.7850456761816909,
    "pop_px_p95": 8.150518706711631,
    "pop_spread_pct": 0.909298928795976,
    "pop_spread_px": 7.7654128519176355,
    "positive_disparity_pct": 0.0,
    "rim_over_p50": 0.0,
    "rim_over_p95": 8.030188421408335,
    "source_coverage_pct": 99.37836021505376,
    "source_halo_p95": 11.312499543031057,
    "source_residual_p50": 0.6620311352113882,
    "source_residual_p95": 8.157352169354757,
    "source_stretch_pct": 5.379500771757999,
    "source_stretch_support": 9.457736545138888,
    "static_jitter": 0.6832285750479925,
    "static_support": 0.7286837925843553,
    "stretch_area": 3.329057628084905,
    "swim": 0.2568093771519868,
    "vmisalign_pct": 0.002043762464555467,
    "vmisalign_px": 0.007089704866909112,
    "_n": 24,
    "_models": [
      ""
    ],
    "flicker_p50": 1.0662089586257935,
    "flicker_p95": 43.78094732761377,
    "flicker_disocc_p50": 3.4838857650756836,
    "flicker_disocc_p95": 49.45438060760492,
    "swim_p50": 0.0,
    "swim_p95": 0.6653731763362873,
    "static_jitter_p50": 0.9948018193244934,
    "static_jitter_p95": 1.0000075101852417,
    "flow_temporal_p50": 2.0120346546173096,
    "flow_temporal_p95": 3.5542547702789307,
    "flow_depth_p50": 1.8309880495071411,
    "flow_depth_p95": 30.351913452148438,
    "q_clean": 77.4,
    "q_depth": 36.4,
    "score": 77.4
  },
  "perf_ms": {
    "depth_infer": 2.01434,
    "sbs_composite_cpu": 0.0063,
    "warp_infer": 0.10016
  },
  "meta": {
    "git_sha": "97199f2b",
    "git_dirty": true,
    "clip_set_sha1": {
      "aigen_cogvideox_rain": "5a3b6632212b",
      "anime_morevna_closeup": "e44f93df938a",
      "c339": "db5f34629467",
      "c525": "b3b3400d5e3b",
      "c647": "dfff8c7b9459",
      "c747": "1ff2aa060c61",
      "c841": "e1afc2353d88",
      "fast_motion": "5ac142ec4eff",
      "flat_page": "a839c5fb2d32",
      "flat_transition": "2f5bde33326b",
      "scene_cut": "c912fa5c33a7"
    },
    "mode": "profile",
    "suite": "core",
    "clips_root": "E:\\Git\\Repo\\Apollo-3D\\tools\\sbsbench\\clips",
    "extra_args": [],
    "conf": "tools\\sbsbench\\bench.conf",
    "model": "depth_anything_v2_fp16",
    "profile": "apollo",
    "warp": "apollo",
    "eval_schema": 9,
    "depth_step": "current-once",
    "conf_sha256": "726e61c492e2375e",
    "metric_sha256": "029a1b88ce8d8c83",
    "gpu_contention": false,
    "timestamp": "2026-07-11T18:28:11",
    "run_name": "profile-owned-default-baseline",
    "name": "warrior-cliff",
    "description": "Banner-bearing warrior on a cloudy mountaintop, hair against bright sky.",
    "clip_sha1": "b3b3400d5e3b"
  }
}