{
  "aggregate": {
    "artifact_in_hole_pct": 72.02302302997101,
    "depth_spread": 0.9164805399874846,
    "disocc_frac": 0.05002534651027951,
    "disocc_smear": 0.0,
    "edge_acc_p50": 0.2916666666666667,
    "edge_acc_p95": 23.12708330154419,
    "flicker": 5.150728627877391,
    "flicker_disocc": 7.915523616516071,
    "flow_depth": 6.698711117108663,
    "flow_support": 0.8841499660326085,
    "flow_temporal": 2.003703190812043,
    "hole_bad_fill_pct": 19.27188841584728,
    "hole_source_residual_p95": 29.7690083861351,
    "image_integrity_pct": 99.17978127500668,
    "negative_disparity_pct": 1.0503471021254236,
    "pop_pct_p50": 0.1465412785735292,
    "pop_px_p50": 1.6742612449763812,
    "pop_px_p95": 11.973777916407395,
    "pop_spread_pct": 0.9161471947942811,
    "pop_spread_px": 10.467151357412588,
    "positive_disparity_pct": 0.0,
    "rim_over_p50": 0.0,
    "rim_over_p95": 17.59353995323181,
    "source_coverage_pct": 99.10674283154121,
    "source_halo_p95": 11.437500417232513,
    "source_residual_p50": 0.601755411674579,
    "source_residual_p95": 10.564875404040018,
    "source_stretch_pct": 7.826027813912321,
    "source_stretch_support": 9.33837890625,
    "static_jitter": 0.6740389515956243,
    "static_support": 0.7286837925843553,
    "stretch_area": 3.300714884960854,
    "swim": 0.2568093771519868,
    "vmisalign_pct": 0.002311016587517321,
    "vmisalign_px": 0.006250180842471309,
    "warp_hole_pct": 1.0252156137992834,
    "warp_unresolved_pct": 0.0,
    "_n": 24,
    "_models": [
      ""
    ],
    "flicker_p50": 1.1037532091140747,
    "flicker_p95": 43.570685362815794,
    "flicker_disocc_p50": 3.8329081535339355,
    "flicker_disocc_p95": 46.925481605529725,
    "swim_p50": 0.0,
    "swim_p95": 0.6653731763362873,
    "static_jitter_p50": 0.9999923706054688,
    "static_jitter_p95": 1.0000075101852417,
    "flow_temporal_p50": 2.031372308731079,
    "flow_temporal_p95": 3.6239466667175293,
    "flow_depth_p50": 1.8309880495071411,
    "flow_depth_p95": 30.351913452148438,
    "q_clean": 73.6,
    "q_depth": 36.6,
    "score": 73.6
  },
  "perf_ms": {
    "depth_infer": 1.99782,
    "sbs_composite_cpu": 0.0076,
    "warp_infer": 0.018656
  },
  "meta": {
    "git_sha": "1e1ff805",
    "git_dirty": true,
    "clip_set_sha1": {
      "aigen_cogvideox_rain": "5a3b6632212b",
      "anime_morevna_closeup": "e44f93df938a",
      "c339": "db5f34629467",
      "c525": "b3b3400d5e3b",
      "c647": "dfff8c7b9459",
      "c747": "1ff2aa060c61",
      "c841": "e1afc2353d88",
      "fast_motion": "5ac142ec4eff",
      "flat_page": "a839c5fb2d32",
      "flat_transition": "2f5bde33326b",
      "scene_cut": "c912fa5c33a7"
    },
    "mode": "profile",
    "suite": "core",
    "clips_root": "E:\\Git\\Repo\\Apollo-3D\\tools\\sbsbench\\clips",
    "extra_args": [],
    "conf": "tools\\sbsbench\\bench.conf",
    "model": "depth_anything_v2_fp16",
    "profile": "vd3d",
    "warp": "vd3d",
    "literal_bestv2": false,
    "eval_schema": 12,
    "depth_step": "current-once",
    "depth_reuse_interval": 1,
    "conf_sha256": "da08885f8dd3cd82",
    "metric_sha256": "a326ddae1c56ee7b",
    "gpu_contention": false,
    "timestamp": "2026-07-12T10:08:43",
    "run_name": "evalv12-baseline-core",
    "name": "warrior-cliff",
    "description": "Banner-bearing warrior on a cloudy mountaintop, hair against bright sky.",
    "clip_sha1": "b3b3400d5e3b"
  }
}