{
  "aggregate": {
    "depth_spread": 0.9147155495981375,
    "disocc_frac": 0.05002352447679296,
    "disocc_smear": 0.0,
    "edge_acc_p50": 0.2916666666666667,
    "edge_acc_p95": 23.21041663487752,
    "flicker": 5.165583983306652,
    "flicker_disocc": 7.7126741325077806,
    "flow_depth": 6.620115949994042,
    "flow_support": 0.8841499660326085,
    "flow_temporal": 1.9403683607067381,
    "image_integrity_pct": 99.73057213798933,
    "negative_disparity_pct": 0.8048506811130375,
    "pop_pct_p50": 0.005339380865239977,
    "pop_px_p50": 0.045598312589149405,
    "pop_px_p95": 6.219847278521281,
    "pop_spread_pct": 0.7421879810488153,
    "pop_spread_px": 6.338285358156884,
    "positive_disparity_pct": 0.006306326095827415,
    "rim_over_p50": 0.0,
    "rim_over_p95": 9.483985165754953,
    "source_coverage_pct": 99.80958781362007,
    "source_halo_p95": 10.783332884311676,
    "source_residual_p50": 0.11138046719133854,
    "source_residual_p95": 4.384236425161362,
    "source_stretch_pct": 1.9455296876055923,
    "source_stretch_support": 9.462370695891204,
    "static_jitter": 0.7178241000289008,
    "static_support": 0.7286837925843553,
    "stretch_area": 3.2104230032942365,
    "swim": 0.22838822395905203,
    "vmisalign_px": 0.010157635901123285,
    "_n": 24,
    "_models": [
      ""
    ],
    "flicker_p50": 1.100614070892334,
    "flicker_p95": 43.801885128021176,
    "flicker_disocc_p50": 3.352572202682495,
    "flicker_disocc_p95": 48.62877273559564,
    "swim_p50": 0.0,
    "swim_p95": 0.5638183057308188,
    "static_jitter_p50": 0.9277886152267456,
    "static_jitter_p95": 1.0000075101852417,
    "flow_temporal_p50": 2.0183932781219482,
    "flow_temporal_p95": 3.390428066253662,
    "flow_depth_p50": 1.6980756521224976,
    "flow_depth_p95": 30.390336990356445,
    "q_clean": 83.2,
    "q_depth": 29.7,
    "score": 83.2
  },
  "perf_ms": {
    "depth_infer": 1.99382,
    "sbs_composite_cpu": 0.0067,
    "warp_infer": 0.142144
  },
  "meta": {
    "git_sha": "d54d0de0",
    "git_dirty": true,
    "clip_set_sha1": {
      "c339": "db5f34629467",
      "c525": "b3b3400d5e3b",
      "c647": "dfff8c7b9459",
      "c747": "1ff2aa060c61",
      "c841": "e1afc2353d88",
      "fast_motion": "5ac142ec4eff",
      "flat_page": "a839c5fb2d32",
      "scene_cut": "c912fa5c33a7"
    },
    "mode": "game",
    "extra_args": [],
    "conf": "tools\\sbsbench\\bench.conf",
    "model": "depth_anything_v2_fp16",
    "warp": "apollo",
    "shift_profile": "bestv2",
    "eval_schema": 3,
    "depth_step": "current-once",
    "conf_sha256": "d78305de3cb0d05f",
    "metric_sha256": "7eab28e4d528ecd9",
    "gpu_contention": false,
    "timestamp": "2026-07-10T22:01:44",
    "run_name": "evalv3-baseline-final",
    "name": "warrior-cliff",
    "description": "Banner-bearing warrior on a cloudy mountaintop, hair against bright sky.",
    "clip_sha1": "b3b3400d5e3b"
  }
}