{
  "aggregate": {
    "artifact_in_hole_pct": 46.66468888072009,
    "depth_spread": 0.9168602066735426,
    "disocc_frac": 0.05029379277729731,
    "disocc_smear": 0.0,
    "edge_acc_p50": 0.3333333333333333,
    "edge_acc_p95": 23.12708330154419,
    "exact_pop_spread_pct": 0.9417608607683815,
    "flicker": 5.162186648534692,
    "flicker_disocc": 8.320405427528465,
    "flow_depth": 6.692469381150746,
    "flow_support": 0.8841499660326085,
    "flow_temporal": 2.044979499919074,
    "hole_bad_fill_pct": 6.954401911045717,
    "hole_source_residual_p95": 24.51508858601252,
    "image_integrity_pct": 99.26485465704458,
    "image_negative_disparity_pct": 1.0498289218706938,
    "image_positive_disparity_pct": 5.6240717927127656e-05,
    "negative_disparity_pct": 1.0366547256427976,
    "pop_pct_p50": 0.10852266501409853,
    "pop_px_p50": 1.2398915445758931,
    "pop_px_p95": 11.966297411861056,
    "pop_spread_pct": 0.9591456664369171,
    "pop_spread_px": 10.958416858609638,
    "positive_disparity_pct": 0.0,
    "rim_over_p50": 0.0,
    "rim_over_p95": 7.562362293402354,
    "source_coverage_pct": 99.17954749103941,
    "source_halo_p95": 11.62500019868215,
    "source_residual_p50": 0.6018066393832365,
    "source_residual_p95": 9.714846154054007,
    "source_stretch_pct": 7.0471540604151,
    "source_stretch_support": 9.342447916666666,
    "static_jitter": 0.7318980864116124,
    "static_support": 0.7286837925843553,
    "stretch_area": 3.4906112638919926,
    "swim": 0.2535108250120412,
    "vmisalign_pct": 0.0017162704167895297,
    "vmisalign_px": 0.005346010647675333,
    "warp_hole_pct": 1.0268490516726405,
    "_n": 24,
    "_models": [
      ""
    ],
    "flicker_p50": 1.0791133642196655,
    "flicker_p95": 43.78143737316125,
    "flicker_disocc_p50": 3.628558874130249,
    "flicker_disocc_p95": 49.86813955307001,
    "swim_p50": 0.0,
    "swim_p95": 0.616346687078475,
    "static_jitter_p50": 0.9999923706054688,
    "static_jitter_p95": 1.000015139579773,
    "flow_temporal_p50": 2.0218441486358643,
    "flow_temporal_p95": 3.641505718231201,
    "flow_depth_p50": 1.8583698272705078,
    "flow_depth_p95": 30.350088119506836,
    "q_clean": 74.7,
    "q_depth": 37.7,
    "score": 74.7
  },
  "perf_ms": {
    "depth_infer": 1.49418,
    "depth_postprocess_gpu": 0.076896,
    "depth_preprocess_gpu": 0.17408,
    "sbs_composite_cpu": 4.0683,
    "warp_infer": 3.95562
  },
  "meta": {
    "git_sha": "e15f08f1",
    "git_dirty": true,
    "run_kind": "baseline_gate",
    "baseline_identities": {},
    "clip_set_sha1": {
      "aigen_cogvideox_rain": "5a3b6632212b",
      "anime_morevna_closeup": "e44f93df938a",
      "c339": "db5f34629467",
      "c525": "b3b3400d5e3b",
      "c647": "dfff8c7b9459",
      "c747": "1ff2aa060c61",
      "c841": "e1afc2353d88",
      "fast_motion": "5ac142ec4eff",
      "flat_page": "a839c5fb2d32",
      "flat_transition": "2f5bde33326b",
      "scene_cut": "c912fa5c33a7"
    },
    "mode": "profile",
    "suite": "core",
    "clips_root": "E:\\Git\\Repo\\Apollo-3D\\tools\\sbsbench\\clips",
    "extra_args": [],
    "conf": "tools\\sbsbench\\bench.conf",
    "model": "depth_anything_v2_fp16",
    "profile": "apollo",
    "adaptive_pop": true,
    "adaptive_pop_max": 1.3,
    "pop_strength": 1.25,
    "ema": 0.5,
    "ema_edge_change": 0.05,
    "ema_edge_gradient": 0.02,
    "ema_edge_strength": 0.25,
    "minmax_ema": 0.18,
    "subject_lock": 0.5,
    "subject_recenter": 0.35,
    "subject_stretch": true,
    "depth_short_side": 432,
    "depth_max_aspect": 4,
    "zero_plane": "legacy",
    "cuda_graph": true,
    "artistic_style": "immersive",
    "artistic_policy": true,
    "artistic_policy_consumed": false,
    "artistic_policy_authorization": "none",
    "model_onnx_sha256": "",
    "policy_metadata_sha256": "",
    "deployment_geometry_allowlist_sha256": "",
    "artistic_scale_override": 0,
    "output_interval": 1,
    "output_gt_right_only": false,
    "literal_bestv2": false,
    "depth_compensation": "none",
    "eval_schema": 29,
    "depth_step": "current-once",
    "depth_reuse_interval": 1,
    "conf_sha256": "679341c6d0d9db4d",
    "metric_sha256": "88028fadef928b53",
    "policy_warp_source_sha256": "86889c3f389a4c54ebcf0262f479ec71aadd81c42847a50bb39bf2fcce2fd132",
    "gpu_contention": false,
    "timestamp": "2026-07-15T13:07:58",
    "run_name": "eval29-required-evidence-core-baseline",
    "depth_override_frames": 0,
    "harness_schema": 24,
    "source_width": 854,
    "source_height": 482,
    "model_input_width": 770,
    "model_input_height": 434,
    "eye_width": 854,
    "eye_height": 482,
    "color_mode": "sdr-srgb-8bit",
    "content_scale_x": 1,
    "content_scale_y": 1,
    "disparity_raster_width": 854,
    "disparity_raster_height": 482,
    "artifact_mode": "full",
    "warp_disparity": "exact_clamped_full_binocular_normalized_at_output_eye_raster_zero_bars",
    "warp_unclamped_disparity": "unclamped_full_binocular_normalized_at_artistic_scale_1_output_eye_raster_zero_bars",
    "artistic_disparity_contract": "clamp(raw_baseline_times_scale_to_plus_or_minus_0.142_times_aspect_scale_times_content_scale_x)",
    "artistic_full_clamp_abs": 0.189973816,
    "warp_mask": {
      "red": "forward_disocclusion_before_fill"
    },
    "cuda_graph_captured": true,
    "name": "warrior-cliff",
    "description": "Banner-bearing warrior on a cloudy mountaintop, hair against bright sky.",
    "clip_sha1": "b3b3400d5e3b"
  }
}