{
  "aggregate": {
    "artifact_in_hole_pct": 46.23633398956443,
    "depth_spread": 0.9167362861335278,
    "disocc_frac": 0.05028498628211233,
    "disocc_smear": 0.0,
    "edge_acc_p50": 0.3333333333333333,
    "edge_acc_p95": 23.12708330154419,
    "flicker": 5.16219294168379,
    "flicker_disocc": 8.294212967157364,
    "flow_depth": 6.69019213176909,
    "flow_support": 0.8841499660326085,
    "flow_temporal": 2.0474932262940064,
    "hole_bad_fill_pct": 7.927198151297403,
    "hole_source_residual_p95": 25.081472265720365,
    "image_integrity_pct": 99.22506738544475,
    "negative_disparity_pct": 1.049825676896104,
    "pop_pct_p50": 0.10731076187102064,
    "pop_px_p50": 1.2260453267397204,
    "pop_px_p95": 11.951083555905228,
    "pop_spread_pct": 0.9595936734673248,
    "pop_spread_px": 10.96353542189631,
    "positive_disparity_pct": 0.0010568863377166029,
    "rim_over_p50": 0.0,
    "rim_over_p95": 7.523344258467357,
    "source_coverage_pct": 99.1907482078853,
    "source_halo_p95": 11.612499515215555,
    "source_residual_p50": 0.601842804501454,
    "source_residual_p95": 9.745471278826395,
    "source_stretch_pct": 7.020888731533437,
    "source_stretch_support": 9.351377133969907,
    "static_jitter": 0.7447732417356401,
    "static_support": 0.7286837925843553,
    "stretch_area": 3.5085279265096965,
    "swim": 0.2561326830283455,
    "vmisalign_pct": 0.0020305716907953325,
    "vmisalign_px": 0.00587002048753978,
    "warp_hole_pct": 1.036766353046595,
    "_n": 24,
    "_models": [
      ""
    ],
    "flicker_p50": 1.0767409801483154,
    "flicker_p95": 43.77908258438104,
    "flicker_disocc_p50": 3.618504047393799,
    "flicker_disocc_p95": 49.74921340942377,
    "swim_p50": 0.0,
    "swim_p95": 0.6653731763362873,
    "static_jitter_p50": 0.9999923706054688,
    "static_jitter_p95": 1.000015139579773,
    "flow_temporal_p50": 2.0221657752990723,
    "flow_temporal_p95": 3.6079044342041016,
    "flow_depth_p50": 1.831606149673462,
    "flow_depth_p95": 30.335140228271484,
    "q_clean": 74.7,
    "q_depth": 38.4,
    "score": 74.7
  },
  "perf_ms": {
    "depth_infer": 2.01779,
    "sbs_composite_cpu": 0.0066,
    "warp_infer": 0.129376
  },
  "meta": {
    "git_sha": "5c7f3e38",
    "git_dirty": true,
    "clip_set_sha1": {
      "aigen_cogvideox_rain": "5a3b6632212b",
      "anime_morevna_closeup": "e44f93df938a",
      "c339": "db5f34629467",
      "c525": "b3b3400d5e3b",
      "c647": "dfff8c7b9459",
      "c747": "1ff2aa060c61",
      "c841": "e1afc2353d88",
      "fast_motion": "5ac142ec4eff",
      "flat_page": "a839c5fb2d32",
      "flat_transition": "2f5bde33326b",
      "scene_cut": "c912fa5c33a7"
    },
    "mode": "profile",
    "suite": "core",
    "clips_root": "E:\\Git\\Repo\\Apollo-3D\\tools\\sbsbench\\clips",
    "extra_args": [],
    "conf": "tools\\sbsbench\\bench.conf",
    "model": "depth_anything_v2_fp16",
    "profile": "apollo",
    "literal_bestv2": false,
    "depth_compensation": "none",
    "eval_schema": 18,
    "depth_step": "current-once",
    "depth_reuse_interval": 1,
    "conf_sha256": "679341c6d0d9db4d",
    "metric_sha256": "b5cd2854f4b2144d",
    "gpu_contention": false,
    "timestamp": "2026-07-12T19:30:14",
    "run_name": "evalv18-apollo-core",
    "name": "warrior-cliff",
    "description": "Banner-bearing warrior on a cloudy mountaintop, hair against bright sky.",
    "clip_sha1": "b3b3400d5e3b"
  }
}