{
  "aggregate": {
    "artifact_in_hole_pct": 47.49235381120784,
    "depth_spread": 0.9164805399874846,
    "disocc_frac": 0.05002534651027951,
    "disocc_smear": 0.0,
    "edge_acc_p50": 0.2916666666666667,
    "edge_acc_p95": 23.12708330154419,
    "flicker": 5.157524263243312,
    "flicker_disocc": 8.234261762188828,
    "flow_depth": 6.698711117108663,
    "flow_support": 0.8841499660326085,
    "flow_temporal": 2.0043824673408555,
    "hole_bad_fill_pct": 7.892402842336615,
    "hole_source_residual_p95": 24.963298598925274,
    "image_integrity_pct": 99.23149521369827,
    "negative_disparity_pct": 1.0498525859599732,
    "pop_pct_p50": 0.10736800456797994,
    "pop_px_p50": 1.2266993351529798,
    "pop_px_p95": 11.951510710177288,
    "pop_spread_pct": 0.9591038297791951,
    "pop_spread_px": 10.957938867047636,
    "positive_disparity_pct": 0.0,
    "rim_over_p50": 0.0,
    "rim_over_p95": 7.373885830243428,
    "source_coverage_pct": 99.19914874551972,
    "source_halo_p95": 11.9166659116745,
    "source_residual_p50": 0.6018428765237331,
    "source_residual_p95": 9.735708057880402,
    "source_stretch_pct": 7.090717329197929,
    "source_stretch_support": 9.355220088252315,
    "static_jitter": 0.7103348743347895,
    "static_support": 0.7286837925843553,
    "stretch_area": 3.4598391427858814,
    "swim": 0.2568093771519868,
    "vmisalign_pct": 0.001967212579433354,
    "vmisalign_px": 0.005664425950574999,
    "warp_hole_pct": 1.0252156137992834,
    "warp_unresolved_pct": 0.0,
    "_n": 24,
    "_models": [
      ""
    ],
    "flicker_p50": 1.0799131393432617,
    "flicker_p95": 43.7773804187774,
    "flicker_disocc_p50": 3.686201333999634,
    "flicker_disocc_p95": 49.78909959793084,
    "swim_p50": 0.0,
    "swim_p95": 0.6653731763362873,
    "static_jitter_p50": 0.9999923706054688,
    "static_jitter_p95": 1.000015139579773,
    "flow_temporal_p50": 2.019139289855957,
    "flow_temporal_p95": 3.6501221656799316,
    "flow_depth_p50": 1.8309880495071411,
    "flow_depth_p95": 30.351913452148438,
    "q_clean": 74.4,
    "q_depth": 38.4,
    "score": 74.4
  },
  "perf_ms": {
    "depth_infer": 2.18221,
    "sbs_composite_cpu": 0.0061,
    "warp_infer": 0.1296
  },
  "meta": {
    "git_sha": "3d4bbc78",
    "git_dirty": true,
    "clip_set_sha1": {
      "aigen_cogvideox_rain": "5a3b6632212b",
      "anime_morevna_closeup": "e44f93df938a",
      "c339": "db5f34629467",
      "c525": "b3b3400d5e3b",
      "c647": "dfff8c7b9459",
      "c747": "1ff2aa060c61",
      "c841": "e1afc2353d88",
      "fast_motion": "5ac142ec4eff",
      "flat_page": "a839c5fb2d32",
      "flat_transition": "2f5bde33326b",
      "scene_cut": "c912fa5c33a7"
    },
    "mode": "profile",
    "suite": "core",
    "clips_root": "E:\\Git\\Repo\\Apollo-3D\\tools\\sbsbench\\clips",
    "extra_args": [],
    "conf": "tools\\sbsbench\\bench.conf",
    "model": "depth_anything_v2_fp16",
    "profile": "apollo",
    "warp": "apollo",
    "literal_bestv2": false,
    "depth_compensation": "none",
    "eval_schema": 15,
    "depth_step": "current-once",
    "depth_reuse_interval": 1,
    "conf_sha256": "679341c6d0d9db4d",
    "metric_sha256": "dbe6b364336d0f4a",
    "gpu_contention": false,
    "timestamp": "2026-07-12T17:24:52",
    "run_name": "evalv15-matched-only-core",
    "name": "warrior-cliff",
    "description": "Banner-bearing warrior on a cloudy mountaintop, hair against bright sky.",
    "clip_sha1": "b3b3400d5e3b"
  }
}