{
  "aggregate": {
    "artifact_in_hole_pct": 46.58088259293569,
    "depth_spread": 0.9566600273052851,
    "disocc_frac": 0.05028792178050732,
    "disocc_smear": 0.0,
    "edge_acc_p50": 0.3333333333333333,
    "edge_acc_p95": 23.127085367838543,
    "flicker": 5.153296399213698,
    "flicker_disocc": 8.225273147873256,
    "flow_depth": 1.556535461119243,
    "flow_support": 0.8841499660326085,
    "flow_temporal": 1.9950713441662846,
    "hole_bad_fill_pct": 6.771556871367856,
    "hole_source_residual_p95": 24.41002209186554,
    "image_integrity_pct": 99.23803101820634,
    "negative_disparity_pct": 1.0499361633582063,
    "pop_pct_p50": 0.10821540053001943,
    "pop_px_p50": 1.2363809909444592,
    "pop_px_p95": 11.953911558636571,
    "pop_spread_pct": 0.9578754820488022,
    "pop_spread_px": 10.943904766756093,
    "positive_disparity_pct": 0.0015153512162893138,
    "rim_over_p50": 0.0,
    "rim_over_p95": 7.452482362588246,
    "source_coverage_pct": 99.20474910394266,
    "source_halo_p95": 11.743748128414154,
    "source_residual_p50": 0.601842804501454,
    "source_residual_p95": 9.74268635114034,
    "source_stretch_pct": 7.1268337233134735,
    "source_stretch_support": 9.35657642505787,
    "static_jitter": 0.69008802374204,
    "static_support": 0.7286837925843553,
    "stretch_area": 3.491522280635266,
    "swim": 0.11537833058315775,
    "vmisalign_pct": 0.0016543267901476737,
    "vmisalign_px": 0.00526102786049402,
    "warp_hole_pct": 1.023115479390681,
    "_n": 24,
    "_models": [
      ""
    ],
    "flicker_p50": 1.0759046077728271,
    "flicker_p95": 43.782057619094786,
    "flicker_disocc_p50": 3.6187145709991455,
    "flicker_disocc_p95": 49.863184547424254,
    "swim_p50": 0.0,
    "swim_p95": 0.6268523633480062,
    "static_jitter_p50": 0.9999923706054688,
    "static_jitter_p95": 1.000015139579773,
    "flow_temporal_p50": 2.022456407546997,
    "flow_temporal_p95": 3.62331223487854,
    "flow_depth_p50": 1.5856928825378418,
    "flow_depth_p95": 3.025880813598633,
    "q_clean": 74.5,
    "q_depth": 38.3,
    "score": 74.5
  },
  "perf_ms": {
    "depth_infer": 1.45875,
    "depth_postprocess_gpu": 0.087168,
    "depth_preprocess_gpu": 0.151648,
    "sbs_composite_cpu": 0.005,
    "warp_infer": 0.055008
  },
  "meta": {
    "git_sha": "e15f08f1",
    "git_dirty": true,
    "clip_set_sha1": {
      "aigen_cogvideox_rain": "5a3b6632212b",
      "anime_morevna_closeup": "e44f93df938a",
      "c339": "db5f34629467",
      "c525": "b3b3400d5e3b",
      "c647": "dfff8c7b9459",
      "c747": "1ff2aa060c61",
      "c841": "e1afc2353d88",
      "fast_motion": "5ac142ec4eff",
      "flat_page": "a839c5fb2d32",
      "flat_transition": "2f5bde33326b",
      "scene_cut": "c912fa5c33a7"
    },
    "mode": "profile",
    "suite": "core",
    "clips_root": "E:\\Git\\Repo\\Apollo-3D\\tools\\sbsbench\\clips",
    "extra_args": [],
    "conf": "tools\\sbsbench\\bench.conf",
    "model": "depth_anything_v2_fp16",
    "profile": "apollo",
    "adaptive_pop": true,
    "adaptive_pop_max": 1.3,
    "zero_plane": "legacy",
    "literal_bestv2": false,
    "depth_compensation": "none",
    "eval_schema": 26,
    "depth_step": "current-once",
    "depth_reuse_interval": 1,
    "conf_sha256": "679341c6d0d9db4d",
    "metric_sha256": "bb8f6540c80451a4",
    "executable_sha256": "486322e71404be5f24c8875968b343f18ebb2856304aab6198a02d15b8db4f5b",
    "runtime_shader_sha256": "0d7165f0f96f77ed197bcb0ac5641fcba1d044df1268ea5ed8be90e65e1365ca",
    "engine_name": "depth_anything_v2_fp16.trt-opt770x434-level5-v2.trt11_1_0-sm120-gpuec0860237209d3fe-onnx2df6223f206b5164e21f664ace61dabeb9bb6a49b8b5a3e00510b4807d0f5b04.engine",
    "engine_sha256": "e54fe5b921df85b65cba29be6ef7e4cbb0c51b90b0f850947eba22521a290f28",
    "onnx_sha256": "2df6223f206b5164e21f664ace61dabeb9bb6a49b8b5a3e00510b4807d0f5b04",
    "gpu_contention": false,
    "run_kind": "baseline-update",
    "timestamp": "2026-07-17T18:50:21",
    "run_name": "review-fix26-baseline-core",
    "cuda_graph": true,
    "cuda_graph_captured": true,
    "source_frame_count": 24,
    "name": "warrior-cliff",
    "description": "Banner-bearing warrior on a cloudy mountaintop, hair against bright sky.",
    "clip_sha1": "b3b3400d5e3b"
  }
}