{
  "aggregate": {
    "artifact_in_hole_pct": 46.56646576989092,
    "depth_spread": 0.9171209136644999,
    "disocc_frac": 0.050298853981426604,
    "disocc_smear": 0.0,
    "edge_acc_p50": 0.3333333333333333,
    "edge_acc_p95": 23.12916660308838,
    "flicker": 5.161665523667699,
    "flicker_disocc": 8.320260297992956,
    "flow_depth": 6.692315007959094,
    "flow_support": 0.8841499660326085,
    "flow_temporal": 2.045504332298324,
    "hole_bad_fill_pct": 6.955496292450568,
    "hole_source_residual_p95": 24.505604612827298,
    "image_integrity_pct": 99.26480507217052,
    "negative_disparity_pct": 1.050123653986464,
    "pop_pct_p50": 0.1083063957174708,
    "pop_px_p50": 1.2374206278120514,
    "pop_px_p95": 11.966263093143885,
    "pop_spread_pct": 0.9590106386536995,
    "pop_spread_px": 10.95687414118123,
    "positive_disparity_pct": 0.0013899525967537366,
    "rim_over_p50": 0.0,
    "rim_over_p95": 7.568650921185811,
    "source_coverage_pct": 99.18794802867383,
    "source_halo_p95": 11.622917254765829,
    "source_residual_p50": 0.6018066393832365,
    "source_residual_p95": 9.71009091536204,
    "source_stretch_pct": 7.049562705865196,
    "source_stretch_support": 9.337587709780093,
    "static_jitter": 0.7251550413313366,
    "static_support": 0.7286837925843553,
    "stretch_area": 3.49142105655268,
    "swim": 0.25494846831197326,
    "vmisalign_pct": 0.0017433190579174466,
    "vmisalign_px": 0.005283398999987791,
    "warp_hole_pct": 1.0235821759259258,
    "_n": 24,
    "_models": [
      ""
    ],
    "flicker_p50": 1.0790640115737915,
    "flicker_p95": 43.78131887912744,
    "flicker_disocc_p50": 3.6213204860687256,
    "flicker_disocc_p95": 49.86383962631219,
    "swim_p50": 0.0,
    "swim_p95": 0.6548675000667562,
    "static_jitter_p50": 0.9999923706054688,
    "static_jitter_p95": 1.000015139579773,
    "flow_temporal_p50": 2.022456407546997,
    "flow_temporal_p95": 3.6467795372009277,
    "flow_depth_p50": 1.84059739112854,
    "flow_depth_p95": 30.331119537353516,
    "q_clean": 74.7,
    "q_depth": 38.4,
    "score": 74.7
  },
  "perf_ms": {
    "depth_infer": 1.4569,
    "depth_postprocess_gpu": 0.076096,
    "depth_preprocess_gpu": 0.101216,
    "sbs_composite_cpu": 0.0039,
    "warp_infer": 0.055392
  },
  "meta": {
    "git_sha": "b3d7bd33",
    "git_dirty": true,
    "clip_set_sha1": {
      "aigen_cogvideox_rain": "5a3b6632212b",
      "anime_morevna_closeup": "e44f93df938a",
      "c339": "db5f34629467",
      "c525": "b3b3400d5e3b",
      "c647": "dfff8c7b9459",
      "c747": "1ff2aa060c61",
      "c841": "e1afc2353d88",
      "fast_motion": "5ac142ec4eff",
      "flat_page": "a839c5fb2d32",
      "flat_transition": "2f5bde33326b",
      "scene_cut": "c912fa5c33a7"
    },
    "mode": "profile",
    "suite": "core",
    "clips_root": "E:\\Git\\Repo\\Apollo-3D\\tools\\sbsbench\\clips",
    "extra_args": [],
    "conf": "tools\\sbsbench\\bench.conf",
    "model": "depth_anything_v2_fp16",
    "profile": "apollo",
    "adaptive_pop": true,
    "adaptive_pop_max": 1.3,
    "literal_bestv2": false,
    "depth_compensation": "none",
    "eval_schema": 22,
    "depth_step": "current-once",
    "depth_reuse_interval": 1,
    "conf_sha256": "679341c6d0d9db4d",
    "metric_sha256": "7107823751182d07",
    "gpu_contention": false,
    "timestamp": "2026-07-14T14:39:31",
    "run_name": "art-validity-core",
    "cuda_graph": true,
    "cuda_graph_captured": true,
    "name": "warrior-cliff",
    "description": "Banner-bearing warrior on a cloudy mountaintop, hair against bright sky.",
    "clip_sha1": "b3b3400d5e3b"
  }
}