{
  "aggregate": {
    "depth_spread": 0.8790705042580763,
    "disocc_frac": 0.05790672570257612,
    "disocc_smear": 0.0,
    "edge_acc_p50": 0.75,
    "edge_acc_p95": 24.0,
    "flicker": 6.507625303838564,
    "flicker_disocc": 21.48303648699885,
    "flow_depth": 8.678033061649488,
    "flow_support": 0.8407412911382849,
    "flow_temporal": 4.597212032131527,
    "image_integrity_pct": 98.96949711459192,
    "negative_disparity_pct": 1.4049428216055193,
    "pop_pct_p50": 0.4766948685743242,
    "pop_px_p50": 4.070974177624728,
    "pop_px_p95": 11.722812232509417,
    "pop_spread_pct": 0.9892506297581791,
    "pop_spread_px": 8.44820037813485,
    "positive_disparity_pct": 0.0,
    "rim_over_p50": 0.0,
    "rim_over_p95": 4.1416609187920885,
    "source_coverage_pct": 98.9807347670251,
    "source_halo_p95": 7.0895828902721405,
    "source_residual_p50": 2.8055057326952615,
    "source_residual_p95": 13.245362202326456,
    "source_stretch_pct": 7.66521743387928,
    "source_stretch_support": 10.915346498842593,
    "static_jitter": 2.2988521482633506,
    "static_support": 0.6121261200488749,
    "stretch_area": 15.089326372625555,
    "swim": 1.5330735393192456,
    "vmisalign_pct": 0.004667755953657131,
    "vmisalign_px": 0.014421754778595641,
    "_n": 24,
    "_models": [
      ""
    ],
    "flicker_p50": 8.622359275817871,
    "flicker_p95": 14.532532024383542,
    "flicker_disocc_p50": 25.47782325744629,
    "flicker_disocc_p95": 49.15582160949706,
    "swim_p50": 0.40856167674064636,
    "swim_p95": 7.194551396369929,
    "static_jitter_p50": 1.7873936891555786,
    "static_jitter_p95": 2.0000014901161194,
    "flow_temporal_p50": 5.790355682373047,
    "flow_temporal_p95": 6.814140892028808,
    "flow_depth_p50": 4.794256687164307,
    "flow_depth_p95": 27.89874334335325,
    "q_clean": 71.9,
    "q_depth": 39.6,
    "score": 71.9
  },
  "perf_ms": {
    "depth_infer": 2.04666,
    "sbs_composite_cpu": 0.0065,
    "warp_infer": 0.100896
  },
  "meta": {
    "git_sha": "97199f2b",
    "git_dirty": true,
    "clip_set_sha1": {
      "aigen_cogvideox_rain": "5a3b6632212b",
      "anime_morevna_closeup": "e44f93df938a",
      "c339": "db5f34629467",
      "c525": "b3b3400d5e3b",
      "c647": "dfff8c7b9459",
      "c747": "1ff2aa060c61",
      "c841": "e1afc2353d88",
      "fast_motion": "5ac142ec4eff",
      "flat_page": "a839c5fb2d32",
      "flat_transition": "2f5bde33326b",
      "scene_cut": "c912fa5c33a7"
    },
    "mode": "profile",
    "suite": "core",
    "clips_root": "E:\\Git\\Repo\\Apollo-3D\\tools\\sbsbench\\clips",
    "extra_args": [],
    "conf": "tools\\sbsbench\\bench.conf",
    "model": "depth_anything_v2_fp16",
    "profile": "apollo",
    "warp": "apollo",
    "eval_schema": 9,
    "depth_step": "current-once",
    "conf_sha256": "726e61c492e2375e",
    "metric_sha256": "029a1b88ce8d8c83",
    "gpu_contention": false,
    "timestamp": "2026-07-11T18:28:11",
    "run_name": "profile-owned-default-baseline",
    "name": "washerwoman-pond",
    "description": "Woman washing laundry by a lantern-lit courtyard pond at night.",
    "content_type": "ai-generated",
    "source_artifacts": "Visual inspection of frames 1, 12 and 24 found strong pre-existing bloom and clipped white edges around the dress, arms, lantern, cloth, wet stone and water reflections. Fine hair/hand geometry also changes in the source; those effects are not automatically warp halos or white-line regressions.",
    "clip_sha1": "dfff8c7b9459"
  }
}