{
  "aggregate": {
    "artifact_in_hole_pct": 29.129589081049556,
    "depth_spread": 0.8790705042580763,
    "disocc_frac": 0.05790672570257612,
    "disocc_smear": 0.0,
    "edge_acc_p50": 0.75,
    "edge_acc_p95": 24.0,
    "flicker": 6.631662718627764,
    "flicker_disocc": 21.586837385011755,
    "flow_depth": 8.678033061649488,
    "flow_support": 0.8407412911382849,
    "flow_temporal": 5.134883616281592,
    "hole_bad_fill_pct": 5.412239824115449,
    "hole_source_residual_p95": 24.24455502827961,
    "image_integrity_pct": 99.32778815141742,
    "negative_disparity_pct": 1.4059231727742372,
    "pop_pct_p50": 0.49160428035147213,
    "pop_px_p50": 5.593364256443416,
    "pop_px_p95": 15.547144753553992,
    "pop_spread_pct": 1.002507807413154,
    "pop_spread_px": 11.406311053234106,
    "positive_disparity_pct": 0.0,
    "rim_over_p50": 0.0,
    "rim_over_p95": 3.0007670670747757,
    "source_coverage_pct": 99.17954749103941,
    "source_halo_p95": 7.937499920527141,
    "source_residual_p50": 2.231507365902265,
    "source_residual_p95": 12.02522043387095,
    "source_stretch_pct": 5.100525909511454,
    "source_stretch_support": 11.174067744502315,
    "static_jitter": 2.708254047062086,
    "static_support": 0.6121261200488749,
    "stretch_area": 15.055884888108247,
    "swim": 1.5330735393192456,
    "vmisalign_pct": 0.004353009086723129,
    "vmisalign_px": 0.013512176277193552,
    "warp_hole_pct": 0.9648950866188769,
    "warp_unresolved_pct": 0.0,
    "_n": 24,
    "_models": [
      ""
    ],
    "flicker_p50": 8.669537544250488,
    "flicker_p95": 14.559123897552487,
    "flicker_disocc_p50": 26.92401123046875,
    "flicker_disocc_p95": 48.003678894042956,
    "swim_p50": 0.40856167674064636,
    "swim_p95": 7.194551396369929,
    "static_jitter_p50": 1.9999998807907104,
    "static_jitter_p95": 2.6939239740371703,
    "flow_temporal_p50": 6.1583123207092285,
    "flow_temporal_p95": 7.482637357711792,
    "flow_depth_p50": 4.794256687164307,
    "flow_depth_p95": 27.89874334335325,
    "q_clean": 73.0,
    "q_depth": 40.1,
    "score": 73.0
  },
  "perf_ms": {
    "depth_infer": 2.00874,
    "sbs_composite_cpu": 0.0069,
    "warp_infer": 0.130336
  },
  "meta": {
    "git_sha": "d4ba47b8",
    "git_dirty": true,
    "clip_set_sha1": {
      "aigen_cogvideox_rain": "5a3b6632212b",
      "anime_morevna_closeup": "e44f93df938a",
      "c339": "db5f34629467",
      "c525": "b3b3400d5e3b",
      "c647": "dfff8c7b9459",
      "c747": "1ff2aa060c61",
      "c841": "e1afc2353d88",
      "fast_motion": "5ac142ec4eff",
      "flat_page": "a839c5fb2d32",
      "flat_transition": "2f5bde33326b",
      "scene_cut": "c912fa5c33a7"
    },
    "mode": "profile",
    "suite": "core",
    "clips_root": "E:\\Git\\Repo\\Apollo-3D\\tools\\sbsbench\\clips",
    "extra_args": [],
    "conf": "tools\\sbsbench\\bench.conf",
    "model": "depth_anything_v2_fp16",
    "profile": "apollo",
    "warp": "apollo",
    "literal_bestv2": false,
    "depth_compensation": "none",
    "eval_schema": 13,
    "depth_step": "current-once",
    "depth_reuse_interval": 1,
    "conf_sha256": "679341c6d0d9db4d",
    "metric_sha256": "84e0167a1f5bca85",
    "gpu_contention": false,
    "timestamp": "2026-07-12T16:02:11",
    "run_name": "evalv13-contract-apollo-core",
    "name": "washerwoman-pond",
    "description": "Woman washing laundry by a lantern-lit courtyard pond at night.",
    "content_type": "ai-generated",
    "source_artifacts": "Visual inspection of frames 1, 12 and 24 found strong pre-existing bloom and clipped white edges around the dress, arms, lantern, cloth, wet stone and water reflections. Fine hair/hand geometry also changes in the source; those effects are not automatically warp halos or white-line regressions.",
    "clip_sha1": "dfff8c7b9459"
  }
}