{
  "aggregate": {
    "artifact_in_hole_pct": 28.588009834013338,
    "depth_spread": 0.8792810502151648,
    "disocc_frac": 0.05854872088862867,
    "disocc_smear": 0.0,
    "edge_acc_p50": 0.75,
    "edge_acc_p95": 24.0,
    "flicker": 6.632917374372482,
    "flicker_disocc": 21.908983787764672,
    "flow_depth": 8.579644825147545,
    "flow_support": 0.8407412911382849,
    "flow_temporal": 5.148458973221157,
    "hole_bad_fill_pct": 5.128536432975491,
    "hole_source_residual_p95": 23.816866250832874,
    "image_integrity_pct": 99.35194074886847,
    "negative_disparity_pct": 1.4055986346511418,
    "pop_pct_p50": 0.4917599369324319,
    "pop_px_p50": 5.595135282431225,
    "pop_px_p95": 15.548413338640026,
    "pop_spread_pct": 1.003459096955407,
    "pop_spread_px": 11.417134614248184,
    "positive_disparity_pct": 0.0,
    "rim_over_p50": 0.0,
    "rim_over_p95": 3.049751430749893,
    "source_coverage_pct": 99.20194892473118,
    "source_halo_p95": 7.764582475026448,
    "source_residual_p50": 2.2337721784909568,
    "source_residual_p95": 12.025107502937317,
    "source_stretch_pct": 5.140703471570659,
    "source_stretch_support": 11.002378110532407,
    "static_jitter": 2.7046851230704267,
    "static_support": 0.6121261200488749,
    "stretch_area": 15.099694249284411,
    "swim": 1.5327348799809166,
    "vmisalign_pct": 0.0042267564761762815,
    "vmisalign_px": 0.013926711990886057,
    "warp_hole_pct": 0.9512442129629629,
    "_n": 24,
    "_models": [
      ""
    ],
    "flicker_p50": 8.668251991271973,
    "flicker_p95": 14.554462623596189,
    "flicker_disocc_p50": 27.122615814208984,
    "flicker_disocc_p95": 48.78663825988768,
    "swim_p50": 0.4163360595703125,
    "swim_p95": 7.159142994880671,
    "static_jitter_p50": 1.9999998807907104,
    "static_jitter_p95": 2.4699935197830194,
    "flow_temporal_p50": 6.174891948699951,
    "flow_temporal_p95": 7.512219381332398,
    "flow_depth_p50": 4.704925537109375,
    "flow_depth_p95": 27.90084695816038,
    "q_clean": 73.3,
    "q_depth": 40.1,
    "score": 73.3
  },
  "perf_ms": {
    "depth_infer": 1.45587,
    "depth_postprocess_gpu": 0.0688,
    "depth_preprocess_gpu": 0.104224,
    "sbs_composite_cpu": 0.0039,
    "warp_infer": 0.055424
  },
  "meta": {
    "git_sha": "b3d7bd33",
    "git_dirty": true,
    "clip_set_sha1": {
      "aigen_cogvideox_rain": "5a3b6632212b",
      "anime_morevna_closeup": "e44f93df938a",
      "c339": "db5f34629467",
      "c525": "b3b3400d5e3b",
      "c647": "dfff8c7b9459",
      "c747": "1ff2aa060c61",
      "c841": "e1afc2353d88",
      "fast_motion": "5ac142ec4eff",
      "flat_page": "a839c5fb2d32",
      "flat_transition": "2f5bde33326b",
      "scene_cut": "c912fa5c33a7"
    },
    "mode": "profile",
    "suite": "core",
    "clips_root": "E:\\Git\\Repo\\Apollo-3D\\tools\\sbsbench\\clips",
    "extra_args": [],
    "conf": "tools\\sbsbench\\bench.conf",
    "model": "depth_anything_v2_fp16",
    "profile": "apollo",
    "adaptive_pop": true,
    "adaptive_pop_max": 1.3,
    "literal_bestv2": false,
    "depth_compensation": "none",
    "eval_schema": 22,
    "depth_step": "current-once",
    "depth_reuse_interval": 1,
    "conf_sha256": "679341c6d0d9db4d",
    "metric_sha256": "7107823751182d07",
    "gpu_contention": false,
    "timestamp": "2026-07-14T14:39:31",
    "run_name": "art-validity-core",
    "cuda_graph": true,
    "cuda_graph_captured": true,
    "name": "washerwoman-pond",
    "description": "Woman washing laundry by a lantern-lit courtyard pond at night.",
    "content_type": "ai-generated",
    "source_artifacts": "Visual inspection of frames 1, 12 and 24 found strong pre-existing bloom and clipped white edges around the dress, arms, lantern, cloth, wet stone and water reflections. Fine hair/hand geometry also changes in the source; those effects are not automatically warp halos or white-line regressions.",
    "clip_sha1": "dfff8c7b9459"
  }
}