{
  "aggregate": {
    "artifact_in_hole_pct": 28.438178609708384,
    "depth_spread": 0.8792810502151648,
    "disocc_frac": 0.05854872088862867,
    "disocc_smear": 0.0,
    "edge_acc_p50": 0.75,
    "edge_acc_p95": 24.0,
    "flicker": 6.633545484231866,
    "flicker_disocc": 21.92001010801481,
    "flow_depth": 8.579644825147545,
    "flow_support": 0.8407412911382849,
    "flow_temporal": 5.149735658065133,
    "hole_bad_fill_pct": 5.103630342510681,
    "hole_source_residual_p95": 23.810624714692427,
    "image_integrity_pct": 99.3581471167561,
    "negative_disparity_pct": 1.4055986527819186,
    "pop_pct_p50": 0.49196263278142255,
    "pop_px_p50": 5.597441510757519,
    "pop_px_p95": 15.548502357837284,
    "pop_spread_pct": 1.0032692384680437,
    "pop_spread_px": 11.414974446569738,
    "positive_disparity_pct": 0.0,
    "rim_over_p50": 0.0,
    "rim_over_p95": 3.0509771605332694,
    "source_coverage_pct": 99.20194892473118,
    "source_halo_p95": 7.770832935969035,
    "source_residual_p50": 2.233807916442553,
    "source_residual_p95": 12.023194432258606,
    "source_stretch_pct": 5.142584668532308,
    "source_stretch_support": 11.003508391203704,
    "static_jitter": 2.705017224602077,
    "static_support": 0.6121261200488749,
    "stretch_area": 15.099592603434814,
    "swim": 1.5327348799809166,
    "vmisalign_pct": 0.004325289046391845,
    "vmisalign_px": 0.014040282946856072,
    "warp_hole_pct": 0.9512442129629629,
    "_n": 24,
    "_models": [
      ""
    ],
    "flicker_p50": 8.668623924255371,
    "flicker_p95": 14.555287647247312,
    "flicker_disocc_p50": 27.17177391052246,
    "flicker_disocc_p95": 48.78036231994628,
    "swim_p50": 0.4163360595703125,
    "swim_p95": 7.159142994880671,
    "static_jitter_p50": 1.9999998807907104,
    "static_jitter_p95": 2.4699935197830194,
    "flow_temporal_p50": 6.174414157867432,
    "flow_temporal_p95": 7.503848361968994,
    "flow_depth_p50": 4.704925537109375,
    "flow_depth_p95": 27.90084695816038,
    "q_clean": 73.3,
    "q_depth": 40.1,
    "score": 73.3
  },
  "perf_ms": {
    "depth_infer": 1.45738,
    "depth_postprocess_gpu": 0.067296,
    "depth_preprocess_gpu": 0.174144,
    "sbs_composite_cpu": 0.0047,
    "warp_infer": 0.055296
  },
  "meta": {
    "git_sha": "54fbc592",
    "git_dirty": true,
    "clip_set_sha1": {
      "aigen_cogvideox_rain": "5a3b6632212b",
      "anime_morevna_closeup": "e44f93df938a",
      "c339": "db5f34629467",
      "c525": "b3b3400d5e3b",
      "c647": "dfff8c7b9459",
      "c747": "1ff2aa060c61",
      "c841": "e1afc2353d88",
      "fast_motion": "5ac142ec4eff",
      "flat_page": "a839c5fb2d32",
      "flat_transition": "2f5bde33326b",
      "scene_cut": "c912fa5c33a7"
    },
    "mode": "profile",
    "suite": "core",
    "clips_root": "E:\\Git\\Repo\\Apollo-3D\\tools\\sbsbench\\clips",
    "extra_args": [],
    "conf": "tools\\sbsbench\\bench.conf",
    "model": "depth_anything_v2_fp16",
    "profile": "apollo",
    "literal_bestv2": false,
    "depth_compensation": "none",
    "eval_schema": 19,
    "depth_step": "current-once",
    "depth_reuse_interval": 1,
    "conf_sha256": "679341c6d0d9db4d",
    "metric_sha256": "4611fd0af2195166",
    "gpu_contention": false,
    "timestamp": "2026-07-14T12:24:09",
    "run_name": "gt-stereo-baseline-core",
    "cuda_graph": true,
    "cuda_graph_captured": true,
    "name": "washerwoman-pond",
    "description": "Woman washing laundry by a lantern-lit courtyard pond at night.",
    "content_type": "ai-generated",
    "source_artifacts": "Visual inspection of frames 1, 12 and 24 found strong pre-existing bloom and clipped white edges around the dress, arms, lantern, cloth, wet stone and water reflections. Fine hair/hand geometry also changes in the source; those effects are not automatically warp halos or white-line regressions.",
    "clip_sha1": "dfff8c7b9459"
  }
}