{
  "aggregate": {
    "depth_spread": 0.8786002124349276,
    "disocc_frac": 0.05791099482825918,
    "disocc_smear": 0.0,
    "edge_acc_p50": 0.75,
    "edge_acc_p95": 24.0,
    "flicker": 6.594569255476412,
    "flicker_disocc": 21.563407185284987,
    "flow_depth": 8.647518043932708,
    "flow_support": 0.8407412911382849,
    "flow_temporal": 4.82258006800776,
    "image_integrity_pct": 98.96212988996494,
    "negative_disparity_pct": 1.3952005986098104,
    "pop_pct_p50": 0.5817200479366903,
    "pop_px_p50": 4.967889209379334,
    "pop_px_p95": 11.275001798130981,
    "pop_spread_pct": 0.8856942212157151,
    "pop_spread_px": 7.563828649182206,
    "positive_disparity_pct": 0.0,
    "rim_over_p50": 0.0,
    "rim_over_p95": 4.174245019753774,
    "source_coverage_pct": 98.68111559139786,
    "source_halo_p95": 6.806250244379044,
    "source_residual_p50": 2.8981793820858,
    "source_residual_p95": 13.097279151280722,
    "source_stretch_pct": 7.131367862996336,
    "source_stretch_support": 10.757107204861112,
    "static_jitter": 2.674982915753904,
    "static_support": 0.6121261200488749,
    "stretch_area": 15.092579039812648,
    "swim": 1.5457616370657217,
    "vmisalign_px": 0.03809015825390816,
    "_n": 24,
    "_models": [
      ""
    ],
    "flicker_p50": 8.600654602050781,
    "flicker_p95": 14.58420896530151,
    "flicker_disocc_p50": 25.747346878051758,
    "flicker_disocc_p95": 49.15904464721678,
    "swim_p50": 0.38132283091545105,
    "swim_p95": 7.254086995124812,
    "static_jitter_p50": 1.9330018758773804,
    "static_jitter_p95": 2.7729673147201535,
    "flow_temporal_p50": 5.796351909637451,
    "flow_temporal_p95": 6.716900205612182,
    "flow_depth_p50": 4.827260971069336,
    "flow_depth_p95": 27.95181999206541,
    "q_clean": 72.1,
    "q_depth": 35.4,
    "score": 72.1
  },
  "perf_ms": {
    "depth_infer": 2.01923,
    "sbs_composite_cpu": 0.0064,
    "warp_infer": 0.142624
  },
  "meta": {
    "git_sha": "6ce94bac",
    "git_dirty": true,
    "clip_set_sha1": {
      "c339": "db5f34629467",
      "c525": "b3b3400d5e3b",
      "c647": "dfff8c7b9459",
      "c747": "1ff2aa060c61",
      "c841": "e1afc2353d88",
      "fast_motion": "5ac142ec4eff",
      "flat_page": "a839c5fb2d32",
      "scene_cut": "c912fa5c33a7"
    },
    "mode": "game",
    "suite": "core",
    "clips_root": "E:\\Git\\Repo\\Apollo-3D\\tools\\sbsbench\\clips",
    "extra_args": [],
    "conf": "tools\\sbsbench\\bench.conf",
    "model": "depth_anything_v2_fp16",
    "warp": "apollo",
    "shift_profile": "bestv2",
    "eval_schema": 4,
    "depth_step": "current-once",
    "conf_sha256": "d78305de3cb0d05f",
    "metric_sha256": "e0797ed1f16ad440",
    "gpu_contention": false,
    "timestamp": "2026-07-10T23:13:45",
    "run_name": "evalv4-core-verified",
    "name": "washerwoman-pond",
    "description": "Woman washing laundry by a lantern-lit courtyard pond at night.",
    "clip_sha1": "dfff8c7b9459"
  }
}