{
  "aggregate": {
    "artifact_in_hole_pct": 25.179141746904435,
    "depth_spread": 0.9175035531322161,
    "disocc_frac": 0.05854089415820973,
    "disocc_smear": 0.0,
    "edge_acc_p50": 0.75,
    "edge_acc_p95": 24.0,
    "flicker": 6.290714359153872,
    "flicker_disocc": 21.123298464423936,
    "flow_depth": 3.8799316280561946,
    "flow_support": 0.8407412911382849,
    "flow_temporal": 4.369672362409208,
    "hole_bad_fill_pct": 4.2089671509303015,
    "hole_source_residual_p95": 23.04094100793202,
    "image_integrity_pct": 99.33783829671636,
    "negative_disparity_pct": 1.406644547560063,
    "pop_pct_p50": 0.5323930084554089,
    "pop_px_p50": 6.0574493406482075,
    "pop_px_p95": 15.972556585207988,
    "pop_spread_pct": 0.9865611014205031,
    "pop_spread_px": 11.22487297616217,
    "positive_disparity_pct": 0.0,
    "rim_over_p50": 0.0,
    "rim_over_p95": 2.76445438961188,
    "source_coverage_pct": 99.47076612903226,
    "source_halo_p95": 8.641662339369455,
    "source_residual_p50": 2.2592314581076303,
    "source_residual_p95": 12.391041199366251,
    "source_stretch_pct": 4.900775190022233,
    "source_stretch_support": 11.130212854456019,
    "static_jitter": 1.3449450705362402,
    "static_support": 0.6121261200488749,
    "stretch_area": 15.11016377179287,
    "swim": 0.37201909631814645,
    "vmisalign_pct": 0.004173039924353361,
    "vmisalign_px": 0.01450166572855475,
    "warp_hole_pct": 0.9708454674432497,
    "_n": 24,
    "_models": [
      ""
    ],
    "flicker_p50": 8.648870468139648,
    "flicker_p95": 14.436065483093259,
    "flicker_disocc_p50": 26.776872634887695,
    "flicker_disocc_p95": 48.41213073730468,
    "swim_p50": 0.31906601786613464,
    "swim_p95": 0.7645911574363707,
    "static_jitter_p50": 1.5025990009307861,
    "static_jitter_p95": 1.9931800007820129,
    "flow_temporal_p50": 6.118019104003906,
    "flow_temporal_p95": 7.496241855621338,
    "flow_depth_p50": 3.4551351070404053,
    "flow_depth_p95": 8.786164665222163,
    "q_clean": 72.8,
    "q_depth": 39.5,
    "score": 72.8
  },
  "perf_ms": {
    "depth_infer": 1.45914,
    "depth_postprocess_gpu": 0.080448,
    "depth_preprocess_gpu": 0.166336,
    "sbs_composite_cpu": 0.0047,
    "warp_infer": 0.054976
  },
  "meta": {
    "git_sha": "e15f08f1",
    "git_dirty": true,
    "clip_set_sha1": {
      "aigen_cogvideox_rain": "5a3b6632212b",
      "anime_morevna_closeup": "e44f93df938a",
      "c339": "db5f34629467",
      "c525": "b3b3400d5e3b",
      "c647": "dfff8c7b9459",
      "c747": "1ff2aa060c61",
      "c841": "e1afc2353d88",
      "fast_motion": "5ac142ec4eff",
      "flat_page": "a839c5fb2d32",
      "flat_transition": "2f5bde33326b",
      "scene_cut": "c912fa5c33a7"
    },
    "mode": "profile",
    "suite": "core",
    "clips_root": "E:\\Git\\Repo\\Apollo-3D\\tools\\sbsbench\\clips",
    "extra_args": [],
    "conf": "tools\\sbsbench\\bench.conf",
    "model": "depth_anything_v2_fp16",
    "profile": "apollo",
    "adaptive_pop": true,
    "adaptive_pop_max": 1.3,
    "zero_plane": "legacy",
    "literal_bestv2": false,
    "depth_compensation": "none",
    "eval_schema": 26,
    "depth_step": "current-once",
    "depth_reuse_interval": 1,
    "conf_sha256": "679341c6d0d9db4d",
    "metric_sha256": "bb8f6540c80451a4",
    "executable_sha256": "486322e71404be5f24c8875968b343f18ebb2856304aab6198a02d15b8db4f5b",
    "runtime_shader_sha256": "0d7165f0f96f77ed197bcb0ac5641fcba1d044df1268ea5ed8be90e65e1365ca",
    "engine_name": "depth_anything_v2_fp16.trt-opt770x434-level5-v2.trt11_1_0-sm120-gpuec0860237209d3fe-onnx2df6223f206b5164e21f664ace61dabeb9bb6a49b8b5a3e00510b4807d0f5b04.engine",
    "engine_sha256": "e54fe5b921df85b65cba29be6ef7e4cbb0c51b90b0f850947eba22521a290f28",
    "onnx_sha256": "2df6223f206b5164e21f664ace61dabeb9bb6a49b8b5a3e00510b4807d0f5b04",
    "gpu_contention": false,
    "run_kind": "baseline-update",
    "timestamp": "2026-07-17T18:50:21",
    "run_name": "review-fix26-baseline-core",
    "cuda_graph": true,
    "cuda_graph_captured": true,
    "source_frame_count": 24,
    "name": "washerwoman-pond",
    "description": "Woman washing laundry by a lantern-lit courtyard pond at night.",
    "content_type": "ai-generated",
    "source_artifacts": "Visual inspection of frames 1, 12 and 24 found strong pre-existing bloom and clipped white edges around the dress, arms, lantern, cloth, wet stone and water reflections. Fine hair/hand geometry also changes in the source; those effects are not automatically warp halos or white-line regressions.",
    "clip_sha1": "dfff8c7b9459"
  }
}