{
  "aggregate": {
    "depth_spread": 0.8790705042580763,
    "disocc_frac": 0.05790672570257612,
    "disocc_smear": 0.0,
    "edge_acc_p50": 0.75,
    "edge_acc_p95": 24.0,
    "flicker": 6.65942608403123,
    "flicker_disocc": 21.264521067557126,
    "flow_depth": 8.678033061649488,
    "flow_support": 0.8407412911382849,
    "flow_temporal": 5.22931263498638,
    "image_integrity_pct": 99.32614096586462,
    "negative_disparity_pct": 1.4060885019159741,
    "pop_pct_p50": 0.49200831698024977,
    "pop_px_p50": 5.597961295419729,
    "pop_px_p95": 15.565633532864993,
    "pop_spread_pct": 1.0114961542125906,
    "pop_spread_px": 11.508578465707695,
    "positive_disparity_pct": 0.00016274356172465005,
    "rim_over_p50": 0.0,
    "rim_over_p95": 3.5053885181744895,
    "source_coverage_pct": 99.40636200716845,
    "source_halo_p95": 6.820832937955856,
    "source_residual_p50": 2.2637400527795157,
    "source_residual_p95": 12.236074169476828,
    "source_stretch_pct": 4.9549192871115855,
    "source_stretch_support": 11.173389576099538,
    "static_jitter": 2.776677624039028,
    "static_support": 0.6121261200488749,
    "stretch_area": 14.423952641165755,
    "swim": 1.5330735393192456,
    "vmisalign_pct": 0.0032540941416906817,
    "vmisalign_px": 0.01088089017624346,
    "_n": 24,
    "_models": [
      ""
    ],
    "flicker_p50": 8.665558815002441,
    "flicker_p95": 14.63054218292236,
    "flicker_disocc_p50": 25.60968017578125,
    "flicker_disocc_p95": 47.9413848876953,
    "swim_p50": 0.40856167674064636,
    "swim_p95": 7.194551396369929,
    "static_jitter_p50": 1.9999924898147583,
    "static_jitter_p95": 3.1700784206390376,
    "flow_temporal_p50": 6.227788925170898,
    "flow_temporal_p95": 7.513011741638183,
    "flow_depth_p50": 4.794256687164307,
    "flow_depth_p95": 27.89874334335325,
    "q_clean": 73.6,
    "q_depth": 40.5,
    "score": 73.6
  },
  "perf_ms": {
    "depth_infer": 2.02435,
    "sbs_composite_cpu": 0.0072,
    "warp_infer": 0.018624
  },
  "meta": {
    "git_sha": "04c4e9a4",
    "git_dirty": true,
    "clip_set_sha1": {
      "aigen_cogvideox_rain": "5a3b6632212b",
      "anime_morevna_closeup": "e44f93df938a",
      "c339": "db5f34629467",
      "c525": "b3b3400d5e3b",
      "c647": "dfff8c7b9459",
      "c747": "1ff2aa060c61",
      "c841": "e1afc2353d88",
      "fast_motion": "5ac142ec4eff",
      "flat_page": "a839c5fb2d32",
      "flat_transition": "2f5bde33326b",
      "scene_cut": "c912fa5c33a7"
    },
    "mode": "profile",
    "suite": "core",
    "clips_root": "E:\\Git\\Repo\\Apollo-3D\\tools\\sbsbench\\clips",
    "extra_args": [],
    "conf": "tools\\sbsbench\\bench.conf",
    "model": "depth_anything_v2_fp16",
    "profile": "vd3d",
    "warp": "vd3d",
    "literal_bestv2": false,
    "eval_schema": 9,
    "depth_step": "current-once",
    "conf_sha256": "4469d2029d2cb95b",
    "metric_sha256": "6fff1afa14e6eabf",
    "gpu_contention": false,
    "timestamp": "2026-07-12T00:40:14",
    "run_name": "aspect-geometry-core",
    "name": "washerwoman-pond",
    "description": "Woman washing laundry by a lantern-lit courtyard pond at night.",
    "content_type": "ai-generated",
    "source_artifacts": "Visual inspection of frames 1, 12 and 24 found strong pre-existing bloom and clipped white edges around the dress, arms, lantern, cloth, wet stone and water reflections. Fine hair/hand geometry also changes in the source; those effects are not automatically warp halos or white-line regressions.",
    "clip_sha1": "dfff8c7b9459"
  }
}