{
  "aggregate": {
    "artifact_in_hole_pct": 30.575232396778492,
    "depth_spread": 0.8792207129299641,
    "disocc_frac": 0.05854912747202706,
    "disocc_smear": 0.0,
    "edge_acc_p50": 0.75,
    "edge_acc_p95": 24.0,
    "flicker": 6.6364795552647635,
    "flicker_disocc": 21.937002086121105,
    "flow_depth": 8.579175596651824,
    "flow_support": 0.8407412911382849,
    "flow_temporal": 5.14917672717053,
    "hole_bad_fill_pct": 5.313047221304703,
    "hole_source_residual_p95": 24.162788534164424,
    "image_integrity_pct": 99.33104689463138,
    "negative_disparity_pct": 1.4059554691925769,
    "pop_pct_p50": 0.49196085270299544,
    "pop_px_p50": 5.5974212574207485,
    "pop_px_p95": 15.54767579208107,
    "pop_spread_pct": 1.003439488910988,
    "pop_spread_px": 11.416911518276132,
    "positive_disparity_pct": 0.0,
    "rim_over_p50": 0.0,
    "rim_over_p95": 3.0584360460440316,
    "source_coverage_pct": 99.20194892473118,
    "source_halo_p95": 7.789582928021749,
    "source_residual_p50": 2.2360716462135315,
    "source_residual_p95": 12.066789944966635,
    "source_stretch_pct": 5.154900269049494,
    "source_stretch_support": 11.018767180266204,
    "static_jitter": 2.707423609236012,
    "static_support": 0.6121261200488749,
    "stretch_area": 15.098576144938852,
    "swim": 1.5325672866209694,
    "vmisalign_pct": 0.004868797259405255,
    "vmisalign_px": 0.014062610066806277,
    "warp_hole_pct": 1.0275490964755079,
    "_n": 24,
    "_models": [
      ""
    ],
    "flicker_p50": 8.66939926147461,
    "flicker_p95": 14.559530353546139,
    "flicker_disocc_p50": 27.17949676513672,
    "flicker_disocc_p95": 48.734169387817374,
    "swim_p50": 0.40856167674064636,
    "swim_p95": 7.162644886970515,
    "static_jitter_p50": 1.9999998807907104,
    "static_jitter_p95": 2.473591327667236,
    "flow_temporal_p50": 6.172164440155029,
    "flow_temporal_p95": 7.47682785987854,
    "flow_depth_p50": 4.716768264770508,
    "flow_depth_p95": 27.89814167022703,
    "q_clean": 73.2,
    "q_depth": 40.1,
    "score": 73.2
  },
  "perf_ms": {
    "depth_infer": 1.54586,
    "sbs_composite_cpu": 0.005,
    "warp_infer": 0.130496
  },
  "meta": {
    "git_sha": "c3ecd6d9",
    "git_dirty": true,
    "clip_set_sha1": {
      "aigen_cogvideox_rain": "5a3b6632212b",
      "anime_morevna_closeup": "e44f93df938a",
      "c339": "db5f34629467",
      "c525": "b3b3400d5e3b",
      "c647": "dfff8c7b9459",
      "c747": "1ff2aa060c61",
      "c841": "e1afc2353d88",
      "fast_motion": "5ac142ec4eff",
      "flat_page": "a839c5fb2d32",
      "flat_transition": "2f5bde33326b",
      "scene_cut": "c912fa5c33a7"
    },
    "mode": "profile",
    "suite": "core",
    "clips_root": "E:\\Git\\Repo\\Apollo-3D\\tools\\sbsbench\\clips",
    "extra_args": [],
    "conf": "tools\\sbsbench\\bench.conf",
    "model": "depth_anything_v2_fp16",
    "profile": "apollo",
    "literal_bestv2": false,
    "depth_compensation": "none",
    "eval_schema": 19,
    "depth_step": "current-once",
    "depth_reuse_interval": 1,
    "conf_sha256": "679341c6d0d9db4d",
    "metric_sha256": "54ad6d792cc70085",
    "gpu_contention": false,
    "timestamp": "2026-07-12T21:15:10",
    "run_name": "cuda-graph-baseline-core",
    "cuda_graph": true,
    "cuda_graph_captured": true,
    "name": "washerwoman-pond",
    "description": "Woman washing laundry by a lantern-lit courtyard pond at night.",
    "content_type": "ai-generated",
    "source_artifacts": "Visual inspection of frames 1, 12 and 24 found strong pre-existing bloom and clipped white edges around the dress, arms, lantern, cloth, wet stone and water reflections. Fine hair/hand geometry also changes in the source; those effects are not automatically warp halos or white-line regressions.",
    "clip_sha1": "dfff8c7b9459"
  }
}