{
  "aggregate": {
    "depth_spread": 0.8790705042580763,
    "disocc_frac": 0.05790672570257612,
    "disocc_smear": 0.0,
    "edge_acc_p50": 0.75,
    "edge_acc_p95": 24.0,
    "flicker": 6.435192822114281,
    "flicker_disocc": 21.175154095110685,
    "flow_depth": 8.678033061649488,
    "flow_support": 0.8407412911382849,
    "flow_temporal": 4.333920535833939,
    "image_integrity_pct": 98.95540790465101,
    "negative_disparity_pct": 1.1553624998211023,
    "pop_pct_p50": 0.42685581982966064,
    "pop_px_p50": 3.645348701345302,
    "pop_px_p95": 9.45977723134188,
    "pop_spread_pct": 0.8101404322536115,
    "pop_spread_px": 6.918599291445841,
    "positive_disparity_pct": 0.0,
    "rim_over_p50": 0.0,
    "rim_over_p95": 4.6713761786619825,
    "source_coverage_pct": 98.93873207885304,
    "source_halo_p95": 7.793749680121739,
    "source_residual_p50": 3.287226140499115,
    "source_residual_p95": 15.00881290435791,
    "source_stretch_pct": 8.040668902647456,
    "source_stretch_support": 10.85227683738426,
    "static_jitter": 2.0231418402298638,
    "static_support": 0.6121261200488749,
    "stretch_area": 15.07712887067395,
    "swim": 1.5330735393192456,
    "vmisalign_pct": 0.005397700588218868,
    "vmisalign_px": 0.01713575197694202,
    "_n": 24,
    "_models": [
      ""
    ],
    "flicker_p50": 8.632699966430664,
    "flicker_p95": 14.441360187530515,
    "flicker_disocc_p50": 23.581993103027344,
    "flicker_disocc_p95": 49.740993499755845,
    "swim_p50": 0.40856167674064636,
    "swim_p95": 7.194551396369929,
    "static_jitter_p50": 1.5142536163330078,
    "static_jitter_p95": 1.9999991178512573,
    "flow_temporal_p50": 5.564635753631592,
    "flow_temporal_p95": 6.420225954055786,
    "flow_depth_p50": 4.794256687164307,
    "flow_depth_p95": 27.89874334335325,
    "q_clean": 70.0,
    "q_depth": 32.4,
    "score": 70.0
  },
  "perf_ms": {
    "depth_infer": 2.07933,
    "sbs_composite_cpu": 0.0063,
    "warp_infer": 0.142688
  },
  "meta": {
    "git_sha": "d9543e08",
    "git_dirty": true,
    "clip_set_sha1": {
      "aigen_cogvideox_rain": "5a3b6632212b",
      "anime_morevna_closeup": "e44f93df938a",
      "c339": "db5f34629467",
      "c525": "b3b3400d5e3b",
      "c647": "dfff8c7b9459",
      "c747": "1ff2aa060c61",
      "c841": "e1afc2353d88",
      "fast_motion": "5ac142ec4eff",
      "flat_page": "a839c5fb2d32",
      "flat_transition": "2f5bde33326b",
      "scene_cut": "c912fa5c33a7"
    },
    "mode": "game",
    "suite": "core",
    "clips_root": "E:\\Git\\Repo\\Apollo-3D\\tools\\sbsbench\\clips",
    "extra_args": [],
    "conf": "tools\\sbsbench\\bench.conf",
    "model": "depth_anything_v2_fp16",
    "profile": "apollo",
    "warp": "apollo",
    "eval_schema": 8,
    "depth_step": "current-once",
    "conf_sha256": "679341c6d0d9db4d",
    "metric_sha256": "1839bd76829b6144",
    "gpu_contention": false,
    "timestamp": "2026-07-11T14:26:34",
    "run_name": "evalv8-cleanup-apollo",
    "name": "washerwoman-pond",
    "description": "Woman washing laundry by a lantern-lit courtyard pond at night.",
    "content_type": "ai-generated",
    "source_artifacts": "Visual inspection of frames 1, 12 and 24 found strong pre-existing bloom and clipped white edges around the dress, arms, lantern, cloth, wet stone and water reflections. Fine hair/hand geometry also changes in the source; those effects are not automatically warp halos or white-line regressions.",
    "clip_sha1": "dfff8c7b9459"
  }
}