{
  "aggregate": {
    "depth_spread": 0.8786002124349276,
    "disocc_frac": 0.05791099482825918,
    "disocc_smear": 0.0,
    "edge_acc_p50": 0.75,
    "edge_acc_p95": 24.0,
    "flicker": 6.5464363849681355,
    "flicker_disocc": 21.44287910927897,
    "flow_depth": 8.647518043932708,
    "flow_support": 0.8407412911382849,
    "flow_temporal": 4.689317350802214,
    "image_integrity_pct": 99.0633222241712,
    "negative_disparity_pct": 1.340552274600125,
    "pop_pct_p50": 0.6129003574441713,
    "pop_px_p50": 5.234169052573223,
    "pop_px_p95": 10.674797221253788,
    "pop_spread_pct": 0.7791291716150539,
    "pop_spread_px": 6.653763125592562,
    "positive_disparity_pct": 0.0,
    "rim_over_p50": 0.0,
    "rim_over_p95": 4.281061182419459,
    "source_coverage_pct": 98.82112455197132,
    "source_halo_p95": 6.104166318972905,
    "source_residual_p50": 2.958356648683548,
    "source_residual_p95": 13.414079666137695,
    "source_stretch_pct": 6.838159487225337,
    "source_stretch_support": 10.731788917824074,
    "static_jitter": 2.5027045607566833,
    "static_support": 0.6121261200488749,
    "stretch_area": 15.070216952901381,
    "swim": 1.5457616370657217,
    "vmisalign_px": 0.04729017615318298,
    "_n": 24,
    "_models": [
      ""
    ],
    "flicker_p50": 8.594987869262695,
    "flicker_p95": 14.523166751861568,
    "flicker_disocc_p50": 25.768810272216797,
    "flicker_disocc_p95": 49.19508819580077,
    "swim_p50": 0.38132283091545105,
    "swim_p95": 7.254086995124812,
    "static_jitter_p50": 1.9277961254119873,
    "static_jitter_p95": 2.284802198410034,
    "flow_temporal_p50": 5.715902805328369,
    "flow_temporal_p95": 6.683282470703125,
    "flow_depth_p50": 4.827260971069336,
    "flow_depth_p95": 27.95181999206541,
    "q_clean": 72.9,
    "q_depth": 31.2,
    "score": 72.9
  },
  "perf_ms": {
    "depth_infer": 2.01133,
    "sbs_composite_cpu": 0.0066,
    "warp_infer": 0.142656
  },
  "meta": {
    "git_sha": "02c270d7",
    "git_dirty": true,
    "clip_set_sha1": {
      "c339": "db5f34629467",
      "c525": "b3b3400d5e3b",
      "c647": "dfff8c7b9459",
      "c747": "1ff2aa060c61",
      "c841": "e1afc2353d88",
      "fast_motion": "5ac142ec4eff",
      "flat_page": "a839c5fb2d32",
      "scene_cut": "c912fa5c33a7"
    },
    "mode": "game",
    "suite": "core",
    "clips_root": "E:\\Git\\Repo\\Apollo-3D\\tools\\sbsbench\\clips",
    "extra_args": [],
    "conf": "tools\\sbsbench\\bench.conf",
    "model": "depth_anything_v2_fp16",
    "warp": "apollo",
    "shift_profile": "bestv2",
    "eval_schema": 4,
    "depth_step": "current-once",
    "conf_sha256": "d78305de3cb0d05f",
    "metric_sha256": "e0797ed1f16ad440",
    "gpu_contention": false,
    "timestamp": "2026-07-11T06:34:29",
    "run_name": "evalv4-widthfix-core",
    "name": "washerwoman-pond",
    "description": "Woman washing laundry by a lantern-lit courtyard pond at night.",
    "clip_sha1": "dfff8c7b9459"
  }
}