{
  "aggregate": {
    "artifact_in_hole_pct": 5.177432927034569,
    "depth_spread": 0.9053046479821205,
    "disocc_frac": 0.03634339338755705,
    "disocc_smear": 0.013479707155723247,
    "edge_acc_p50": 22.208333333333332,
    "edge_acc_p95": 24.0,
    "flicker": 1.9895250084607496,
    "flicker_disocc": 3.027384270792422,
    "flow_depth": 5.742613814447237,
    "flow_support": 0.98095703125,
    "flow_temporal": 2.695896628110305,
    "hole_bad_fill_pct": 1.8560342875241993,
    "hole_source_residual_p95": 20.267366305987036,
    "image_integrity_pct": 98.77877949786287,
    "negative_disparity_pct": 1.1223356091200964,
    "pop_pct_p50": 0.9776526907050299,
    "pop_px_p50": 11.169863038099543,
    "pop_px_p95": 12.395574797972436,
    "pop_spread_pct": 0.7768501246717285,
    "pop_spread_px": 8.875656535508696,
    "positive_disparity_pct": 0.0,
    "rim_over_p50": 0.0,
    "rim_over_p95": 23.222418775161106,
    "source_coverage_pct": 99.03113799283155,
    "source_halo_p95": 11.412499388058981,
    "source_residual_p50": 2.402955094973246,
    "source_residual_p95": 13.131824851036072,
    "source_stretch_pct": 8.53497494338132,
    "source_stretch_support": 6.0926649305555545,
    "static_jitter": 2.314284464587336,
    "static_support": 0.4995107443994388,
    "stretch_area": 2.496185876568163,
    "swim": 1.8446110195439795,
    "vmisalign_pct": 0.0017260376622908096,
    "vmisalign_px": 0.0063715799430307625,
    "warp_hole_pct": 0.3350881123058542,
    "_n": 24,
    "_models": [
      ""
    ],
    "flicker_p50": 2.298419952392578,
    "flicker_p95": 3.836614775657653,
    "flicker_disocc_p50": 3.3536174297332764,
    "flicker_disocc_p95": 6.2387998580932615,
    "swim_p50": 0.45525291562080383,
    "swim_p95": 8.300194025039668,
    "static_jitter_p50": 1.927819013595581,
    "static_jitter_p95": 1.9999998807907104,
    "flow_temporal_p50": 2.8392868041992188,
    "flow_temporal_p95": 4.999392938613891,
    "flow_depth_p50": 0.9473893642425537,
    "flow_depth_p95": 28.306465244293193,
    "q_clean": 69.5,
    "q_depth": 31.1,
    "score": 69.5
  },
  "perf_ms": {
    "depth_infer": 1.45734,
    "depth_postprocess_gpu": 0.071776,
    "depth_preprocess_gpu": 0.186688,
    "sbs_composite_cpu": 0.0049,
    "warp_infer": 0.055712
  },
  "meta": {
    "git_sha": "54fbc592",
    "git_dirty": true,
    "clip_set_sha1": {
      "aigen_cogvideox_rain": "5a3b6632212b",
      "anime_morevna_closeup": "e44f93df938a",
      "c339": "db5f34629467",
      "c525": "b3b3400d5e3b",
      "c647": "dfff8c7b9459",
      "c747": "1ff2aa060c61",
      "c841": "e1afc2353d88",
      "fast_motion": "5ac142ec4eff",
      "flat_page": "a839c5fb2d32",
      "flat_transition": "2f5bde33326b",
      "scene_cut": "c912fa5c33a7"
    },
    "mode": "profile",
    "suite": "core",
    "clips_root": "E:\\Git\\Repo\\Apollo-3D\\tools\\sbsbench\\clips",
    "extra_args": [],
    "conf": "tools\\sbsbench\\bench.conf",
    "model": "depth_anything_v2_fp16",
    "profile": "apollo",
    "literal_bestv2": false,
    "depth_compensation": "none",
    "eval_schema": 19,
    "depth_step": "current-once",
    "depth_reuse_interval": 1,
    "conf_sha256": "679341c6d0d9db4d",
    "metric_sha256": "4611fd0af2195166",
    "gpu_contention": false,
    "timestamp": "2026-07-14T12:24:09",
    "run_name": "gt-stereo-baseline-core",
    "cuda_graph": true,
    "cuda_graph_captured": true,
    "name": "palace-hall",
    "description": "Robed cultivator bowing in a bright golden palace hall.",
    "clip_sha1": "1ff2aa060c61"
  }
}