{
  "aggregate": {
    "depth_spread": 0.9055779104431471,
    "disocc_frac": 0.03572420567437913,
    "disocc_smear": 0.013894023770843533,
    "edge_acc_p50": 23.125,
    "edge_acc_p95": 24.0,
    "flicker": 2.001487551823906,
    "flicker_disocc": 3.035792175842368,
    "flow_depth": 5.745264474464499,
    "flow_support": 0.98095703125,
    "flow_temporal": 2.6566031160561936,
    "image_integrity_pct": 98.71853870933485,
    "negative_disparity_pct": 1.0731351239166196,
    "pop_pct_p50": 0.9814323200911352,
    "pop_px_p50": 11.213046003767163,
    "pop_px_p95": 12.147210856170888,
    "pop_spread_pct": 0.7594923966266355,
    "pop_spread_px": 8.677341278199428,
    "positive_disparity_pct": 0.0,
    "rim_over_p50": 0.0,
    "rim_over_p95": 19.468128393093746,
    "source_coverage_pct": 99.07874103942652,
    "source_halo_p95": 11.058333396911621,
    "source_residual_p50": 2.601873646179835,
    "source_residual_p95": 12.99059804280599,
    "source_stretch_pct": 8.670876083842794,
    "source_stretch_support": 6.0960557725694455,
    "static_jitter": 2.1228172442187434,
    "static_support": 0.4995107443994388,
    "stretch_area": 2.4067037875622326,
    "swim": 1.8411443936436072,
    "vmisalign_pct": 0.00310693336148356,
    "vmisalign_px": 0.005545481146934132,
    "_n": 24,
    "_models": [
      ""
    ],
    "flicker_p50": 2.376295328140259,
    "flicker_p95": 3.9536160230636592,
    "flicker_disocc_p50": 3.6372740268707275,
    "flicker_disocc_p95": 6.287626695632933,
    "swim_p50": 0.45525357127189636,
    "swim_p95": 8.313232278823847,
    "static_jitter_p50": 1.9278037548065186,
    "static_jitter_p95": 1.9999998807907104,
    "flow_temporal_p50": 2.875469446182251,
    "flow_temporal_p95": 4.985196161270141,
    "flow_depth_p50": 0.9452368021011353,
    "flow_depth_p95": 28.32827014923094,
    "q_clean": 69.7,
    "q_depth": 30.4,
    "score": 69.7
  },
  "perf_ms": {
    "depth_infer": 2.06326,
    "sbs_composite_cpu": 0.0066,
    "warp_infer": 0.018272
  },
  "meta": {
    "git_sha": "04c4e9a4",
    "git_dirty": true,
    "clip_set_sha1": {
      "aigen_cogvideox_rain": "5a3b6632212b",
      "anime_morevna_closeup": "e44f93df938a",
      "c339": "db5f34629467",
      "c525": "b3b3400d5e3b",
      "c647": "dfff8c7b9459",
      "c747": "1ff2aa060c61",
      "c841": "e1afc2353d88",
      "fast_motion": "5ac142ec4eff",
      "flat_page": "a839c5fb2d32",
      "flat_transition": "2f5bde33326b",
      "scene_cut": "c912fa5c33a7"
    },
    "mode": "profile",
    "suite": "core",
    "clips_root": "E:\\Git\\Repo\\Apollo-3D\\tools\\sbsbench\\clips",
    "extra_args": [],
    "conf": "tools\\sbsbench\\bench.conf",
    "model": "depth_anything_v2_fp16",
    "profile": "vd3d",
    "warp": "vd3d",
    "literal_bestv2": false,
    "eval_schema": 9,
    "depth_step": "current-once",
    "conf_sha256": "4469d2029d2cb95b",
    "metric_sha256": "6fff1afa14e6eabf",
    "gpu_contention": false,
    "timestamp": "2026-07-12T00:40:14",
    "run_name": "aspect-geometry-core",
    "name": "palace-hall",
    "description": "Robed cultivator bowing in a bright golden palace hall.",
    "clip_sha1": "1ff2aa060c61"
  }
}