{
  "aggregate": {
    "artifact_in_hole_pct": 5.780467998194439,
    "depth_spread": 0.9055804535746574,
    "disocc_frac": 0.0363717361306811,
    "disocc_smear": 0.013260719818665894,
    "edge_acc_p50": 22.1875,
    "edge_acc_p95": 24.0,
    "flicker": 1.9911987600119219,
    "flicker_disocc": 3.032507642455723,
    "flow_depth": 5.745031527850939,
    "flow_support": 0.98095703125,
    "flow_temporal": 2.695532899835835,
    "hole_bad_fill_pct": 1.352865642911274,
    "hole_source_residual_p95": 19.408799952268595,
    "image_integrity_pct": 98.77018231507785,
    "negative_disparity_pct": 1.123349886354739,
    "pop_pct_p50": 0.9774868446942029,
    "pop_px_p50": 11.16796821671362,
    "pop_px_p95": 12.409995231575875,
    "pop_spread_pct": 0.7776177169395811,
    "pop_spread_px": 8.88442641931563,
    "positive_disparity_pct": 0.0,
    "rim_over_p50": 0.0,
    "rim_over_p95": 23.26613263289134,
    "source_coverage_pct": 99.01993727598565,
    "source_halo_p95": 11.46249939997991,
    "source_residual_p50": 2.402776300907135,
    "source_residual_p95": 13.143207748730978,
    "source_stretch_pct": 8.523841670069084,
    "source_stretch_support": 6.101481119791667,
    "static_jitter": 2.3219293355941772,
    "static_support": 0.4995107443994388,
    "stretch_area": 2.496894445146265,
    "swim": 1.8443580286010453,
    "vmisalign_pct": 0.0017662822458259298,
    "vmisalign_px": 0.006114021341394012,
    "warp_hole_pct": 0.33590483124253284,
    "_n": 24,
    "_models": [
      ""
    ],
    "flicker_p50": 2.300339937210083,
    "flicker_p95": 3.8393013000488274,
    "flicker_disocc_p50": 3.3681752681732178,
    "flicker_disocc_p95": 6.159816741943359,
    "swim_p50": 0.45525357127189636,
    "swim_p95": 8.307003259658808,
    "static_jitter_p50": 1.9999847412109375,
    "static_jitter_p95": 1.9999998807907104,
    "flow_temporal_p50": 2.8423142433166504,
    "flow_temporal_p95": 4.996726751327515,
    "flow_depth_p50": 0.9450966715812683,
    "flow_depth_p95": 28.32827014923094,
    "q_clean": 69.4,
    "q_depth": 31.1,
    "score": 69.4
  },
  "perf_ms": {
    "depth_infer": 2.01229,
    "sbs_composite_cpu": 0.0065,
    "warp_infer": 0.130752
  },
  "meta": {
    "git_sha": "5c7f3e38",
    "git_dirty": true,
    "clip_set_sha1": {
      "aigen_cogvideox_rain": "5a3b6632212b",
      "anime_morevna_closeup": "e44f93df938a",
      "c339": "db5f34629467",
      "c525": "b3b3400d5e3b",
      "c647": "dfff8c7b9459",
      "c747": "1ff2aa060c61",
      "c841": "e1afc2353d88",
      "fast_motion": "5ac142ec4eff",
      "flat_page": "a839c5fb2d32",
      "flat_transition": "2f5bde33326b",
      "scene_cut": "c912fa5c33a7"
    },
    "mode": "profile",
    "suite": "core",
    "clips_root": "E:\\Git\\Repo\\Apollo-3D\\tools\\sbsbench\\clips",
    "extra_args": [],
    "conf": "tools\\sbsbench\\bench.conf",
    "model": "depth_anything_v2_fp16",
    "profile": "apollo",
    "literal_bestv2": false,
    "depth_compensation": "none",
    "eval_schema": 18,
    "depth_step": "current-once",
    "depth_reuse_interval": 1,
    "conf_sha256": "679341c6d0d9db4d",
    "metric_sha256": "b5cd2854f4b2144d",
    "gpu_contention": false,
    "timestamp": "2026-07-12T19:30:14",
    "run_name": "evalv18-apollo-core",
    "name": "palace-hall",
    "description": "Robed cultivator bowing in a bright golden palace hall.",
    "clip_sha1": "1ff2aa060c61"
  }
}