{
  "aggregate": {
    "artifact_in_hole_pct": 4.770631734746423,
    "depth_spread": 0.9041988191505274,
    "disocc_frac": 0.0362985511189715,
    "disocc_smear": 0.01241338645752596,
    "edge_acc_p50": 22.125,
    "edge_acc_p95": 24.0,
    "exact_pop_spread_pct": 1.0301991713066745,
    "flicker": 1.9538844940455065,
    "flicker_disocc": 3.01852193215619,
    "flow_depth": 5.742889993864557,
    "flow_support": 0.98095703125,
    "flow_temporal": 2.69610036196916,
    "hole_bad_fill_pct": 1.4905927289960166,
    "hole_source_residual_p95": 18.15859198570251,
    "image_integrity_pct": 98.9755939757737,
    "image_negative_disparity_pct": 1.162044759559226,
    "image_positive_disparity_pct": 0.0,
    "negative_disparity_pct": 1.235824132072971,
    "pop_pct_p50": 1.024733497410708,
    "pop_px_p50": 11.707769973379826,
    "pop_px_p95": 13.251936358789843,
    "pop_spread_pct": 0.8363391645157674,
    "pop_spread_px": 9.555329832215701,
    "positive_disparity_pct": 0.0,
    "rim_over_p50": 0.0,
    "rim_over_p95": 22.900824705759685,
    "source_coverage_pct": 99.09834229390681,
    "source_halo_p95": 8.262499493857225,
    "source_residual_p50": 1.6576433132092159,
    "source_residual_p95": 11.79129179318746,
    "source_stretch_pct": 7.3559848171930255,
    "source_stretch_support": 6.1185483579282405,
    "static_jitter": 2.3735970051392266,
    "static_support": 0.4995107443994388,
    "stretch_area": 2.526654325426518,
    "swim": 1.8472327926884526,
    "vmisalign_pct": 0.0029015602134322724,
    "vmisalign_px": 0.007207682792795822,
    "warp_hole_pct": 0.42131029719235363,
    "_n": 24,
    "_models": [
      ""
    ],
    "flicker_p50": 2.248070001602173,
    "flicker_p95": 3.7389420032501217,
    "flicker_disocc_p50": 3.3669686317443848,
    "flicker_disocc_p95": 6.322210216522216,
    "swim_p50": 0.45914456248283386,
    "swim_p95": 8.275875329971308,
    "static_jitter_p50": 1.9329980611801147,
    "static_jitter_p95": 1.9999998807907104,
    "flow_temporal_p50": 2.854052782058716,
    "flow_temporal_p95": 4.9810961246490475,
    "flow_depth_p50": 0.954008162021637,
    "flow_depth_p95": 28.219404888153058,
    "q_clean": 73.8,
    "q_depth": 41.2,
    "score": 73.8
  },
  "perf_ms": {
    "depth_infer": 1.49562,
    "depth_postprocess_gpu": 0.073824,
    "depth_preprocess_gpu": 0.175904,
    "sbs_composite_cpu": 4.6402,
    "warp_infer": 4.5167
  },
  "meta": {
    "git_sha": "e15f08f1",
    "git_dirty": true,
    "run_kind": "baseline_gate",
    "baseline_identities": {},
    "clip_set_sha1": {
      "aigen_cogvideox_rain": "5a3b6632212b",
      "anime_morevna_closeup": "e44f93df938a",
      "c339": "db5f34629467",
      "c525": "b3b3400d5e3b",
      "c647": "dfff8c7b9459",
      "c747": "1ff2aa060c61",
      "c841": "e1afc2353d88",
      "fast_motion": "5ac142ec4eff",
      "flat_page": "a839c5fb2d32",
      "flat_transition": "2f5bde33326b",
      "scene_cut": "c912fa5c33a7"
    },
    "mode": "profile",
    "suite": "core",
    "clips_root": "E:\\Git\\Repo\\Apollo-3D\\tools\\sbsbench\\clips",
    "extra_args": [],
    "conf": "tools\\sbsbench\\bench.conf",
    "model": "depth_anything_v2_fp16",
    "profile": "apollo",
    "adaptive_pop": true,
    "adaptive_pop_max": 1.3,
    "pop_strength": 1.25,
    "ema": 0.5,
    "ema_edge_change": 0.05,
    "ema_edge_gradient": 0.02,
    "ema_edge_strength": 0.25,
    "minmax_ema": 0.18,
    "subject_lock": 0.5,
    "subject_recenter": 0.35,
    "subject_stretch": true,
    "depth_short_side": 432,
    "depth_max_aspect": 4,
    "zero_plane": "legacy",
    "cuda_graph": true,
    "artistic_style": "immersive",
    "artistic_policy": true,
    "artistic_policy_consumed": false,
    "artistic_policy_authorization": "none",
    "model_onnx_sha256": "",
    "policy_metadata_sha256": "",
    "deployment_geometry_allowlist_sha256": "",
    "artistic_scale_override": 0,
    "output_interval": 1,
    "output_gt_right_only": false,
    "literal_bestv2": false,
    "depth_compensation": "none",
    "eval_schema": 29,
    "depth_step": "current-once",
    "depth_reuse_interval": 1,
    "conf_sha256": "679341c6d0d9db4d",
    "metric_sha256": "88028fadef928b53",
    "policy_warp_source_sha256": "86889c3f389a4c54ebcf0262f479ec71aadd81c42847a50bb39bf2fcce2fd132",
    "gpu_contention": false,
    "timestamp": "2026-07-15T13:07:58",
    "run_name": "eval29-required-evidence-core-baseline",
    "depth_override_frames": 0,
    "harness_schema": 24,
    "source_width": 854,
    "source_height": 482,
    "model_input_width": 770,
    "model_input_height": 434,
    "eye_width": 854,
    "eye_height": 482,
    "color_mode": "sdr-srgb-8bit",
    "content_scale_x": 1,
    "content_scale_y": 1,
    "disparity_raster_width": 854,
    "disparity_raster_height": 482,
    "artifact_mode": "full",
    "warp_disparity": "exact_clamped_full_binocular_normalized_at_output_eye_raster_zero_bars",
    "warp_unclamped_disparity": "unclamped_full_binocular_normalized_at_artistic_scale_1_output_eye_raster_zero_bars",
    "artistic_disparity_contract": "clamp(raw_baseline_times_scale_to_plus_or_minus_0.142_times_aspect_scale_times_content_scale_x)",
    "artistic_full_clamp_abs": 0.189973816,
    "warp_mask": {
      "red": "forward_disocclusion_before_fill"
    },
    "cuda_graph_captured": true,
    "name": "palace-hall",
    "description": "Robed cultivator bowing in a bright golden palace hall.",
    "clip_sha1": "1ff2aa060c61"
  }
}