{
  "aggregate": {
    "depth_spread": 0.9055779104431471,
    "disocc_frac": 0.03572420567437913,
    "disocc_smear": 0.015110041931850565,
    "edge_acc_p50": 23.125,
    "edge_acc_p95": 24.0,
    "flicker": 1.9229397825572803,
    "flicker_disocc": 2.8790861951268236,
    "flow_depth": 5.745264474464499,
    "flow_support": 0.98095703125,
    "flow_temporal": 2.5802121862121252,
    "image_integrity_pct": 98.00224792429572,
    "negative_disparity_pct": 1.1576111190701537,
    "pop_pct_p50": 0.9459502500817055,
    "pop_px_p50": 8.078415135697766,
    "pop_px_p95": 9.69893714310716,
    "pop_spread_pct": 0.7982497428629948,
    "pop_spread_px": 6.8170528040499745,
    "positive_disparity_pct": 0.0,
    "rim_over_p50": 0.0,
    "rim_over_p95": 24.51245055596034,
    "source_coverage_pct": 99.50436827956989,
    "source_halo_p95": 12.604166033367315,
    "source_residual_p50": 2.4026846836010614,
    "source_residual_p95": 14.583048502604166,
    "source_stretch_pct": 7.9777393729833905,
    "source_stretch_support": 5.934538664641203,
    "static_jitter": 2.0795067678327146,
    "static_support": 0.4995107443994388,
    "stretch_area": 2.518252726571889,
    "swim": 1.8411443936436072,
    "vmisalign_pct": 0.0024346893661002403,
    "vmisalign_px": 0.0071387015147289885,
    "_n": 24,
    "_models": [
      ""
    ],
    "flicker_p50": 2.338238477706909,
    "flicker_p95": 3.829298758506774,
    "flicker_disocc_p50": 3.480027675628662,
    "flicker_disocc_p95": 6.079052162170409,
    "swim_p50": 0.45525357127189636,
    "swim_p95": 8.313232278823847,
    "static_jitter_p50": 1.8555924892425537,
    "static_jitter_p95": 1.999999499320984,
    "flow_temporal_p50": 2.8537707328796387,
    "flow_temporal_p95": 4.479565215110778,
    "flow_depth_p50": 0.9452368021011353,
    "flow_depth_p95": 28.32827014923094,
    "q_clean": 68.2,
    "q_depth": 31.9,
    "score": 68.2
  },
  "perf_ms": {
    "depth_infer": 2.05482,
    "sbs_composite_cpu": 0.0057,
    "warp_infer": 0.101088
  },
  "meta": {
    "git_sha": "e40bfc88",
    "git_dirty": true,
    "clip_set_sha1": {
      "aigen_cogvideox_rain": "5a3b6632212b",
      "anime_morevna_closeup": "e44f93df938a",
      "c339": "db5f34629467",
      "c525": "b3b3400d5e3b",
      "c647": "dfff8c7b9459",
      "c747": "1ff2aa060c61",
      "c841": "e1afc2353d88",
      "fast_motion": "5ac142ec4eff",
      "flat_page": "a839c5fb2d32",
      "flat_transition": "2f5bde33326b",
      "scene_cut": "c912fa5c33a7"
    },
    "mode": "game",
    "suite": "core",
    "clips_root": "E:\\Git\\Repo\\Apollo-3D\\tools\\sbsbench\\clips",
    "extra_args": [],
    "conf": "tools\\sbsbench\\bench.conf",
    "model": "depth_anything_v2_fp16",
    "profile": "apollo",
    "warp": "apollo",
    "eval_schema": 8,
    "depth_step": "current-once",
    "conf_sha256": "679341c6d0d9db4d",
    "metric_sha256": "411da3c4c6fdec56",
    "gpu_contention": false,
    "timestamp": "2026-07-11T17:47:12",
    "run_name": "default-pop-125-baseline",
    "name": "palace-hall",
    "description": "Robed cultivator bowing in a bright golden palace hall.",
    "clip_sha1": "1ff2aa060c61"
  }
}