{
  "aggregate": {
    "artifact_in_hole_pct": 4.879321115194274,
    "depth_spread": 0.9439480106035868,
    "disocc_frac": 0.03810094713349594,
    "disocc_smear": 0.0,
    "edge_acc_p50": 22.25,
    "edge_acc_p95": 24.0,
    "flicker": 1.733644669632549,
    "flicker_disocc": 2.690075288000314,
    "flow_depth": 0.7597695828779883,
    "flow_support": 0.98095703125,
    "flow_temporal": 2.271201418955689,
    "hole_bad_fill_pct": 1.195476110800191,
    "hole_source_residual_p95": 17.9023035566012,
    "image_integrity_pct": 99.00860852384984,
    "negative_disparity_pct": 1.1453765092796309,
    "pop_pct_p50": 1.0420079721878865,
    "pop_px_p50": 11.905134046685896,
    "pop_px_p95": 12.99923925165782,
    "pop_spread_pct": 0.7899014444686477,
    "pop_spread_px": 9.024770281099572,
    "positive_disparity_pct": 0.0,
    "rim_over_p50": 0.0,
    "rim_over_p95": 24.168824553489685,
    "source_coverage_pct": 99.06474014336918,
    "source_halo_p95": 10.002079864343008,
    "source_residual_p50": 1.8380383153756459,
    "source_residual_p95": 11.89112114906311,
    "source_stretch_pct": 8.00617907465466,
    "source_stretch_support": 6.407787181712963,
    "static_jitter": 1.391232915546583,
    "static_support": 0.4995107443994388,
    "stretch_area": 2.6843614460953416,
    "swim": 0.34528924913510034,
    "vmisalign_pct": 0.0022241923015147323,
    "vmisalign_px": 0.006489190714394984,
    "warp_hole_pct": 0.4083594683393071,
    "_n": 24,
    "_models": [
      ""
    ],
    "flicker_p50": 2.1308085918426514,
    "flicker_p95": 3.7418852329254144,
    "flicker_disocc_p50": 3.3708689212799072,
    "flicker_disocc_p95": 6.123940849304198,
    "swim_p50": 0.33074185252189636,
    "swim_p95": 0.6801562726497649,
    "static_jitter_p50": 1.7821955680847168,
    "static_jitter_p95": 1.9999922513961792,
    "flow_temporal_p50": 2.8415911197662354,
    "flow_temporal_p95": 4.571177911758421,
    "flow_depth_p50": 0.7683538198471069,
    "flow_depth_p95": 1.2834624886512755,
    "q_clean": 72.2,
    "q_depth": 31.6,
    "score": 72.2
  },
  "perf_ms": {
    "depth_infer": 1.45952,
    "depth_postprocess_gpu": 0.0848,
    "depth_preprocess_gpu": 0.160192,
    "sbs_composite_cpu": 0.0053,
    "warp_infer": 0.055456
  },
  "meta": {
    "git_sha": "e15f08f1",
    "git_dirty": true,
    "clip_set_sha1": {
      "aigen_cogvideox_rain": "5a3b6632212b",
      "anime_morevna_closeup": "e44f93df938a",
      "c339": "db5f34629467",
      "c525": "b3b3400d5e3b",
      "c647": "dfff8c7b9459",
      "c747": "1ff2aa060c61",
      "c841": "e1afc2353d88",
      "fast_motion": "5ac142ec4eff",
      "flat_page": "a839c5fb2d32",
      "flat_transition": "2f5bde33326b",
      "scene_cut": "c912fa5c33a7"
    },
    "mode": "profile",
    "suite": "core",
    "clips_root": "E:\\Git\\Repo\\Apollo-3D\\tools\\sbsbench\\clips",
    "extra_args": [],
    "conf": "tools\\sbsbench\\bench.conf",
    "model": "depth_anything_v2_fp16",
    "profile": "apollo",
    "adaptive_pop": true,
    "adaptive_pop_max": 1.3,
    "zero_plane": "legacy",
    "literal_bestv2": false,
    "depth_compensation": "none",
    "eval_schema": 26,
    "depth_step": "current-once",
    "depth_reuse_interval": 1,
    "conf_sha256": "679341c6d0d9db4d",
    "metric_sha256": "bb8f6540c80451a4",
    "executable_sha256": "486322e71404be5f24c8875968b343f18ebb2856304aab6198a02d15b8db4f5b",
    "runtime_shader_sha256": "0d7165f0f96f77ed197bcb0ac5641fcba1d044df1268ea5ed8be90e65e1365ca",
    "engine_name": "depth_anything_v2_fp16.trt-opt770x434-level5-v2.trt11_1_0-sm120-gpuec0860237209d3fe-onnx2df6223f206b5164e21f664ace61dabeb9bb6a49b8b5a3e00510b4807d0f5b04.engine",
    "engine_sha256": "e54fe5b921df85b65cba29be6ef7e4cbb0c51b90b0f850947eba22521a290f28",
    "onnx_sha256": "2df6223f206b5164e21f664ace61dabeb9bb6a49b8b5a3e00510b4807d0f5b04",
    "gpu_contention": false,
    "run_kind": "baseline-update",
    "timestamp": "2026-07-17T18:50:21",
    "run_name": "review-fix26-baseline-core",
    "cuda_graph": true,
    "cuda_graph_captured": true,
    "source_frame_count": 24,
    "name": "palace-hall",
    "description": "Robed cultivator bowing in a bright golden palace hall.",
    "clip_sha1": "1ff2aa060c61"
  }
}