{
  "aggregate": {
    "depth_spread": 0.9063580284516016,
    "disocc_frac": 0.0357308864638298,
    "disocc_smear": 0.01596396785585451,
    "edge_acc_p50": 23.083333333333332,
    "edge_acc_p95": 24.0,
    "flicker": 1.9847106855848562,
    "flicker_disocc": 2.76276711795641,
    "flow_depth": 5.770065855720769,
    "flow_support": 0.98095703125,
    "flow_temporal": 2.6378052364224973,
    "image_integrity_pct": 99.04670777517896,
    "negative_disparity_pct": 0.9416016734770087,
    "pop_pct_p50": 0.9184927487584407,
    "pop_px_p50": 7.843928074397084,
    "pop_px_p95": 7.9733524158108535,
    "pop_spread_pct": 0.6001541134578421,
    "pop_spread_px": 5.125316128929971,
    "positive_disparity_pct": 0.0,
    "rim_over_p50": 0.0,
    "rim_over_p95": 25.142790615558624,
    "source_coverage_pct": 99.71158154121864,
    "source_halo_p95": 3.920833391447862,
    "source_residual_p50": 1.3933746814727783,
    "source_residual_p95": 8.601685384909311,
    "source_stretch_pct": 5.189809465179857,
    "source_stretch_support": 6.013093171296297,
    "static_jitter": 2.2488151866456736,
    "static_support": 0.4995107443994388,
    "stretch_area": 2.523718827031527,
    "swim": 1.906613943045554,
    "vmisalign_px": 0.008904829155653715,
    "_n": 24,
    "_models": [
      ""
    ],
    "flicker_p50": 2.3448710441589355,
    "flicker_p95": 3.9175736188888544,
    "flicker_disocc_p50": 3.263309955596924,
    "flicker_disocc_p95": 5.622907161712645,
    "swim_p50": 0.4747081995010376,
    "swim_p95": 8.629570627212518,
    "static_jitter_p50": 1.927799940109253,
    "static_jitter_p95": 1.9999998807907104,
    "flow_temporal_p50": 2.874253273010254,
    "flow_temporal_p95": 4.904419565200805,
    "flow_depth_p50": 0.9783439636230469,
    "flow_depth_p95": 28.630286502838114,
    "q_clean": 81.4,
    "q_depth": 24.0,
    "score": 81.4
  },
  "perf_ms": {
    "depth_infer": 2.00653,
    "sbs_composite_cpu": 0.006,
    "warp_infer": 0.142848
  },
  "meta": {
    "git_sha": "02c270d7",
    "git_dirty": true,
    "clip_set_sha1": {
      "c339": "db5f34629467",
      "c525": "b3b3400d5e3b",
      "c647": "dfff8c7b9459",
      "c747": "1ff2aa060c61",
      "c841": "e1afc2353d88",
      "fast_motion": "5ac142ec4eff",
      "flat_page": "a839c5fb2d32",
      "scene_cut": "c912fa5c33a7"
    },
    "mode": "game",
    "suite": "core",
    "clips_root": "E:\\Git\\Repo\\Apollo-3D\\tools\\sbsbench\\clips",
    "extra_args": [],
    "conf": "tools\\sbsbench\\bench.conf",
    "model": "depth_anything_v2_fp16",
    "warp": "apollo",
    "shift_profile": "bestv2",
    "eval_schema": 4,
    "depth_step": "current-once",
    "conf_sha256": "d78305de3cb0d05f",
    "metric_sha256": "e0797ed1f16ad440",
    "gpu_contention": false,
    "timestamp": "2026-07-11T06:34:29",
    "run_name": "evalv4-widthfix-core",
    "name": "palace-hall",
    "description": "Robed cultivator bowing in a bright golden palace hall.",
    "clip_sha1": "1ff2aa060c61"
  }
}