{
  "aggregate": {
    "depth_spread": 0.9063580284516016,
    "disocc_frac": 0.0357308864638298,
    "disocc_smear": 0.015719820522853745,
    "edge_acc_p50": 23.083333333333332,
    "edge_acc_p95": 24.0,
    "flicker": 1.999461162349452,
    "flicker_disocc": 2.794497311115265,
    "flow_depth": 5.770065855720769,
    "flow_support": 0.98095703125,
    "flow_temporal": 2.6868916205737903,
    "image_integrity_pct": 98.97546795235395,
    "negative_disparity_pct": 0.9475720623198383,
    "pop_pct_p50": 0.9238946311777451,
    "pop_px_p50": 7.890060150257942,
    "pop_px_p95": 8.011338078603844,
    "pop_spread_pct": 0.6401508984404464,
    "pop_spread_px": 5.466888672681413,
    "positive_disparity_pct": 0.0,
    "rim_over_p50": 0.0,
    "rim_over_p95": 25.0802254875501,
    "source_coverage_pct": 99.96079749103941,
    "source_halo_p95": 4.100000038743019,
    "source_residual_p50": 1.402986963589986,
    "source_residual_p95": 8.453779995441437,
    "source_stretch_pct": 5.78009710131089,
    "source_stretch_support": 6.0075547960069455,
    "static_jitter": 2.3046226760615474,
    "static_support": 0.4995107443994388,
    "stretch_area": 2.5204796563887784,
    "swim": 1.906613943045554,
    "vmisalign_px": 0.009119594935327768,
    "_n": 24,
    "_models": [
      ""
    ],
    "flicker_p50": 2.3252112865448,
    "flicker_p95": 3.8909357309341424,
    "flicker_disocc_p50": 3.254631280899048,
    "flicker_disocc_p95": 5.655996751785278,
    "swim_p50": 0.4747081995010376,
    "swim_p95": 8.629570627212518,
    "static_jitter_p50": 1.9278037548065186,
    "static_jitter_p95": 1.9999998807907104,
    "flow_temporal_p50": 2.8594775199890137,
    "flow_temporal_p95": 4.925459146499634,
    "flow_depth_p50": 0.9783439636230469,
    "flow_depth_p95": 28.630286502838114,
    "q_clean": 80.9,
    "q_depth": 25.6,
    "score": 80.9
  },
  "perf_ms": {
    "depth_infer": 2.02051,
    "sbs_composite_cpu": 0.0065,
    "warp_infer": 0.143424
  },
  "meta": {
    "git_sha": "d54d0de0",
    "git_dirty": true,
    "clip_set_sha1": {
      "c339": "db5f34629467",
      "c525": "b3b3400d5e3b",
      "c647": "dfff8c7b9459",
      "c747": "1ff2aa060c61",
      "c841": "e1afc2353d88",
      "fast_motion": "5ac142ec4eff",
      "flat_page": "a839c5fb2d32",
      "scene_cut": "c912fa5c33a7"
    },
    "mode": "game",
    "extra_args": [],
    "conf": "tools\\sbsbench\\bench.conf",
    "model": "depth_anything_v2_fp16",
    "warp": "apollo",
    "shift_profile": "bestv2",
    "eval_schema": 3,
    "depth_step": "current-once",
    "conf_sha256": "d78305de3cb0d05f",
    "metric_sha256": "7eab28e4d528ecd9",
    "gpu_contention": false,
    "timestamp": "2026-07-10T22:01:44",
    "run_name": "evalv3-baseline-final",
    "name": "palace-hall",
    "description": "Robed cultivator bowing in a bright golden palace hall.",
    "clip_sha1": "1ff2aa060c61"
  }
}