{
  "aggregate": {
    "depth_spread": 0.9055779104431471,
    "disocc_frac": 0.03572420567437913,
    "disocc_smear": 0.016441983034644017,
    "edge_acc_p50": 23.125,
    "edge_acc_p95": 24.0,
    "flicker": 1.8936280361984088,
    "flicker_disocc": 2.7028237088866858,
    "flow_depth": 5.745264474464499,
    "flow_support": 0.98095703125,
    "flow_temporal": 2.5150450182997663,
    "image_integrity_pct": 99.35970001415028,
    "negative_disparity_pct": 0.9266161405649342,
    "pop_pct_p50": 0.7293884294386371,
    "pop_px_p50": 6.22897718740596,
    "pop_px_p95": 7.831499955771477,
    "pop_spread_pct": 0.6372420596691627,
    "pop_spread_px": 5.442047189574649,
    "positive_disparity_pct": 0.0,
    "rim_over_p50": 0.0,
    "rim_over_p95": 27.747737507025402,
    "source_coverage_pct": 99.92999551971326,
    "source_halo_p95": 2.3749996473391852,
    "source_residual_p50": 1.3193952639897664,
    "source_residual_p95": 6.992748002211253,
    "source_stretch_pct": 5.133012654123753,
    "source_stretch_support": 6.031742802372686,
    "static_jitter": 1.9007869466491367,
    "static_support": 0.4995107443994388,
    "stretch_area": 2.5211882249668793,
    "swim": 1.8411443936436072,
    "vmisalign_pct": 0.002485000976666623,
    "vmisalign_px": 0.007329340864089318,
    "_n": 24,
    "_models": [
      ""
    ],
    "flicker_p50": 2.185241937637329,
    "flicker_p95": 3.8381605386734003,
    "flicker_disocc_p50": 3.2245070934295654,
    "flicker_disocc_p95": 5.686525630950926,
    "swim_p50": 0.45525357127189636,
    "swim_p95": 8.313232278823847,
    "static_jitter_p50": 1.7874013185501099,
    "static_jitter_p95": 1.9999956846237184,
    "flow_temporal_p50": 2.859074831008911,
    "flow_temporal_p95": 4.415307760238647,
    "flow_depth_p50": 0.9452368021011353,
    "flow_depth_p95": 28.32827014923094,
    "q_clean": 84.2,
    "q_depth": 25.5,
    "score": 84.2
  },
  "perf_ms": {
    "depth_infer": 2.03494,
    "sbs_composite_cpu": 0.0076,
    "warp_infer": 0.142528
  },
  "meta": {
    "git_sha": "d9543e08",
    "git_dirty": true,
    "clip_set_sha1": {
      "aigen_cogvideox_rain": "5a3b6632212b",
      "anime_morevna_closeup": "e44f93df938a",
      "c339": "db5f34629467",
      "c525": "b3b3400d5e3b",
      "c647": "dfff8c7b9459",
      "c747": "1ff2aa060c61",
      "c841": "e1afc2353d88",
      "fast_motion": "5ac142ec4eff",
      "flat_page": "a839c5fb2d32",
      "flat_transition": "2f5bde33326b",
      "scene_cut": "c912fa5c33a7"
    },
    "mode": "game",
    "suite": "core",
    "clips_root": "E:\\Git\\Repo\\Apollo-3D\\tools\\sbsbench\\clips",
    "extra_args": [],
    "conf": "tools\\sbsbench\\bench.conf",
    "model": "depth_anything_v2_fp16",
    "profile": "apollo",
    "warp": "apollo",
    "eval_schema": 8,
    "depth_step": "current-once",
    "conf_sha256": "679341c6d0d9db4d",
    "metric_sha256": "1839bd76829b6144",
    "gpu_contention": false,
    "timestamp": "2026-07-11T14:26:34",
    "run_name": "evalv8-cleanup-apollo",
    "name": "palace-hall",
    "description": "Robed cultivator bowing in a bright golden palace hall.",
    "clip_sha1": "1ff2aa060c61"
  }
}