{
  "aggregate": {
    "artifact_in_hole_pct": 4.703031042907611,
    "depth_spread": 0.9053046479821205,
    "disocc_frac": 0.03634339338755705,
    "disocc_smear": 0.012707171387541391,
    "edge_acc_p50": 22.208333333333332,
    "edge_acc_p95": 24.0,
    "flicker": 1.9547103967355646,
    "flicker_disocc": 3.0159564458805583,
    "flow_depth": 5.742613814447237,
    "flow_support": 0.98095703125,
    "flow_temporal": 2.6955593124679895,
    "hole_bad_fill_pct": 1.5492544516512652,
    "hole_source_residual_p95": 18.289147665103272,
    "image_integrity_pct": 98.9687758255183,
    "negative_disparity_pct": 1.2026323090574058,
    "pop_pct_p50": 1.0246419724804212,
    "pop_px_p50": 11.706724284102235,
    "pop_px_p95": 13.245179573311988,
    "pop_spread_pct": 0.8368000580801729,
    "pop_spread_px": 9.560595626539694,
    "positive_disparity_pct": 0.0,
    "rim_over_p50": 0.0,
    "rim_over_p95": 22.891695857048035,
    "source_coverage_pct": 99.09834229390681,
    "source_halo_p95": 8.312499108413855,
    "source_residual_p50": 1.6621940582990646,
    "source_residual_p95": 11.805036942164103,
    "source_stretch_pct": 7.345058175378973,
    "source_stretch_support": 6.124538845486112,
    "static_jitter": 2.370703666106514,
    "static_support": 0.4995107443994388,
    "stretch_area": 2.527464118087205,
    "swim": 1.8446110195439795,
    "vmisalign_pct": 0.0027595064699402487,
    "vmisalign_px": 0.007096655540711557,
    "warp_hole_pct": 0.4167600059737156,
    "_n": 24,
    "_models": [
      ""
    ],
    "flicker_p50": 2.248250961303711,
    "flicker_p95": 3.7420821428298945,
    "flicker_disocc_p50": 3.358301877975464,
    "flicker_disocc_p95": 6.287233448028564,
    "swim_p50": 0.45525291562080383,
    "swim_p95": 8.300194025039668,
    "static_jitter_p50": 1.9278037548065186,
    "static_jitter_p95": 1.9999998807907104,
    "flow_temporal_p50": 2.8528504371643066,
    "flow_temporal_p95": 4.988498020172119,
    "flow_depth_p50": 0.9473893642425537,
    "flow_depth_p95": 28.306465244293193,
    "q_clean": 73.8,
    "q_depth": 33.5,
    "score": 73.8
  },
  "perf_ms": {
    "depth_infer": 1.45494,
    "depth_postprocess_gpu": 0.072992,
    "depth_preprocess_gpu": 0.16672,
    "sbs_composite_cpu": 0.0049,
    "warp_infer": 0.05552
  },
  "meta": {
    "git_sha": "e7c92d9d",
    "git_dirty": true,
    "clip_set_sha1": {
      "aigen_cogvideox_rain": "5a3b6632212b",
      "anime_morevna_closeup": "e44f93df938a",
      "c339": "db5f34629467",
      "c525": "b3b3400d5e3b",
      "c647": "dfff8c7b9459",
      "c747": "1ff2aa060c61",
      "c841": "e1afc2353d88",
      "fast_motion": "5ac142ec4eff",
      "flat_page": "a839c5fb2d32",
      "flat_transition": "2f5bde33326b",
      "scene_cut": "c912fa5c33a7"
    },
    "mode": "profile",
    "suite": "core",
    "clips_root": "E:\\Git\\Repo\\Apollo-3D\\tools\\sbsbench\\clips",
    "extra_args": [],
    "conf": "tools\\sbsbench\\bench.conf",
    "model": "depth_anything_v2_fp16",
    "profile": "apollo",
    "adaptive_pop": true,
    "adaptive_pop_max": 1.3,
    "zero_plane": "legacy",
    "literal_bestv2": false,
    "depth_compensation": "none",
    "eval_schema": 24,
    "depth_step": "current-once",
    "depth_reuse_interval": 1,
    "conf_sha256": "679341c6d0d9db4d",
    "metric_sha256": "de3a107791d5f662",
    "gpu_contention": false,
    "timestamp": "2026-07-14T16:19:10",
    "run_name": "evalv24-core",
    "cuda_graph": true,
    "cuda_graph_captured": true,
    "name": "palace-hall",
    "description": "Robed cultivator bowing in a bright golden palace hall.",
    "clip_sha1": "1ff2aa060c61"
  }
}