{
  "aggregate": {
    "artifact_in_hole_pct": 6.108405698531286,
    "depth_spread": 0.9055779104431471,
    "disocc_frac": 0.03572420567437913,
    "disocc_smear": 0.013260719818665894,
    "edge_acc_p50": 23.125,
    "edge_acc_p95": 24.0,
    "flicker": 1.9894016631271527,
    "flicker_disocc": 2.9667215852633766,
    "flow_depth": 5.745264474464499,
    "flow_support": 0.98095703125,
    "flow_temporal": 2.6958763728971067,
    "hole_bad_fill_pct": 1.666620457017811,
    "hole_source_residual_p95": 19.591725905736283,
    "image_integrity_pct": 98.75584322186263,
    "negative_disparity_pct": 1.1231972383339097,
    "pop_pct_p50": 0.9774769716873154,
    "pop_px_p50": 11.167855415781595,
    "pop_px_p95": 12.41040087976902,
    "pop_spread_pct": 0.7776078156514442,
    "pop_spread_px": 8.884313295265093,
    "positive_disparity_pct": 0.0,
    "rim_over_p50": 0.0,
    "rim_over_p95": 22.802779873212177,
    "source_coverage_pct": 99.02273745519713,
    "source_halo_p95": 11.135416120290756,
    "source_residual_p50": 2.4028438528378806,
    "source_residual_p95": 13.129709124565125,
    "source_stretch_pct": 8.5114997237155,
    "source_stretch_support": 6.081249095775462,
    "static_jitter": 2.3180862095045005,
    "static_support": 0.4995107443994388,
    "stretch_area": 2.46126356807603,
    "swim": 1.8411443936436072,
    "vmisalign_pct": 0.0017662822458259298,
    "vmisalign_px": 0.006213846985095491,
    "warp_hole_pct": 0.3361381795101553,
    "warp_unresolved_pct": 0.0,
    "_n": 24,
    "_models": [
      ""
    ],
    "flicker_p50": 2.3006224632263184,
    "flicker_p95": 3.8388048410415645,
    "flicker_disocc_p50": 3.374974250793457,
    "flicker_disocc_p95": 6.053167819976806,
    "swim_p50": 0.45525357127189636,
    "swim_p95": 8.313232278823847,
    "static_jitter_p50": 1.9999847412109375,
    "static_jitter_p95": 1.9999998807907104,
    "flow_temporal_p50": 2.8441762924194336,
    "flow_temporal_p95": 4.99326844215393,
    "flow_depth_p50": 0.9452368021011353,
    "flow_depth_p95": 28.32827014923094,
    "q_clean": 69.7,
    "q_depth": 31.1,
    "score": 69.7
  },
  "perf_ms": {
    "depth_infer": 2.13315,
    "sbs_composite_cpu": 0.0059,
    "warp_infer": 0.131488
  },
  "meta": {
    "git_sha": "3d4bbc78",
    "git_dirty": true,
    "clip_set_sha1": {
      "aigen_cogvideox_rain": "5a3b6632212b",
      "anime_morevna_closeup": "e44f93df938a",
      "c339": "db5f34629467",
      "c525": "b3b3400d5e3b",
      "c647": "dfff8c7b9459",
      "c747": "1ff2aa060c61",
      "c841": "e1afc2353d88",
      "fast_motion": "5ac142ec4eff",
      "flat_page": "a839c5fb2d32",
      "flat_transition": "2f5bde33326b",
      "scene_cut": "c912fa5c33a7"
    },
    "mode": "profile",
    "suite": "core",
    "clips_root": "E:\\Git\\Repo\\Apollo-3D\\tools\\sbsbench\\clips",
    "extra_args": [],
    "conf": "tools\\sbsbench\\bench.conf",
    "model": "depth_anything_v2_fp16",
    "profile": "apollo",
    "warp": "apollo",
    "literal_bestv2": false,
    "depth_compensation": "none",
    "eval_schema": 15,
    "depth_step": "current-once",
    "depth_reuse_interval": 1,
    "conf_sha256": "679341c6d0d9db4d",
    "metric_sha256": "dbe6b364336d0f4a",
    "gpu_contention": false,
    "timestamp": "2026-07-12T17:24:52",
    "run_name": "evalv15-matched-only-core",
    "name": "palace-hall",
    "description": "Robed cultivator bowing in a bright golden palace hall.",
    "clip_sha1": "1ff2aa060c61"
  }
}