{
  "aggregate": {
    "depth_spread": 0.9055779104431471,
    "disocc_frac": 0.03572420567437913,
    "disocc_smear": 0.016441983034644017,
    "edge_acc_p50": 23.125,
    "edge_acc_p95": 24.0,
    "flicker": 1.893628046564434,
    "flicker_disocc": 2.7028237088866858,
    "flow_depth": 5.745263515607171,
    "flow_support": 0.98095703125,
    "flow_temporal": 2.5150450182997663,
    "image_integrity_pct": 99.35856545467432,
    "negative_disparity_pct": 0.9266161405649342,
    "pop_pct_p50": 0.7293884294357033,
    "pop_px_p50": 6.228977187380906,
    "pop_px_p95": 7.83149995577234,
    "pop_spread_pct": 0.6372420596696838,
    "pop_spread_px": 5.4420471895791,
    "positive_disparity_pct": 0.0,
    "rim_over_p50": 0.0,
    "rim_over_p95": 27.747737507025402,
    "source_coverage_pct": 99.9355958781362,
    "source_halo_p95": 2.3520830223957696,
    "source_residual_p50": 1.3171552767356236,
    "source_residual_p95": 6.955724755922954,
    "source_stretch_pct": 5.008390457158747,
    "source_stretch_support": 6.014901620370369,
    "static_jitter": 1.9007869466491367,
    "static_support": 0.4995107443994388,
    "stretch_area": 2.5211882249668793,
    "swim": 1.8411440632265548,
    "vmisalign_pct": 0.002485000976666623,
    "vmisalign_px": 0.007329340864089318,
    "_n": 24,
    "_models": [
      ""
    ],
    "flicker_p50": 2.185241937637329,
    "flicker_p95": 3.8381605386734003,
    "flicker_disocc_p50": 3.2245070934295654,
    "flicker_disocc_p95": 5.686525630950926,
    "swim_p50": 0.45525357127189636,
    "swim_p95": 8.313232278823847,
    "static_jitter_p50": 1.7874013185501099,
    "static_jitter_p95": 1.9999956846237184,
    "flow_temporal_p50": 2.859074831008911,
    "flow_temporal_p95": 4.415307760238647,
    "flow_depth_p50": 0.9452368021011353,
    "flow_depth_p95": 28.32827014923094,
    "q_clean": 84.3,
    "q_depth": 25.5,
    "score": 84.3
  },
  "perf_ms": {
    "depth_infer": 2.03475,
    "sbs_composite_cpu": 0.007,
    "warp_infer": 0.143392
  },
  "meta": {
    "git_sha": "41c87181",
    "git_dirty": true,
    "clip_set_sha1": {
      "aigen_cogvideox_rain": "5a3b6632212b",
      "anime_morevna_closeup": "e44f93df938a",
      "c339": "db5f34629467",
      "c525": "b3b3400d5e3b",
      "c647": "dfff8c7b9459",
      "c747": "1ff2aa060c61",
      "c841": "e1afc2353d88",
      "fast_motion": "5ac142ec4eff",
      "flat_page": "a839c5fb2d32",
      "flat_transition": "2f5bde33326b",
      "scene_cut": "c912fa5c33a7"
    },
    "mode": "game",
    "suite": "core",
    "clips_root": "E:\\Git\\Repo\\Apollo-3D\\tools\\sbsbench\\clips",
    "extra_args": [],
    "conf": "tools\\sbsbench\\bench.conf",
    "model": "depth_anything_v2_fp16",
    "warp": "apollo",
    "shift_profile": "bestv2",
    "eval_schema": 6,
    "depth_step": "current-once",
    "conf_sha256": "612db0e5edb31d6f",
    "metric_sha256": "51e3f40c3f0127a6",
    "gpu_contention": false,
    "timestamp": "2026-07-11T10:42:07",
    "run_name": "revisit-rebaseline-final",
    "name": "palace-hall",
    "description": "Robed cultivator bowing in a bright golden palace hall.",
    "clip_sha1": "1ff2aa060c61"
  }
}