{
  "aggregate": {
    "depth_spread": 0.897988515595595,
    "disocc_frac": 0.03326563719750195,
    "disocc_smear": 0.0,
    "edge_acc_p50": 0.16666666666666666,
    "edge_acc_p95": 24.0,
    "flicker": 0.5627966743448506,
    "flicker_disocc": 1.4925611498563185,
    "flow_depth": 5.993489724138509,
    "flow_support": 0.9802918365036232,
    "flow_temporal": 1.3173888766247293,
    "image_integrity_pct": 99.56146007996904,
    "negative_disparity_pct": 0.9418704091141599,
    "pop_pct_p50": 0.24470508346423356,
    "pop_px_p50": 2.0897814127845544,
    "pop_px_p95": 7.997757359762676,
    "pop_spread_pct": 0.9347129224399812,
    "pop_spread_px": 7.98244835763744,
    "positive_disparity_pct": 0.0,
    "rim_over_p50": 0.0,
    "rim_over_p95": 2.092526709040006,
    "source_coverage_pct": 99.66957885304659,
    "source_halo_p95": 0.1645833229025205,
    "source_residual_p50": 0.2222216638425986,
    "source_residual_p95": 6.960384468237559,
    "source_stretch_pct": 4.844789566303526,
    "source_stretch_support": 2.8931794343171298,
    "static_jitter": 1.0590524828952292,
    "static_support": 0.8658373425991922,
    "stretch_area": 5.168793097840229,
    "swim": 1.26882148631241,
    "vmisalign_pct": 0.006334700350028774,
    "vmisalign_px": 0.016855393691609304,
    "_n": 24,
    "_models": [
      ""
    ],
    "flicker_p50": 0.5225619077682495,
    "flicker_p95": 1.0611827015876767,
    "flicker_disocc_p50": 1.3992600440979004,
    "flicker_disocc_p95": 2.849815273284912,
    "swim_p50": 0.43579861521720886,
    "swim_p95": 5.094552552700037,
    "static_jitter_p50": 0.9999999403953552,
    "static_jitter_p95": 1.9000014066696154,
    "flow_temporal_p50": 1.0929406881332397,
    "flow_temporal_p95": 2.0363589406013487,
    "flow_depth_p50": 1.6360143423080444,
    "flow_depth_p95": 26.75758543014524,
    "q_clean": 88.0,
    "q_depth": 37.4,
    "score": 88.0
  },
  "perf_ms": {
    "depth_infer": 2.02381,
    "sbs_composite_cpu": 0.0059,
    "warp_infer": 0.100512
  },
  "meta": {
    "git_sha": "5ed4d23d",
    "git_dirty": true,
    "clip_set_sha1": {
      "aigen_cogvideox_rain": "5a3b6632212b",
      "anime_morevna_closeup": "e44f93df938a",
      "c339": "db5f34629467",
      "c525": "b3b3400d5e3b",
      "c647": "dfff8c7b9459",
      "c747": "1ff2aa060c61",
      "c841": "e1afc2353d88",
      "fast_motion": "5ac142ec4eff",
      "flat_page": "a839c5fb2d32",
      "flat_transition": "2f5bde33326b",
      "scene_cut": "c912fa5c33a7"
    },
    "mode": "game",
    "suite": "core",
    "clips_root": "E:\\Git\\Repo\\Apollo-3D\\tools\\sbsbench\\clips",
    "extra_args": [],
    "conf": "tools\\sbsbench\\bench.conf",
    "model": "depth_anything_v2_fp16",
    "profile": "apollo",
    "warp": "apollo",
    "eval_schema": 8,
    "depth_step": "current-once",
    "conf_sha256": "679341c6d0d9db4d",
    "metric_sha256": "411da3c4c6fdec56",
    "gpu_contention": false,
    "timestamp": "2026-07-11T15:43:28",
    "run_name": "evalv9-overhaul-apollo",
    "name": "kitchen-vlog",
    "description": "Talking-head vlogger in a kitchen; near-flat depth.",
    "clip_sha1": "e1afc2353d88"
  }
}