{
  "aggregate": {
    "depth_spread": 0.897988515595595,
    "disocc_frac": 0.03326563719750195,
    "disocc_smear": 0.0,
    "edge_acc_p50": 0.16666666666666666,
    "edge_acc_p95": 24.0,
    "flicker": 0.5797836566748826,
    "flicker_disocc": 1.6879753003949705,
    "flow_depth": 5.993489724138509,
    "flow_support": 0.9802918365036232,
    "flow_temporal": 1.3243277228396872,
    "image_integrity_pct": 99.27179689037591,
    "negative_disparity_pct": 1.1779241647737089,
    "pop_pct_p50": 0.30357786287040134,
    "pop_px_p50": 2.5925549489132274,
    "pop_px_p95": 9.99483463297228,
    "pop_spread_pct": 1.1711221383374693,
    "pop_spread_px": 10.001383061401988,
    "positive_disparity_pct": 0.001532375414775732,
    "rim_over_p50": 0.0,
    "rim_over_p95": 2.049890716870626,
    "source_coverage_pct": 99.52676971326166,
    "source_halo_p95": 0.1666666567325592,
    "source_residual_p50": 0.43055010338624317,
    "source_residual_p95": 9.44177750746409,
    "source_stretch_pct": 6.816556615831284,
    "source_stretch_support": 2.6936848958333335,
    "static_jitter": 1.0839942538219949,
    "static_support": 0.8658373425991922,
    "stretch_area": 5.190951893052303,
    "swim": 1.26882148631241,
    "vmisalign_pct": 0.007352982647716999,
    "vmisalign_px": 0.018495603774984676,
    "_n": 24,
    "_models": [
      ""
    ],
    "flicker_p50": 0.5317174196243286,
    "flicker_p95": 1.0717748939990994,
    "flicker_disocc_p50": 1.6168806552886963,
    "flicker_disocc_p95": 3.2474592924118038,
    "swim_p50": 0.43579861521720886,
    "swim_p95": 5.094552552700037,
    "static_jitter_p50": 0.9999999403953552,
    "static_jitter_p95": 1.9000045299530015,
    "flow_temporal_p50": 1.0934855937957764,
    "flow_temporal_p95": 2.0430768489837647,
    "flow_depth_p50": 1.6360143423080444,
    "flow_depth_p95": 26.75758543014524,
    "q_clean": 84.7,
    "q_depth": 46.8,
    "score": 84.7
  },
  "perf_ms": {
    "depth_infer": 2.04442,
    "sbs_composite_cpu": 0.0057,
    "warp_infer": 0.100736
  },
  "meta": {
    "git_sha": "e40bfc88",
    "git_dirty": true,
    "clip_set_sha1": {
      "aigen_cogvideox_rain": "5a3b6632212b",
      "anime_morevna_closeup": "e44f93df938a",
      "c339": "db5f34629467",
      "c525": "b3b3400d5e3b",
      "c647": "dfff8c7b9459",
      "c747": "1ff2aa060c61",
      "c841": "e1afc2353d88",
      "fast_motion": "5ac142ec4eff",
      "flat_page": "a839c5fb2d32",
      "flat_transition": "2f5bde33326b",
      "scene_cut": "c912fa5c33a7"
    },
    "mode": "game",
    "suite": "core",
    "clips_root": "E:\\Git\\Repo\\Apollo-3D\\tools\\sbsbench\\clips",
    "extra_args": [],
    "conf": "tools\\sbsbench\\bench.conf",
    "model": "depth_anything_v2_fp16",
    "profile": "apollo",
    "warp": "apollo",
    "eval_schema": 8,
    "depth_step": "current-once",
    "conf_sha256": "679341c6d0d9db4d",
    "metric_sha256": "411da3c4c6fdec56",
    "gpu_contention": false,
    "timestamp": "2026-07-11T17:47:12",
    "run_name": "default-pop-125-baseline",
    "name": "kitchen-vlog",
    "description": "Talking-head vlogger in a kitchen; near-flat depth.",
    "clip_sha1": "e1afc2353d88"
  }
}