{
  "aggregate": {
    "depth_spread": 0.8979772590100765,
    "disocc_frac": 0.03327193924017695,
    "disocc_smear": 0.0,
    "edge_acc_p50": 0.16666666666666666,
    "edge_acc_p95": 24.0,
    "flicker": 0.5936234982117362,
    "flicker_disocc": 1.6266029049520907,
    "flow_depth": 6.334470212459564,
    "flow_support": 0.9802918365036232,
    "flow_temporal": 1.3673365478930266,
    "image_integrity_pct": 99.41894247530504,
    "negative_disparity_pct": 0.9482750071504915,
    "pop_pct_p50": 0.287249084622524,
    "pop_px_p50": 2.453107182676355,
    "pop_px_p95": 8.048592954489687,
    "pop_spread_pct": 0.9428425505642393,
    "pop_spread_px": 8.051875381818604,
    "positive_disparity_pct": 0.0016590989019304738,
    "rim_over_p50": 0.0,
    "rim_over_p95": 2.0902765542268753,
    "source_coverage_pct": 99.70038082437276,
    "source_halo_p95": 0.1249999925494194,
    "source_residual_p50": 0.22222498804330826,
    "source_residual_p95": 8.277728994687399,
    "source_stretch_pct": 5.657902856646605,
    "source_stretch_support": 2.881198459201389,
    "static_jitter": 1.1117232752882915,
    "static_support": 0.8658373425991922,
    "stretch_area": 5.180787308092635,
    "swim": 1.5767211952935094,
    "vmisalign_px": 0.020190728828310966,
    "_n": 24,
    "_models": [
      ""
    ],
    "flicker_p50": 0.5449519157409668,
    "flicker_p95": 1.068382632732391,
    "flicker_disocc_p50": 1.4989750385284424,
    "flicker_disocc_p95": 3.112677478790283,
    "swim_p50": 0.38910481333732605,
    "swim_p95": 7.042800831794732,
    "static_jitter_p50": 0.9999999403953552,
    "static_jitter_p95": 1.907222545146941,
    "flow_temporal_p50": 1.1054054498672485,
    "flow_temporal_p95": 2.0443274974823,
    "flow_depth_p50": 1.579882264137268,
    "flow_depth_p95": 29.028031730651833,
    "q_clean": 86.6,
    "q_depth": 37.7,
    "score": 86.6
  },
  "perf_ms": {
    "depth_infer": 1.99203,
    "sbs_composite_cpu": 0.0058,
    "warp_infer": 0.142912
  },
  "meta": {
    "git_sha": "02c270d7",
    "git_dirty": true,
    "clip_set_sha1": {
      "c339": "db5f34629467",
      "c525": "b3b3400d5e3b",
      "c647": "dfff8c7b9459",
      "c747": "1ff2aa060c61",
      "c841": "e1afc2353d88",
      "fast_motion": "5ac142ec4eff",
      "flat_page": "a839c5fb2d32",
      "scene_cut": "c912fa5c33a7"
    },
    "mode": "game",
    "suite": "core",
    "clips_root": "E:\\Git\\Repo\\Apollo-3D\\tools\\sbsbench\\clips",
    "extra_args": [],
    "conf": "tools\\sbsbench\\bench.conf",
    "model": "depth_anything_v2_fp16",
    "warp": "apollo",
    "shift_profile": "bestv2",
    "eval_schema": 4,
    "depth_step": "current-once",
    "conf_sha256": "d78305de3cb0d05f",
    "metric_sha256": "e0797ed1f16ad440",
    "gpu_contention": false,
    "timestamp": "2026-07-11T06:34:29",
    "run_name": "evalv4-widthfix-core",
    "name": "kitchen-vlog",
    "description": "Talking-head vlogger in a kitchen; near-flat depth.",
    "clip_sha1": "e1afc2353d88"
  }
}