{
  "aggregate": {
    "artifact_in_hole_pct": 17.409881582770282,
    "depth_spread": 0.8974517832199732,
    "disocc_frac": 0.033515889279208955,
    "disocc_smear": 0.0,
    "edge_acc_p50": 0.16666666666666666,
    "edge_acc_p95": 24.0,
    "flicker": 0.6069648375977641,
    "flicker_disocc": 1.9525892216226328,
    "flow_depth": 5.9998632591703664,
    "flow_support": 0.9802918365036232,
    "flow_temporal": 1.384173263674197,
    "hole_bad_fill_pct": 3.9292137644313443,
    "hole_source_residual_p95": 22.62261267105738,
    "image_integrity_pct": 99.2115807160398,
    "negative_disparity_pct": 1.2216057936893776,
    "pop_pct_p50": 0.18988233408887253,
    "pop_px_p50": 2.1604390011889496,
    "pop_px_p95": 13.569757058813527,
    "pop_spread_pct": 1.1924853945481446,
    "pop_spread_px": 13.567833822414448,
    "positive_disparity_pct": 0.0013460346267122135,
    "rim_over_p50": 0.0,
    "rim_over_p95": 2.0609023024638495,
    "source_coverage_pct": 99.66957885304659,
    "source_halo_p95": 0.1249999925494194,
    "source_residual_p50": 0.236105814576149,
    "source_residual_p95": 7.492926637331645,
    "source_stretch_pct": 5.849624340415251,
    "source_stretch_support": 2.9626916956018525,
    "static_jitter": 1.1150874210440593,
    "static_support": 0.8658373425991922,
    "stretch_area": 5.262612217017955,
    "swim": 1.2708504838140116,
    "vmisalign_pct": 0.004696666534679631,
    "vmisalign_px": 0.014267813336725036,
    "warp_hole_pct": 0.5260836693548386,
    "_n": 24,
    "_models": [
      ""
    ],
    "flicker_p50": 0.5594174861907959,
    "flicker_p95": 1.0813224852085113,
    "flicker_disocc_p50": 1.7845573425292969,
    "flicker_disocc_p95": 3.858306312561035,
    "swim_p50": 0.43190762400627136,
    "swim_p95": 5.05914415121078,
    "static_jitter_p50": 0.9999999403953552,
    "static_jitter_p95": 1.9072194933891282,
    "flow_temporal_p50": 1.1094067096710205,
    "flow_temporal_p95": 2.09944908618927,
    "flow_depth_p50": 1.6343797445297241,
    "flow_depth_p95": 26.676211071014382,
    "q_clean": 86.9,
    "q_depth": 47.7,
    "score": 86.9
  },
  "perf_ms": {
    "depth_infer": 1.45664,
    "depth_postprocess_gpu": 0.07168,
    "depth_preprocess_gpu": 0.150048,
    "sbs_composite_cpu": 0.0047,
    "warp_infer": 0.055456
  },
  "meta": {
    "git_sha": "fd376159",
    "git_dirty": true,
    "clip_set_sha1": {
      "aigen_cogvideox_rain": "5a3b6632212b",
      "anime_morevna_closeup": "e44f93df938a",
      "c339": "db5f34629467",
      "c525": "b3b3400d5e3b",
      "c647": "dfff8c7b9459",
      "c747": "1ff2aa060c61",
      "c841": "e1afc2353d88",
      "fast_motion": "5ac142ec4eff",
      "flat_page": "a839c5fb2d32",
      "flat_transition": "2f5bde33326b",
      "scene_cut": "c912fa5c33a7"
    },
    "mode": "profile",
    "suite": "core",
    "clips_root": "E:\\Git\\Repo\\Apollo-3D\\tools\\sbsbench\\clips",
    "extra_args": [],
    "conf": "tools\\sbsbench\\bench.conf",
    "model": "depth_anything_v2_fp16",
    "profile": "apollo",
    "literal_bestv2": false,
    "depth_compensation": "none",
    "eval_schema": 19,
    "depth_step": "current-once",
    "depth_reuse_interval": 1,
    "conf_sha256": "679341c6d0d9db4d",
    "metric_sha256": "feb8f76d5485f999",
    "gpu_contention": false,
    "timestamp": "2026-07-14T11:23:52",
    "run_name": "ghost-metric-core-baseline-final",
    "cuda_graph": true,
    "cuda_graph_captured": true,
    "name": "kitchen-vlog",
    "description": "Talking-head vlogger in a kitchen; near-flat depth.",
    "clip_sha1": "e1afc2353d88"
  }
}