{
  "aggregate": {
    "artifact_in_hole_pct": 17.82742008055031,
    "depth_spread": 0.8974517832199732,
    "disocc_frac": 0.033515889279208955,
    "disocc_smear": 0.0,
    "edge_acc_p50": 0.16666666666666666,
    "edge_acc_p95": 24.0,
    "flicker": 0.6100880678581155,
    "flicker_disocc": 1.977090008880781,
    "flow_depth": 5.9998632591703664,
    "flow_support": 0.9802918365036232,
    "flow_temporal": 1.3845200538635254,
    "hole_bad_fill_pct": 4.329491108615028,
    "hole_source_residual_p95": 23.03365175326665,
    "image_integrity_pct": 99.14668045768957,
    "negative_disparity_pct": 1.2315596433199971,
    "pop_pct_p50": 0.24899854893900916,
    "pop_px_p50": 2.8330501568171704,
    "pop_px_p95": 13.95503301723204,
    "pop_spread_pct": 1.225083426250323,
    "pop_spread_px": 13.938726983114785,
    "positive_disparity_pct": 0.0009537508753557301,
    "rim_over_p50": 0.0,
    "rim_over_p95": 2.0612720797459283,
    "source_coverage_pct": 99.61077508960572,
    "source_halo_p95": 0.0833333283662796,
    "source_residual_p50": 0.22221910829345384,
    "source_residual_p95": 7.719665606816609,
    "source_stretch_pct": 5.767766812732886,
    "source_stretch_support": 2.9684561270254632,
    "static_jitter": 1.12797335697257,
    "static_support": 0.8658373425991922,
    "stretch_area": 5.2359810044236275,
    "swim": 1.2708504838140116,
    "vmisalign_pct": 0.004771188056717317,
    "vmisalign_px": 0.010664720825540522,
    "warp_hole_pct": 0.5106826836917563,
    "_n": 24,
    "_models": [
      ""
    ],
    "flicker_p50": 0.5675390362739563,
    "flicker_p95": 1.0895171880722045,
    "flicker_disocc_p50": 1.8001922369003296,
    "flicker_disocc_p95": 3.9780348539352417,
    "swim_p50": 0.43190762400627136,
    "swim_p95": 5.05914415121078,
    "static_jitter_p50": 0.9999999403953552,
    "static_jitter_p95": 1.9077409267425525,
    "flow_temporal_p50": 1.1181021928787231,
    "flow_temporal_p95": 2.1141146421432495,
    "flow_depth_p50": 1.6343797445297241,
    "flow_depth_p95": 26.676211071014382,
    "q_clean": 86.8,
    "q_depth": 49.0,
    "score": 86.8
  },
  "perf_ms": {
    "depth_infer": 1.45498,
    "depth_postprocess_gpu": 0.073088,
    "depth_preprocess_gpu": 0.158656,
    "sbs_composite_cpu": 0.0051,
    "warp_infer": 0.055296
  },
  "meta": {
    "git_sha": "e7c92d9d",
    "git_dirty": true,
    "clip_set_sha1": {
      "aigen_cogvideox_rain": "5a3b6632212b",
      "anime_morevna_closeup": "e44f93df938a",
      "c339": "db5f34629467",
      "c525": "b3b3400d5e3b",
      "c647": "dfff8c7b9459",
      "c747": "1ff2aa060c61",
      "c841": "e1afc2353d88",
      "fast_motion": "5ac142ec4eff",
      "flat_page": "a839c5fb2d32",
      "flat_transition": "2f5bde33326b",
      "scene_cut": "c912fa5c33a7"
    },
    "mode": "profile",
    "suite": "core",
    "clips_root": "E:\\Git\\Repo\\Apollo-3D\\tools\\sbsbench\\clips",
    "extra_args": [],
    "conf": "tools\\sbsbench\\bench.conf",
    "model": "depth_anything_v2_fp16",
    "profile": "apollo",
    "adaptive_pop": true,
    "adaptive_pop_max": 1.3,
    "zero_plane": "legacy",
    "literal_bestv2": false,
    "depth_compensation": "none",
    "eval_schema": 24,
    "depth_step": "current-once",
    "depth_reuse_interval": 1,
    "conf_sha256": "679341c6d0d9db4d",
    "metric_sha256": "de3a107791d5f662",
    "gpu_contention": false,
    "timestamp": "2026-07-14T16:19:10",
    "run_name": "evalv24-core",
    "cuda_graph": true,
    "cuda_graph_captured": true,
    "name": "kitchen-vlog",
    "description": "Talking-head vlogger in a kitchen; near-flat depth.",
    "clip_sha1": "e1afc2353d88"
  }
}