{
  "aggregate": {
    "artifact_in_hole_pct": 17.85357794709552,
    "depth_spread": 0.8977520329256853,
    "disocc_frac": 0.033511213570127506,
    "disocc_smear": 0.0,
    "edge_acc_p50": 0.16666666666666666,
    "edge_acc_p95": 24.0,
    "exact_pop_spread_pct": 1.032517747099746,
    "flicker": 0.6100744041411773,
    "flicker_disocc": 1.9767329874246016,
    "flow_depth": 5.9960895595343215,
    "flow_support": 0.9802918365036232,
    "flow_temporal": 1.384845723276553,
    "hole_bad_fill_pct": 4.384029652183489,
    "hole_source_residual_p95": 23.075683601697282,
    "image_integrity_pct": 99.15928345081808,
    "image_negative_disparity_pct": 1.2270454404119846,
    "image_positive_disparity_pct": 8.85313154913689e-05,
    "negative_disparity_pct": 1.2465287911254563,
    "pop_pct_p50": 0.24886855508351,
    "pop_px_p50": 2.831571115616825,
    "pop_px_p95": 13.956075137425103,
    "pop_spread_pct": 1.2252441499393496,
    "pop_spread_px": 13.940555661532157,
    "positive_disparity_pct": 0.0,
    "rim_over_p50": 0.0,
    "rim_over_p95": 2.067459210753441,
    "source_coverage_pct": 99.60797491039428,
    "source_halo_p95": 0.0833333283662796,
    "source_residual_p50": 0.22221910829345384,
    "source_residual_p95": 7.7222739060719805,
    "source_stretch_pct": 5.776752532945028,
    "source_stretch_support": 2.9703776041666665,
    "static_jitter": 1.1245053566020469,
    "static_support": 0.8658373425991922,
    "stretch_area": 5.235167837626855,
    "swim": 1.2671294374310451,
    "vmisalign_pct": 0.0046843950015803175,
    "vmisalign_px": 0.010828924569068477,
    "warp_hole_pct": 0.5077658303464755,
    "_n": 24,
    "_models": [
      ""
    ],
    "flicker_p50": 0.5674384236335754,
    "flicker_p95": 1.0902039527893066,
    "flicker_disocc_p50": 1.8271169662475586,
    "flicker_disocc_p95": 3.9735747337341305,
    "swim_p50": 0.43579670786857605,
    "swim_p95": 5.087937867641443,
    "static_jitter_p50": 0.9999999403953552,
    "static_jitter_p95": 1.9072239160537707,
    "flow_temporal_p50": 1.1192412376403809,
    "flow_temporal_p95": 2.1170541524887083,
    "flow_depth_p50": 1.6384625434875488,
    "flow_depth_p95": 26.68872127532957,
    "q_clean": 86.8,
    "q_depth": 41.3,
    "score": 86.8
  },
  "perf_ms": {
    "depth_infer": 1.49552,
    "depth_postprocess_gpu": 0.073728,
    "depth_preprocess_gpu": 0.158272,
    "sbs_composite_cpu": 4.1184,
    "warp_infer": 4.02096
  },
  "meta": {
    "git_sha": "e15f08f1",
    "git_dirty": true,
    "run_kind": "baseline_gate",
    "baseline_identities": {},
    "clip_set_sha1": {
      "aigen_cogvideox_rain": "5a3b6632212b",
      "anime_morevna_closeup": "e44f93df938a",
      "c339": "db5f34629467",
      "c525": "b3b3400d5e3b",
      "c647": "dfff8c7b9459",
      "c747": "1ff2aa060c61",
      "c841": "e1afc2353d88",
      "fast_motion": "5ac142ec4eff",
      "flat_page": "a839c5fb2d32",
      "flat_transition": "2f5bde33326b",
      "scene_cut": "c912fa5c33a7"
    },
    "mode": "profile",
    "suite": "core",
    "clips_root": "E:\\Git\\Repo\\Apollo-3D\\tools\\sbsbench\\clips",
    "extra_args": [],
    "conf": "tools\\sbsbench\\bench.conf",
    "model": "depth_anything_v2_fp16",
    "profile": "apollo",
    "adaptive_pop": true,
    "adaptive_pop_max": 1.3,
    "pop_strength": 1.25,
    "ema": 0.5,
    "ema_edge_change": 0.05,
    "ema_edge_gradient": 0.02,
    "ema_edge_strength": 0.25,
    "minmax_ema": 0.18,
    "subject_lock": 0.5,
    "subject_recenter": 0.35,
    "subject_stretch": true,
    "depth_short_side": 432,
    "depth_max_aspect": 4,
    "zero_plane": "legacy",
    "cuda_graph": true,
    "artistic_style": "immersive",
    "artistic_policy": true,
    "artistic_policy_consumed": false,
    "artistic_policy_authorization": "none",
    "model_onnx_sha256": "",
    "policy_metadata_sha256": "",
    "deployment_geometry_allowlist_sha256": "",
    "artistic_scale_override": 0,
    "output_interval": 1,
    "output_gt_right_only": false,
    "literal_bestv2": false,
    "depth_compensation": "none",
    "eval_schema": 29,
    "depth_step": "current-once",
    "depth_reuse_interval": 1,
    "conf_sha256": "679341c6d0d9db4d",
    "metric_sha256": "88028fadef928b53",
    "policy_warp_source_sha256": "86889c3f389a4c54ebcf0262f479ec71aadd81c42847a50bb39bf2fcce2fd132",
    "gpu_contention": false,
    "timestamp": "2026-07-15T13:07:58",
    "run_name": "eval29-required-evidence-core-baseline",
    "depth_override_frames": 0,
    "harness_schema": 24,
    "source_width": 854,
    "source_height": 480,
    "model_input_width": 770,
    "model_input_height": 434,
    "eye_width": 854,
    "eye_height": 480,
    "color_mode": "sdr-srgb-8bit",
    "content_scale_x": 1,
    "content_scale_y": 1,
    "disparity_raster_width": 854,
    "disparity_raster_height": 480,
    "artifact_mode": "full",
    "warp_disparity": "exact_clamped_full_binocular_normalized_at_output_eye_raster_zero_bars",
    "warp_unclamped_disparity": "unclamped_full_binocular_normalized_at_artistic_scale_1_output_eye_raster_zero_bars",
    "artistic_disparity_contract": "clamp(raw_baseline_times_scale_to_plus_or_minus_0.142_times_aspect_scale_times_content_scale_x)",
    "artistic_full_clamp_abs": 0.18918553,
    "warp_mask": {
      "red": "forward_disocclusion_before_fill"
    },
    "cuda_graph_captured": true,
    "name": "kitchen-vlog",
    "description": "Talking-head vlogger in a kitchen; near-flat depth.",
    "clip_sha1": "e1afc2353d88"
  }
}