{
  "aggregate": {
    "artifact_in_hole_pct": 18.49708635194533,
    "depth_spread": 0.898035595814387,
    "disocc_frac": 0.0335053181108509,
    "disocc_smear": 0.0,
    "edge_acc_p50": 0.16666666666666666,
    "edge_acc_p95": 24.0,
    "flicker": 0.6074149479036746,
    "flicker_disocc": 1.9463060368662295,
    "flow_depth": 5.993252870829209,
    "flow_support": 0.9802918365036232,
    "flow_temporal": 1.38322042900583,
    "hole_bad_fill_pct": 4.112532159341714,
    "hole_source_residual_p95": 22.82304984728495,
    "image_integrity_pct": 99.22279792746113,
    "negative_disparity_pct": 1.2216727094346425,
    "pop_pct_p50": 0.18986745949428685,
    "pop_px_p50": 2.160269761357219,
    "pop_px_p95": 13.56922752674401,
    "pop_spread_pct": 1.1927235253209374,
    "pop_spread_px": 13.570543221429332,
    "positive_disparity_pct": 0.0006044336499090293,
    "rim_over_p50": 0.0,
    "rim_over_p95": 2.0624655385812125,
    "source_coverage_pct": 99.65277777777779,
    "source_halo_p95": 0.13124999217689037,
    "source_residual_p50": 0.23610328137874603,
    "source_residual_p95": 7.5251932342847185,
    "source_stretch_pct": 5.753615597255412,
    "source_stretch_support": 2.955570927372685,
    "static_jitter": 1.115086757618448,
    "static_support": 0.8658373425991922,
    "stretch_area": 5.2670846344002085,
    "swim": 1.2632386179073998,
    "vmisalign_pct": 0.0045931337323660655,
    "vmisalign_px": 0.013037949781088779,
    "warp_hole_pct": 0.5508185857228196,
    "_n": 24,
    "_models": [
      ""
    ],
    "flicker_p50": 0.5615909695625305,
    "flicker_p95": 1.082202726602554,
    "flicker_disocc_p50": 1.8016090393066406,
    "flicker_disocc_p95": 3.7888003826141357,
    "swim_p50": 0.43579670786857605,
    "swim_p95": 5.058755433559412,
    "static_jitter_p50": 0.9999999403953552,
    "static_jitter_p95": 1.9072194933891282,
    "flow_temporal_p50": 1.1069802045822144,
    "flow_temporal_p95": 2.1036154747009275,
    "flow_depth_p50": 1.6234210729599,
    "flow_depth_p95": 26.7504289627075,
    "q_clean": 87.0,
    "q_depth": 47.7,
    "score": 87.0
  },
  "perf_ms": {
    "depth_infer": 2.03306,
    "sbs_composite_cpu": 0.0065,
    "warp_infer": 0.130368
  },
  "meta": {
    "git_sha": "5c7f3e38",
    "git_dirty": true,
    "clip_set_sha1": {
      "aigen_cogvideox_rain": "5a3b6632212b",
      "anime_morevna_closeup": "e44f93df938a",
      "c339": "db5f34629467",
      "c525": "b3b3400d5e3b",
      "c647": "dfff8c7b9459",
      "c747": "1ff2aa060c61",
      "c841": "e1afc2353d88",
      "fast_motion": "5ac142ec4eff",
      "flat_page": "a839c5fb2d32",
      "flat_transition": "2f5bde33326b",
      "scene_cut": "c912fa5c33a7"
    },
    "mode": "profile",
    "suite": "core",
    "clips_root": "E:\\Git\\Repo\\Apollo-3D\\tools\\sbsbench\\clips",
    "extra_args": [],
    "conf": "tools\\sbsbench\\bench.conf",
    "model": "depth_anything_v2_fp16",
    "profile": "apollo",
    "literal_bestv2": false,
    "depth_compensation": "none",
    "eval_schema": 18,
    "depth_step": "current-once",
    "depth_reuse_interval": 1,
    "conf_sha256": "679341c6d0d9db4d",
    "metric_sha256": "b5cd2854f4b2144d",
    "gpu_contention": false,
    "timestamp": "2026-07-12T19:30:14",
    "run_name": "evalv18-apollo-core",
    "name": "kitchen-vlog",
    "description": "Talking-head vlogger in a kitchen; near-flat depth.",
    "clip_sha1": "e1afc2353d88"
  }
}