{
  "aggregate": {
    "artifact_in_hole_pct": 18.235573730881868,
    "depth_spread": 0.897988515595595,
    "disocc_frac": 0.03326563719750195,
    "disocc_smear": 0.0,
    "edge_acc_p50": 0.16666666666666666,
    "edge_acc_p95": 24.0,
    "flicker": 0.604084246184515,
    "flicker_disocc": 1.899056517559549,
    "flow_depth": 5.993489724138509,
    "flow_support": 0.9802918365036232,
    "flow_temporal": 1.3835526393807454,
    "hole_bad_fill_pct": 4.064353148283659,
    "hole_source_residual_p95": 22.689724087715145,
    "image_integrity_pct": 99.2224454091881,
    "negative_disparity_pct": 1.2216727094346425,
    "pop_pct_p50": 0.1898496075314836,
    "pop_px_p50": 2.1600666456915465,
    "pop_px_p95": 13.569479605175822,
    "pop_spread_pct": 1.1926651573924125,
    "pop_spread_px": 13.569879124109226,
    "positive_disparity_pct": 0.001495460954599254,
    "rim_over_p50": 0.0,
    "rim_over_p95": 2.0325764318307242,
    "source_coverage_pct": 99.65837813620072,
    "source_halo_p95": 0.11874999230106671,
    "source_residual_p50": 0.23610553393761316,
    "source_residual_p95": 7.504648506641388,
    "source_stretch_pct": 5.710707997761594,
    "source_stretch_support": 2.9621265552662037,
    "static_jitter": 1.1119492002155469,
    "static_support": 0.8658373425991922,
    "stretch_area": 5.242486338797814,
    "swim": 1.26882148631241,
    "vmisalign_pct": 0.004360140107261638,
    "vmisalign_px": 0.01266047271201387,
    "warp_hole_pct": 0.5526853718637993,
    "warp_unresolved_pct": 0.0,
    "_n": 24,
    "_models": [
      ""
    ],
    "flicker_p50": 0.5575042963027954,
    "flicker_p95": 1.0753138959407804,
    "flicker_disocc_p50": 1.7949535846710205,
    "flicker_disocc_p95": 3.6693617582321165,
    "swim_p50": 0.43579861521720886,
    "swim_p95": 5.094552552700037,
    "static_jitter_p50": 0.9999999403953552,
    "static_jitter_p95": 1.9072194933891282,
    "flow_temporal_p50": 1.1074841022491455,
    "flow_temporal_p95": 2.102516031265259,
    "flow_depth_p50": 1.6360143423080444,
    "flow_depth_p95": 26.75758543014524,
    "q_clean": 87.0,
    "q_depth": 47.7,
    "score": 87.0
  },
  "perf_ms": {
    "depth_infer": 2.47469,
    "sbs_composite_cpu": 0.0063,
    "warp_infer": 0.130688
  },
  "meta": {
    "git_sha": "23b1673e",
    "git_dirty": true,
    "clip_set_sha1": {
      "aigen_cogvideox_rain": "5a3b6632212b",
      "anime_morevna_closeup": "e44f93df938a",
      "c339": "db5f34629467",
      "c525": "b3b3400d5e3b",
      "c647": "dfff8c7b9459",
      "c747": "1ff2aa060c61",
      "c841": "e1afc2353d88",
      "fast_motion": "5ac142ec4eff",
      "flat_page": "a839c5fb2d32",
      "flat_transition": "2f5bde33326b",
      "scene_cut": "c912fa5c33a7"
    },
    "mode": "profile",
    "suite": "core",
    "clips_root": "E:\\Git\\Repo\\Apollo-3D\\tools\\sbsbench\\clips",
    "extra_args": [],
    "conf": "tools\\sbsbench\\bench.conf",
    "model": "depth_anything_v2_fp16",
    "profile": "apollo",
    "warp": "apollo",
    "literal_bestv2": false,
    "eval_schema": 12,
    "depth_step": "current-once",
    "depth_reuse_interval": 1,
    "conf_sha256": "679341c6d0d9db4d",
    "metric_sha256": "f35ae50931cfb1db",
    "gpu_contention": false,
    "timestamp": "2026-07-12T12:26:43",
    "run_name": "review-fix-apollo-core-clean",
    "name": "kitchen-vlog",
    "description": "Talking-head vlogger in a kitchen; near-flat depth.",
    "clip_sha1": "e1afc2353d88"
  }
}