{
  "aggregate": {
    "depth_spread": 0.8979772590100765,
    "disocc_frac": 0.03327193924017695,
    "disocc_smear": 0.0,
    "edge_acc_p50": 0.16666666666666666,
    "edge_acc_p95": 24.0,
    "flicker": 0.5916747625755228,
    "flicker_disocc": 1.6094488190568013,
    "flow_depth": 6.334470212459564,
    "flow_support": 0.9802918365036232,
    "flow_temporal": 1.3728182315826416,
    "image_integrity_pct": 99.51008831302778,
    "negative_disparity_pct": 0.9534227205942052,
    "pop_pct_p50": 0.20493548341298365,
    "pop_px_p50": 1.7501490283468808,
    "pop_px_p95": 8.076537733448818,
    "pop_spread_pct": 0.9480378782031954,
    "pop_spread_px": 8.096243479855287,
    "positive_disparity_pct": 0.11998360953179336,
    "rim_over_p50": 0.0,
    "rim_over_p95": 2.0488379697004953,
    "source_coverage_pct": 99.64997759856631,
    "source_halo_p95": 0.19583332041899362,
    "source_residual_p50": 0.2222356138130029,
    "source_residual_p95": 7.141072571277618,
    "source_stretch_pct": 4.690836429019812,
    "source_stretch_support": 2.8962311921296298,
    "static_jitter": 1.124210150345512,
    "static_support": 0.8658373425991922,
    "stretch_area": 5.17550172391361,
    "swim": 1.5767211952935094,
    "vmisalign_px": 0.029499081894755363,
    "_n": 24,
    "_models": [
      ""
    ],
    "flicker_p50": 0.5451942086219788,
    "flicker_p95": 1.0607156991958617,
    "flicker_disocc_p50": 1.4292842149734497,
    "flicker_disocc_p95": 3.104718446731567,
    "swim_p50": 0.38910481333732605,
    "swim_p95": 7.042800831794732,
    "static_jitter_p50": 0.9999999403953552,
    "static_jitter_p95": 1.9144406318664537,
    "flow_temporal_p50": 1.1265437602996826,
    "flow_temporal_p95": 2.044378232955933,
    "flow_depth_p50": 1.579882264137268,
    "flow_depth_p95": 29.028031730651833,
    "q_clean": 88.0,
    "q_depth": 37.9,
    "score": 88.0
  },
  "perf_ms": {
    "depth_infer": 2.00096,
    "sbs_composite_cpu": 0.0061,
    "warp_infer": 0.14304
  },
  "meta": {
    "git_sha": "d54d0de0",
    "git_dirty": true,
    "clip_set_sha1": {
      "c339": "db5f34629467",
      "c525": "b3b3400d5e3b",
      "c647": "dfff8c7b9459",
      "c747": "1ff2aa060c61",
      "c841": "e1afc2353d88",
      "fast_motion": "5ac142ec4eff",
      "flat_page": "a839c5fb2d32",
      "scene_cut": "c912fa5c33a7"
    },
    "mode": "game",
    "extra_args": [],
    "conf": "tools\\sbsbench\\bench.conf",
    "model": "depth_anything_v2_fp16",
    "warp": "apollo",
    "shift_profile": "bestv2",
    "eval_schema": 3,
    "depth_step": "current-once",
    "conf_sha256": "d78305de3cb0d05f",
    "metric_sha256": "7eab28e4d528ecd9",
    "gpu_contention": false,
    "timestamp": "2026-07-10T22:01:44",
    "run_name": "evalv3-baseline-final",
    "name": "kitchen-vlog",
    "description": "Talking-head vlogger in a kitchen; near-flat depth.",
    "clip_sha1": "e1afc2353d88"
  }
}