{
  "aggregate": {
    "artifact_in_hole_pct": 31.890427237346426,
    "depth_spread": 0.897988515595595,
    "disocc_frac": 0.03326563719750195,
    "disocc_smear": 0.0,
    "edge_acc_p50": 0.16666666666666666,
    "edge_acc_p95": 24.0,
    "flicker": 0.6170979414297186,
    "flicker_disocc": 1.762630441914434,
    "flow_depth": 5.993489724138509,
    "flow_support": 0.9802918365036232,
    "flow_temporal": 1.3916516459506492,
    "hole_bad_fill_pct": 9.40947600704767,
    "hole_source_residual_p95": 26.41211117903391,
    "image_integrity_pct": 99.12457039102523,
    "negative_disparity_pct": 1.224487842337112,
    "pop_pct_p50": 0.22184937077477407,
    "pop_px_p50": 2.524152840815207,
    "pop_px_p95": 13.603279577817283,
    "pop_spread_pct": 1.2002159019337493,
    "pop_spread_px": 13.655789817557327,
    "positive_disparity_pct": 0.001023069792322321,
    "rim_over_p50": 0.0,
    "rim_over_p95": 2.443553368250529,
    "source_coverage_pct": 99.54357078853047,
    "source_halo_p95": 0.208333320915699,
    "source_residual_p50": 0.23611032155652842,
    "source_residual_p95": 7.851926604906718,
    "source_stretch_pct": 5.678336515445717,
    "source_stretch_support": 2.979193793402778,
    "static_jitter": 1.158793164336163,
    "static_support": 0.8658373425991922,
    "stretch_area": 5.18617453812126,
    "swim": 1.26882148631241,
    "vmisalign_pct": 0.0028057785433096187,
    "vmisalign_px": 0.009507541438021386,
    "warp_hole_pct": 0.5526853718637993,
    "warp_unresolved_pct": 0.0,
    "_n": 24,
    "_models": [
      ""
    ],
    "flicker_p50": 0.5721436738967896,
    "flicker_p95": 1.0918461501598355,
    "flicker_disocc_p50": 1.7085331678390503,
    "flicker_disocc_p95": 3.28833954334259,
    "swim_p50": 0.43579861521720886,
    "swim_p95": 5.094552552700037,
    "static_jitter_p50": 0.9999999403953552,
    "static_jitter_p95": 1.9290047764778127,
    "flow_temporal_p50": 1.126229166984558,
    "flow_temporal_p95": 2.1009667634963987,
    "flow_depth_p50": 1.6360143423080444,
    "flow_depth_p95": 26.75758543014524,
    "q_clean": 86.8,
    "q_depth": 48.0,
    "score": 86.8
  },
  "perf_ms": {
    "depth_infer": 1.98538,
    "sbs_composite_cpu": 0.0073,
    "warp_infer": 0.018272
  },
  "meta": {
    "git_sha": "1e1ff805",
    "git_dirty": true,
    "clip_set_sha1": {
      "aigen_cogvideox_rain": "5a3b6632212b",
      "anime_morevna_closeup": "e44f93df938a",
      "c339": "db5f34629467",
      "c525": "b3b3400d5e3b",
      "c647": "dfff8c7b9459",
      "c747": "1ff2aa060c61",
      "c841": "e1afc2353d88",
      "fast_motion": "5ac142ec4eff",
      "flat_page": "a839c5fb2d32",
      "flat_transition": "2f5bde33326b",
      "scene_cut": "c912fa5c33a7"
    },
    "mode": "profile",
    "suite": "core",
    "clips_root": "E:\\Git\\Repo\\Apollo-3D\\tools\\sbsbench\\clips",
    "extra_args": [],
    "conf": "tools\\sbsbench\\bench.conf",
    "model": "depth_anything_v2_fp16",
    "profile": "vd3d",
    "warp": "vd3d",
    "literal_bestv2": false,
    "eval_schema": 12,
    "depth_step": "current-once",
    "depth_reuse_interval": 1,
    "conf_sha256": "da08885f8dd3cd82",
    "metric_sha256": "a326ddae1c56ee7b",
    "gpu_contention": false,
    "timestamp": "2026-07-12T10:08:43",
    "run_name": "evalv12-baseline-core",
    "name": "kitchen-vlog",
    "description": "Talking-head vlogger in a kitchen; near-flat depth.",
    "clip_sha1": "e1afc2353d88"
  }
}