{
  "aggregate": {
    "artifact_in_hole_pct": 12.617555249110433,
    "depth_spread": 0.9361817687749863,
    "disocc_frac": 0.03351223002862347,
    "disocc_smear": 0.0,
    "edge_acc_p50": 0.125,
    "edge_acc_p95": 24.0,
    "flicker": 0.5537148247594419,
    "flicker_disocc": 1.7045228584952976,
    "flow_depth": 1.4229753017425537,
    "flow_support": 0.9802918365036232,
    "flow_temporal": 1.2842632843100505,
    "hole_bad_fill_pct": 3.550742037310158,
    "hole_source_residual_p95": 22.1127781232198,
    "image_integrity_pct": 99.18478260869566,
    "negative_disparity_pct": 1.22487501881551,
    "pop_pct_p50": 0.1971282878962665,
    "pop_px_p50": 2.2428818533975208,
    "pop_px_p95": 13.901631002198968,
    "pop_spread_pct": 1.221439675405425,
    "pop_spread_px": 13.897269195723945,
    "positive_disparity_pct": 0.00029717779677999976,
    "rim_over_p50": 0.0,
    "rim_over_p95": 2.0094229131937027,
    "source_coverage_pct": 99.64437724014337,
    "source_halo_p95": 0.1041666604578495,
    "source_residual_p50": 0.2222188264131546,
    "source_residual_p95": 7.90484877427419,
    "source_stretch_pct": 6.001531911043074,
    "source_stretch_support": 2.9674388744212963,
    "static_jitter": 1.0218520268149998,
    "static_support": 0.8658373425991922,
    "stretch_area": 5.235777712724434,
    "swim": 0.4608348092955092,
    "vmisalign_pct": 0.003748062493590017,
    "vmisalign_px": 0.012196019476202006,
    "warp_hole_pct": 0.5160496938470729,
    "_n": 24,
    "_models": [
      ""
    ],
    "flicker_p50": 0.4931626319885254,
    "flicker_p95": 1.074622148275375,
    "flicker_disocc_p50": 1.6690306663513184,
    "flicker_disocc_p95": 3.588867592811584,
    "swim_p50": 0.36575886607170105,
    "swim_p95": 0.8961100935935973,
    "static_jitter_p50": 0.9999999403953552,
    "static_jitter_p95": 1.0000136196613312,
    "flow_temporal_p50": 1.0521240234375,
    "flow_temporal_p95": 2.040891921520233,
    "flow_depth_p50": 1.3529337644577026,
    "flow_depth_p95": 2.3652381420135495,
    "q_clean": 87.2,
    "q_depth": 48.9,
    "score": 87.2
  },
  "perf_ms": {
    "depth_infer": 1.45859,
    "depth_postprocess_gpu": 0.084192,
    "depth_preprocess_gpu": 0.152576,
    "sbs_composite_cpu": 0.005,
    "warp_infer": 0.055264
  },
  "meta": {
    "git_sha": "e15f08f1",
    "git_dirty": true,
    "clip_set_sha1": {
      "aigen_cogvideox_rain": "5a3b6632212b",
      "anime_morevna_closeup": "e44f93df938a",
      "c339": "db5f34629467",
      "c525": "b3b3400d5e3b",
      "c647": "dfff8c7b9459",
      "c747": "1ff2aa060c61",
      "c841": "e1afc2353d88",
      "fast_motion": "5ac142ec4eff",
      "flat_page": "a839c5fb2d32",
      "flat_transition": "2f5bde33326b",
      "scene_cut": "c912fa5c33a7"
    },
    "mode": "profile",
    "suite": "core",
    "clips_root": "E:\\Git\\Repo\\Apollo-3D\\tools\\sbsbench\\clips",
    "extra_args": [],
    "conf": "tools\\sbsbench\\bench.conf",
    "model": "depth_anything_v2_fp16",
    "profile": "apollo",
    "adaptive_pop": true,
    "adaptive_pop_max": 1.3,
    "zero_plane": "legacy",
    "literal_bestv2": false,
    "depth_compensation": "none",
    "eval_schema": 26,
    "depth_step": "current-once",
    "depth_reuse_interval": 1,
    "conf_sha256": "679341c6d0d9db4d",
    "metric_sha256": "bb8f6540c80451a4",
    "executable_sha256": "486322e71404be5f24c8875968b343f18ebb2856304aab6198a02d15b8db4f5b",
    "runtime_shader_sha256": "0d7165f0f96f77ed197bcb0ac5641fcba1d044df1268ea5ed8be90e65e1365ca",
    "engine_name": "depth_anything_v2_fp16.trt-opt770x434-level5-v2.trt11_1_0-sm120-gpuec0860237209d3fe-onnx2df6223f206b5164e21f664ace61dabeb9bb6a49b8b5a3e00510b4807d0f5b04.engine",
    "engine_sha256": "e54fe5b921df85b65cba29be6ef7e4cbb0c51b90b0f850947eba22521a290f28",
    "onnx_sha256": "2df6223f206b5164e21f664ace61dabeb9bb6a49b8b5a3e00510b4807d0f5b04",
    "gpu_contention": false,
    "run_kind": "baseline-update",
    "timestamp": "2026-07-17T18:50:21",
    "run_name": "review-fix26-baseline-core",
    "cuda_graph": true,
    "cuda_graph_captured": true,
    "source_frame_count": 24,
    "name": "kitchen-vlog",
    "description": "Talking-head vlogger in a kitchen; near-flat depth.",
    "clip_sha1": "e1afc2353d88"
  }
}