{
  "aggregate": {
    "depth_gt_edge_f1": 0.0,
    "depth_gt_si_rmse": 22.905909935633343,
    "depth_spread": 0.7753585328658422,
    "disocc_frac": 3.272996357012751e-05,
    "edge_acc_p50": 6.708333333333333,
    "edge_acc_p95": 7.570833424727122,
    "flicker": 2.8939916465593423,
    "flow_depth": 15.434207511984784,
    "flow_support": 0.6758178121225845,
    "flow_temporal": 3.4708128338274746,
    "image_integrity_pct": 99.5590189682252,
    "negative_disparity_pct": 0.9731902311222336,
    "pop_pct_p50": 0.8692549072841533,
    "pop_px_p50": 7.4234369082066705,
    "pop_px_p95": 7.893103240583227,
    "pop_spread_pct": 0.6764416369092668,
    "pop_spread_px": 5.77681157920514,
    "positive_disparity_pct": 0.0,
    "rim_over_p50": 0.0,
    "rim_over_p95": 0.007131267338991165,
    "source_coverage_pct": 100.0,
    "source_halo_p95": 0.0,
    "source_residual_p50": 1.7082424654314916,
    "source_residual_p95": 4.949112703402837,
    "source_stretch_pct": 0.0,
    "source_stretch_support": 0.0244140625,
    "static_jitter": 1.7038770914077759,
    "static_support": 0.9127161609476293,
    "stretch_area": 0.0,
    "swim": 6.65894203049981,
    "vmisalign_px": 0.004242129041813314,
    "_n": 24,
    "_models": [
      ""
    ],
    "flicker_p50": 2.78823184967041,
    "flicker_p95": 3.8315307855606067,
    "swim_p50": 2.7587544918060303,
    "swim_p95": 26.16498231887815,
    "static_jitter_p50": 0.9278038144111633,
    "static_jitter_p95": 5.572584795951837,
    "flow_temporal_p50": 3.1365599632263184,
    "flow_temporal_p95": 5.8483850002288795,
    "flow_depth_p50": 8.559737205505371,
    "flow_depth_p95": 68.65134620666498,
    "q_clean": 87.9,
    "q_depth": 27.1,
    "score": 87.9
  },
  "perf_ms": {
    "depth_infer": 2.04262,
    "sbs_composite_cpu": 0.007,
    "warp_infer": 0.14304
  },
  "meta": {
    "git_sha": "02c270d7",
    "git_dirty": true,
    "clip_set_sha1": {
      "c339": "db5f34629467",
      "c525": "b3b3400d5e3b",
      "c647": "dfff8c7b9459",
      "c747": "1ff2aa060c61",
      "c841": "e1afc2353d88",
      "fast_motion": "5ac142ec4eff",
      "flat_page": "a839c5fb2d32",
      "scene_cut": "c912fa5c33a7"
    },
    "mode": "game",
    "suite": "core",
    "clips_root": "E:\\Git\\Repo\\Apollo-3D\\tools\\sbsbench\\clips",
    "extra_args": [],
    "conf": "tools\\sbsbench\\bench.conf",
    "model": "depth_anything_v2_fp16",
    "warp": "apollo",
    "shift_profile": "bestv2",
    "eval_schema": 4,
    "depth_step": "current-once",
    "conf_sha256": "d78305de3cb0d05f",
    "metric_sha256": "e0797ed1f16ad440",
    "gpu_contention": false,
    "timestamp": "2026-07-11T06:34:29",
    "run_name": "evalv4-widthfix-core",
    "name": "fast_motion",
    "description": "Synthetic textured block crossing a textured background at 30 px/frame: async-depth ghost.",
    "gt_depth_kind": "disparity",
    "clip_sha1": "5ac142ec4eff"
  }
}