{
  "aggregate": {
    "artifact_in_hole_pct": 0.0,
    "depth_gt_edge_f1": 0.0,
    "depth_gt_ghost_edge_pct": 0.0,
    "depth_gt_lag_f1": 0.0,
    "depth_gt_si_rmse": 24.124268611272175,
    "depth_spread": 0.8089125206073126,
    "disocc_frac": 3.1306921675774135e-05,
    "edge_acc_p50": 6.75,
    "edge_acc_p95": 7.575000087420146,
    "flicker": 2.8611350992451543,
    "flow_depth": 11.649396315864895,
    "flow_support": 0.6758178121225845,
    "flow_temporal": 3.945094372915185,
    "hole_bad_fill_pct": 0.0,
    "hole_source_residual_p95": 5.613167222340901,
    "image_integrity_pct": 99.52759222483,
    "negative_disparity_pct": 1.236722599278437,
    "pop_pct_p50": 1.0166566128274017,
    "pop_px_p50": 11.567293017058438,
    "pop_px_p95": 13.82162485455467,
    "pop_spread_pct": 1.0445054185779066,
    "pop_spread_px": 11.884150540264182,
    "positive_disparity_pct": 0.0007713392740107822,
    "rim_over_p50": 0.0,
    "rim_over_p95": 0.0,
    "source_coverage_pct": 100.0,
    "source_halo_p95": 0.0,
    "source_residual_p50": 1.6342818687359493,
    "source_residual_p95": 5.671382745107015,
    "static_jitter": 1.2861698477164558,
    "static_support": 0.9127161609476293,
    "stretch_area": 0.0,
    "swim": 5.421587596768918,
    "vmisalign_pct": 0.0014817054519274582,
    "vmisalign_px": 0.004765574888248618,
    "warp_hole_pct": 0.4684466472520908,
    "_n": 24,
    "_models": [
      ""
    ],
    "flicker_p50": 2.8167786598205566,
    "flicker_p95": 3.027602458000183,
    "swim_p50": 3.0700395107269287,
    "swim_p95": 18.44358348846434,
    "static_jitter_p50": 1.0681986808776855,
    "static_jitter_p95": 1.7048864364624023,
    "flow_temporal_p50": 3.9519217014312744,
    "flow_temporal_p95": 5.589472866058349,
    "flow_depth_p50": 7.968871593475342,
    "flow_depth_p95": 30.39035606384275,
    "depth_gt_lag_f1_p50": 0.0,
    "depth_gt_lag_f1_p95": 0.0,
    "depth_gt_ghost_edge_pct_p50": 0.0,
    "depth_gt_ghost_edge_pct_p95": 0.0,
    "q_clean": 90.1,
    "q_depth": 41.8,
    "score": 90.1
  },
  "perf_ms": {
    "depth_infer": 1.4567,
    "depth_postprocess_gpu": 0.070656,
    "depth_preprocess_gpu": 0.109088,
    "sbs_composite_cpu": 0.004,
    "warp_infer": 0.055648
  },
  "meta": {
    "git_sha": "5e7f964a",
    "git_dirty": true,
    "clip_set_sha1": {
      "fast_motion": "5ac142ec4eff",
      "flat_page": "a839c5fb2d32",
      "flat_transition": "2f5bde33326b"
    },
    "mode": "profile",
    "suite": "core",
    "clips_root": "E:\\Git\\Repo\\Apollo-3D\\tools\\sbsbench\\clips",
    "extra_args": [],
    "conf": "tools\\sbsbench\\bench.conf",
    "model": "depth_anything_v2_fp16",
    "profile": "apollo",
    "adaptive_pop": true,
    "adaptive_pop_max": 1.3,
    "literal_bestv2": false,
    "depth_compensation": "none",
    "eval_schema": 20,
    "depth_step": "current-once",
    "depth_reuse_interval": 1,
    "conf_sha256": "679341c6d0d9db4d",
    "metric_sha256": "4611fd0af2195166",
    "gpu_contention": false,
    "timestamp": "2026-07-14T13:27:06",
    "run_name": "adaptive-pop-cooldown-core",
    "cuda_graph": true,
    "cuda_graph_captured": true,
    "name": "fast_motion",
    "description": "Synthetic textured block crossing a textured background at 30 px/frame: async-depth ghost.",
    "gt_depth_kind": "disparity",
    "clip_sha1": "5ac142ec4eff"
  }
}