{
  "aggregate": {
    "depth_gt_edge_f1": 0.0,
    "depth_gt_si_rmse": 24.124268611272175,
    "depth_spread": 0.8086891372998556,
    "disocc_frac": 2.9883879781420765e-05,
    "edge_acc_p50": 6.75,
    "edge_acc_p95": 7.425000071525574,
    "flicker": 2.8537871630295464,
    "flow_depth": 11.643386281054953,
    "flow_support": 0.6758178121225845,
    "flow_temporal": 4.015084748682768,
    "image_integrity_pct": 99.46430721078609,
    "negative_disparity_pct": 1.2320524225287954,
    "pop_pct_p50": 0.9854960861728989,
    "pop_px_p50": 11.212755469344982,
    "pop_px_p95": 13.506739471228121,
    "pop_spread_pct": 1.0148563189192863,
    "pop_spread_px": 11.546809673037211,
    "positive_disparity_pct": 0.0,
    "rim_over_p50": 0.0,
    "rim_over_p95": 0.0,
    "source_coverage_pct": 100.0,
    "source_halo_p95": 0.0,
    "source_residual_p50": 1.722174550096194,
    "source_residual_p95": 5.8057334423065186,
    "static_jitter": 1.4205508413522139,
    "static_support": 0.9127161609476293,
    "stretch_area": 0.0,
    "swim": 5.423108204551365,
    "vmisalign_pct": 0.0018363910688397784,
    "vmisalign_px": 0.004767588941225161,
    "_n": 24,
    "_models": [
      ""
    ],
    "flicker_p50": 2.8054604530334473,
    "flicker_p95": 3.064463114738464,
    "swim_p50": 3.085601568222046,
    "swim_p95": 18.442027759551987,
    "static_jitter_p50": 1.2126061916351318,
    "static_jitter_p95": 2.2549780130386345,
    "flow_temporal_p50": 3.9782984256744385,
    "flow_temporal_p95": 5.69798789024353,
    "flow_depth_p50": 7.968871593475342,
    "flow_depth_p95": 30.414853191375705,
    "q_clean": 89.5,
    "q_depth": 40.6,
    "score": 89.5
  },
  "perf_ms": {
    "depth_infer": 2.06771,
    "sbs_composite_cpu": 0.0073,
    "warp_infer": 0.018208
  },
  "meta": {
    "git_sha": "8a5564a9",
    "git_dirty": true,
    "clip_set_sha1": {
      "aigen_cogvideox_rain": "5a3b6632212b",
      "anime_morevna_closeup": "e44f93df938a",
      "c339": "db5f34629467",
      "c525": "b3b3400d5e3b",
      "c647": "dfff8c7b9459",
      "c747": "1ff2aa060c61",
      "c841": "e1afc2353d88",
      "fast_motion": "5ac142ec4eff",
      "flat_page": "a839c5fb2d32",
      "flat_transition": "2f5bde33326b",
      "scene_cut": "c912fa5c33a7"
    },
    "mode": "profile",
    "suite": "core",
    "clips_root": "E:\\Git\\Repo\\Apollo-3D\\tools\\sbsbench\\clips",
    "extra_args": [],
    "conf": "tools\\sbsbench\\bench.conf",
    "model": "depth_anything_v2_fp16",
    "profile": "vd3d",
    "warp": "vd3d",
    "eval_schema": 9,
    "depth_step": "current-once",
    "conf_sha256": "9d32d1467ef6e8c2",
    "metric_sha256": "424bb4a8bb87c29f",
    "gpu_contention": false,
    "timestamp": "2026-07-11T23:06:35",
    "run_name": "vd3d-default-baseline-core",
    "name": "fast_motion",
    "description": "Synthetic textured block crossing a textured background at 30 px/frame: async-depth ghost.",
    "gt_depth_kind": "disparity",
    "clip_sha1": "5ac142ec4eff"
  }
}