{
  "aggregate": {
    "artifact_in_hole_pct": 0.0,
    "depth_gt_edge_f1": 0.0,
    "depth_gt_si_rmse": 24.124268611272175,
    "depth_spread": 0.8086891372998556,
    "disocc_frac": 2.9883879781420765e-05,
    "edge_acc_p50": 6.75,
    "edge_acc_p95": 7.425000071525574,
    "flicker": 2.8468198257943857,
    "flow_depth": 11.643386281054953,
    "flow_support": 0.6758178121225845,
    "flow_temporal": 3.8525600588839986,
    "hole_bad_fill_pct": 0.0,
    "hole_source_residual_p95": 6.046271481116612,
    "image_integrity_pct": 99.49169874879692,
    "negative_disparity_pct": 1.22818610025206,
    "pop_pct_p50": 0.988395163102969,
    "pop_px_p50": 11.245740522416002,
    "pop_px_p95": 13.443572520924684,
    "pop_spread_pct": 1.013001242737895,
    "pop_spread_px": 11.525703028484493,
    "positive_disparity_pct": 0.0,
    "rim_over_p50": 0.0,
    "rim_over_p95": 0.0,
    "source_coverage_pct": 100.0,
    "source_halo_p95": 0.0,
    "source_residual_p50": 1.6898986299832661,
    "source_residual_p95": 5.819536805152893,
    "static_jitter": 1.2361925218416296,
    "static_support": 0.9127161609476293,
    "stretch_area": 0.0,
    "swim": 5.423108204551365,
    "vmisalign_pct": 0.0014484855637419969,
    "vmisalign_px": 0.004483620815638763,
    "warp_hole_pct": 0.46552979390681,
    "warp_unresolved_pct": 0.0,
    "_n": 24,
    "_models": [
      ""
    ],
    "flicker_p50": 2.809809684753418,
    "flicker_p95": 3.0214935779571532,
    "swim_p50": 3.085601568222046,
    "swim_p95": 18.442027759551987,
    "static_jitter_p50": 1.000015139579773,
    "static_jitter_p95": 1.6430014371871948,
    "flow_temporal_p50": 3.8915703296661377,
    "flow_temporal_p95": 5.423789596557617,
    "flow_depth_p50": 7.968871593475342,
    "flow_depth_p95": 30.414853191375705,
    "q_clean": 90.1,
    "q_depth": 40.5,
    "score": 90.1
  },
  "perf_ms": {
    "depth_infer": 2.13034,
    "sbs_composite_cpu": 0.0058,
    "warp_infer": 0.130592
  },
  "meta": {
    "git_sha": "23b1673e",
    "git_dirty": true,
    "clip_set_sha1": {
      "aigen_cogvideox_rain": "5a3b6632212b",
      "anime_morevna_closeup": "e44f93df938a",
      "c339": "db5f34629467",
      "c525": "b3b3400d5e3b",
      "c647": "dfff8c7b9459",
      "c747": "1ff2aa060c61",
      "c841": "e1afc2353d88",
      "fast_motion": "5ac142ec4eff",
      "flat_page": "a839c5fb2d32",
      "flat_transition": "2f5bde33326b",
      "scene_cut": "c912fa5c33a7"
    },
    "mode": "profile",
    "suite": "core",
    "clips_root": "E:\\Git\\Repo\\Apollo-3D\\tools\\sbsbench\\clips",
    "extra_args": [],
    "conf": "tools\\sbsbench\\bench.conf",
    "model": "depth_anything_v2_fp16",
    "profile": "apollo",
    "warp": "apollo",
    "literal_bestv2": false,
    "eval_schema": 12,
    "depth_step": "current-once",
    "depth_reuse_interval": 1,
    "conf_sha256": "679341c6d0d9db4d",
    "metric_sha256": "f35ae50931cfb1db",
    "gpu_contention": false,
    "timestamp": "2026-07-12T12:26:43",
    "run_name": "review-fix-apollo-core-clean",
    "name": "fast_motion",
    "description": "Synthetic textured block crossing a textured background at 30 px/frame: async-depth ghost.",
    "gt_depth_kind": "disparity",
    "clip_sha1": "5ac142ec4eff"
  }
}