{
  "aggregate": {
    "depth_gt_edge_f1": 0.0,
    "depth_gt_si_rmse": 24.124268611272175,
    "depth_spread": 0.8086891372998556,
    "disocc_frac": 2.9883879781420765e-05,
    "edge_acc_p50": 6.75,
    "edge_acc_p95": 7.425000071525574,
    "flicker": 2.718765922214674,
    "flow_depth": 11.643386281054953,
    "flow_support": 0.6758178121225845,
    "flow_temporal": 2.9143503023230513,
    "image_integrity_pct": 99.62099563844187,
    "negative_disparity_pct": 0.9431840629432464,
    "pop_pct_p50": 0.7831815007663194,
    "pop_px_p50": 6.6883700165443685,
    "pop_px_p95": 7.987510923046009,
    "pop_spread_pct": 0.7351715459584316,
    "pop_spread_px": 6.278365002485006,
    "positive_disparity_pct": 0.0,
    "rim_over_p50": 0.0,
    "rim_over_p95": 0.0,
    "source_coverage_pct": 100.0,
    "source_halo_p95": 0.0,
    "source_residual_p50": 1.6944987426201503,
    "source_residual_p95": 4.976873755455017,
    "static_jitter": 0.9196343836577042,
    "static_support": 0.9127161609476293,
    "stretch_area": 0.0,
    "swim": 5.423108204551365,
    "vmisalign_pct": 0.0008298575266962871,
    "vmisalign_px": 0.002715408477039697,
    "_n": 24,
    "_models": [
      ""
    ],
    "flicker_p50": 2.69903826713562,
    "flicker_p95": 2.8242324113845823,
    "swim_p50": 3.085601568222046,
    "swim_p95": 18.442027759551987,
    "static_jitter_p50": 0.8555924892425537,
    "static_jitter_p95": 0.9999999403953552,
    "flow_temporal_p50": 2.938864231109619,
    "flow_temporal_p95": 4.291430902481079,
    "flow_depth_p50": 7.968871593475342,
    "flow_depth_p95": 30.414853191375705,
    "q_clean": 92.1,
    "q_depth": 29.4,
    "score": 92.1
  },
  "perf_ms": {
    "depth_infer": 2.12682,
    "sbs_composite_cpu": 0.0058,
    "warp_infer": 0.10064
  },
  "meta": {
    "git_sha": "5ed4d23d",
    "git_dirty": true,
    "clip_set_sha1": {
      "aigen_cogvideox_rain": "5a3b6632212b",
      "anime_morevna_closeup": "e44f93df938a",
      "c339": "db5f34629467",
      "c525": "b3b3400d5e3b",
      "c647": "dfff8c7b9459",
      "c747": "1ff2aa060c61",
      "c841": "e1afc2353d88",
      "fast_motion": "5ac142ec4eff",
      "flat_page": "a839c5fb2d32",
      "flat_transition": "2f5bde33326b",
      "scene_cut": "c912fa5c33a7"
    },
    "mode": "game",
    "suite": "core",
    "clips_root": "E:\\Git\\Repo\\Apollo-3D\\tools\\sbsbench\\clips",
    "extra_args": [],
    "conf": "tools\\sbsbench\\bench.conf",
    "model": "depth_anything_v2_fp16",
    "profile": "apollo",
    "warp": "apollo",
    "eval_schema": 8,
    "depth_step": "current-once",
    "conf_sha256": "679341c6d0d9db4d",
    "metric_sha256": "411da3c4c6fdec56",
    "gpu_contention": false,
    "timestamp": "2026-07-11T15:43:28",
    "run_name": "evalv9-overhaul-apollo",
    "name": "fast_motion",
    "description": "Synthetic textured block crossing a textured background at 30 px/frame: async-depth ghost.",
    "gt_depth_kind": "disparity",
    "clip_sha1": "5ac142ec4eff"
  }
}