{
  "aggregate": {
    "artifact_in_hole_pct": 0.0,
    "depth_gt_edge_f1": 0.0,
    "depth_gt_ghost_edge_pct": 0.0,
    "depth_gt_lag_f1": 0.0,
    "depth_gt_si_rmse": 24.124268611272175,
    "depth_spread": 0.8098444379866123,
    "disocc_frac": 2.9883879781420765e-05,
    "edge_acc_p50": 6.666666666666667,
    "edge_acc_p95": 7.416666746139526,
    "exact_pop_spread_pct": 1.0373117321508971,
    "flicker": 2.8610174552254053,
    "flow_depth": 11.648989490840746,
    "flow_support": 0.6758178121225845,
    "flow_temporal": 3.9430410861968994,
    "hole_bad_fill_pct": 0.0,
    "hole_source_residual_p95": 5.692518816391626,
    "image_integrity_pct": 99.53058706707189,
    "image_negative_disparity_pct": 1.2229653166309618,
    "image_positive_disparity_pct": 6.622092790073521e-05,
    "negative_disparity_pct": 1.2757207422691863,
    "pop_pct_p50": 1.0150327962446692,
    "pop_px_p50": 11.548817592828238,
    "pop_px_p95": 13.82673601459637,
    "pop_spread_pct": 1.047576218160253,
    "pop_spread_px": 11.919089415512213,
    "positive_disparity_pct": 0.0,
    "rim_over_p50": 0.0,
    "rim_over_p95": 0.0,
    "source_coverage_pct": 100.0,
    "source_halo_p95": 0.0,
    "source_residual_p50": 1.6343173334995906,
    "source_residual_p95": 5.6734018723169966,
    "static_jitter": 1.2880561766417131,
    "static_support": 0.9127161609476293,
    "stretch_area": 0.0,
    "swim": 5.431399148443471,
    "vmisalign_pct": 0.00137071581169342,
    "vmisalign_px": 0.0044499674016454565,
    "warp_hole_pct": 0.4594627389486261,
    "_n": 24,
    "_models": [
      ""
    ],
    "flicker_p50": 2.8110837936401367,
    "flicker_p95": 3.0298078536987303,
    "swim_p50": 3.0661466121673584,
    "swim_p95": 18.460309314727766,
    "static_jitter_p50": 1.0721960067749023,
    "static_jitter_p95": 1.71120023727417,
    "flow_temporal_p50": 3.9536542892456055,
    "flow_temporal_p95": 5.585736465454102,
    "flow_depth_p50": 7.968871593475342,
    "flow_depth_p95": 30.373598861694312,
    "depth_gt_lag_f1_p50": 0.0,
    "depth_gt_lag_f1_p95": 0.0,
    "depth_gt_ghost_edge_pct_p50": 0.0,
    "depth_gt_ghost_edge_pct_p95": 0.0,
    "q_clean": 90.1,
    "q_depth": 41.5,
    "score": 90.1
  },
  "perf_ms": {
    "depth_infer": 1.49581,
    "depth_postprocess_gpu": 0.071776,
    "depth_preprocess_gpu": 0.146112,
    "sbs_composite_cpu": 4.1658,
    "warp_infer": 4.02704
  },
  "meta": {
    "git_sha": "e15f08f1",
    "git_dirty": true,
    "run_kind": "baseline_gate",
    "baseline_identities": {},
    "clip_set_sha1": {
      "aigen_cogvideox_rain": "5a3b6632212b",
      "anime_morevna_closeup": "e44f93df938a",
      "c339": "db5f34629467",
      "c525": "b3b3400d5e3b",
      "c647": "dfff8c7b9459",
      "c747": "1ff2aa060c61",
      "c841": "e1afc2353d88",
      "fast_motion": "5ac142ec4eff",
      "flat_page": "a839c5fb2d32",
      "flat_transition": "2f5bde33326b",
      "scene_cut": "c912fa5c33a7"
    },
    "mode": "profile",
    "suite": "core",
    "clips_root": "E:\\Git\\Repo\\Apollo-3D\\tools\\sbsbench\\clips",
    "extra_args": [],
    "conf": "tools\\sbsbench\\bench.conf",
    "model": "depth_anything_v2_fp16",
    "profile": "apollo",
    "adaptive_pop": true,
    "adaptive_pop_max": 1.3,
    "pop_strength": 1.25,
    "ema": 0.5,
    "ema_edge_change": 0.05,
    "ema_edge_gradient": 0.02,
    "ema_edge_strength": 0.25,
    "minmax_ema": 0.18,
    "subject_lock": 0.5,
    "subject_recenter": 0.35,
    "subject_stretch": true,
    "depth_short_side": 432,
    "depth_max_aspect": 4,
    "zero_plane": "legacy",
    "cuda_graph": true,
    "artistic_style": "immersive",
    "artistic_policy": true,
    "artistic_policy_consumed": false,
    "artistic_policy_authorization": "none",
    "model_onnx_sha256": "",
    "policy_metadata_sha256": "",
    "deployment_geometry_allowlist_sha256": "",
    "artistic_scale_override": 0,
    "output_interval": 1,
    "output_gt_right_only": false,
    "literal_bestv2": false,
    "depth_compensation": "none",
    "eval_schema": 29,
    "depth_step": "current-once",
    "depth_reuse_interval": 1,
    "conf_sha256": "679341c6d0d9db4d",
    "metric_sha256": "88028fadef928b53",
    "policy_warp_source_sha256": "86889c3f389a4c54ebcf0262f479ec71aadd81c42847a50bb39bf2fcce2fd132",
    "gpu_contention": false,
    "timestamp": "2026-07-15T13:07:58",
    "run_name": "eval29-required-evidence-core-baseline",
    "depth_override_frames": 0,
    "harness_schema": 24,
    "source_width": 854,
    "source_height": 480,
    "model_input_width": 770,
    "model_input_height": 434,
    "eye_width": 854,
    "eye_height": 480,
    "color_mode": "sdr-srgb-8bit",
    "content_scale_x": 1,
    "content_scale_y": 1,
    "disparity_raster_width": 854,
    "disparity_raster_height": 480,
    "artifact_mode": "full",
    "warp_disparity": "exact_clamped_full_binocular_normalized_at_output_eye_raster_zero_bars",
    "warp_unclamped_disparity": "unclamped_full_binocular_normalized_at_artistic_scale_1_output_eye_raster_zero_bars",
    "artistic_disparity_contract": "clamp(raw_baseline_times_scale_to_plus_or_minus_0.142_times_aspect_scale_times_content_scale_x)",
    "artistic_full_clamp_abs": 0.18918553,
    "warp_mask": {
      "red": "forward_disocclusion_before_fill"
    },
    "cuda_graph_captured": true,
    "name": "fast_motion",
    "description": "Synthetic textured block crossing a textured background at 30 px/frame: async-depth ghost.",
    "gt_depth_kind": "disparity",
    "clip_sha1": "5ac142ec4eff"
  }
}