{
  "aggregate": {
    "depth_gt_edge_f1": 0.0,
    "depth_gt_si_rmse": 22.905909935633343,
    "depth_spread": 0.7753585328658422,
    "disocc_frac": 3.272996357012751e-05,
    "edge_acc_p50": 6.708333333333333,
    "edge_acc_p95": 7.570833424727122,
    "flicker": 2.9353275091751763,
    "flow_depth": 15.434207511984784,
    "flow_support": 0.6758178121225845,
    "flow_temporal": 3.5641517172689023,
    "image_integrity_pct": 99.55055501930502,
    "negative_disparity_pct": 1.1337124456845626,
    "pop_pct_p50": 0.87095298754216,
    "pop_px_p50": 7.437938513610045,
    "pop_px_p95": 7.969105176701834,
    "pop_spread_pct": 0.7539809997055796,
    "pop_spread_px": 6.43899773748565,
    "positive_disparity_pct": 0.0,
    "rim_over_p50": 0.0,
    "rim_over_p95": 0.0074453204870224,
    "source_coverage_pct": 100.0,
    "source_halo_p95": 0.0,
    "source_residual_p50": 1.6389781242857377,
    "source_residual_p95": 4.902819176514943,
    "source_stretch_pct": 0.0,
    "source_stretch_support": 0.0244140625,
    "static_jitter": 1.8483859404273655,
    "static_support": 0.9127161609476293,
    "stretch_area": 0.0,
    "swim": 6.65894203049981,
    "vmisalign_px": 0.004523620707914233,
    "_n": 24,
    "_models": [
      ""
    ],
    "flicker_p50": 2.818622350692749,
    "flicker_p95": 3.968837428092955,
    "swim_p50": 2.7587544918060303,
    "swim_p95": 26.16498231887815,
    "static_jitter_p50": 0.9999999403953552,
    "static_jitter_p95": 6.150921571254723,
    "flow_temporal_p50": 3.241636276245117,
    "flow_temporal_p95": 5.903533983230589,
    "flow_depth_p50": 8.559737205505371,
    "flow_depth_p95": 68.65134620666498,
    "q_clean": 87.5,
    "q_depth": 30.2,
    "score": 87.5
  },
  "perf_ms": {
    "depth_infer": 2.03302,
    "sbs_composite_cpu": 0.0063,
    "warp_infer": 0.142912
  },
  "meta": {
    "git_sha": "6ce94bac",
    "git_dirty": true,
    "clip_set_sha1": {
      "c339": "db5f34629467",
      "c525": "b3b3400d5e3b",
      "c647": "dfff8c7b9459",
      "c747": "1ff2aa060c61",
      "c841": "e1afc2353d88",
      "fast_motion": "5ac142ec4eff",
      "flat_page": "a839c5fb2d32",
      "scene_cut": "c912fa5c33a7"
    },
    "mode": "game",
    "suite": "core",
    "clips_root": "E:\\Git\\Repo\\Apollo-3D\\tools\\sbsbench\\clips",
    "extra_args": [],
    "conf": "tools\\sbsbench\\bench.conf",
    "model": "depth_anything_v2_fp16",
    "warp": "apollo",
    "shift_profile": "bestv2",
    "eval_schema": 4,
    "depth_step": "current-once",
    "conf_sha256": "d78305de3cb0d05f",
    "metric_sha256": "e0797ed1f16ad440",
    "gpu_contention": false,
    "timestamp": "2026-07-10T23:13:45",
    "run_name": "evalv4-core-verified",
    "name": "fast_motion",
    "description": "Synthetic textured block crossing a textured background at 30 px/frame: async-depth ghost.",
    "gt_depth_kind": "disparity",
    "clip_sha1": "5ac142ec4eff"
  }
}