{
  "aggregate": {
    "artifact_in_hole_pct": 0.0,
    "depth_gt_edge_f1": 0.0,
    "depth_gt_ghost_edge_pct": 0.0,
    "depth_gt_lag_f1": 0.0,
    "depth_gt_si_rmse": 24.124268611272175,
    "depth_spread": 0.8089125206073126,
    "disocc_frac": 3.1306921675774135e-05,
    "edge_acc_p50": 6.75,
    "edge_acc_p95": 7.575000087420146,
    "flicker": 2.8478647936945376,
    "flow_depth": 11.649396315864895,
    "flow_support": 0.6758178121225845,
    "flow_temporal": 3.856149699376977,
    "hole_bad_fill_pct": 0.0,
    "hole_source_residual_p95": 5.9992602070172625,
    "image_integrity_pct": 99.47327233325308,
    "negative_disparity_pct": 1.2279309135374206,
    "pop_pct_p50": 0.9862085483094442,
    "pop_px_p50": 11.220861705209677,
    "pop_px_p95": 13.449375466118086,
    "pop_spread_pct": 1.018365224187714,
    "pop_spread_px": 11.586733217424657,
    "positive_disparity_pct": 5.944160114513346e-05,
    "rim_over_p50": 0.0,
    "rim_over_p95": 0.0,
    "source_coverage_pct": 100.0,
    "source_halo_p95": 0.0,
    "source_residual_p50": 1.6898982127507527,
    "source_residual_p95": 5.8149228890736895,
    "static_jitter": 1.241846045722132,
    "static_support": 0.9127161609476293,
    "stretch_area": 0.0,
    "swim": 5.421587596768918,
    "vmisalign_pct": 0.0014941123178383955,
    "vmisalign_px": 0.00476585663758063,
    "warp_hole_pct": 0.46132952508960573,
    "_n": 24,
    "_models": [
      ""
    ],
    "flicker_p50": 2.8060359954833984,
    "flicker_p95": 3.020451474189758,
    "swim_p50": 3.0700395107269287,
    "swim_p95": 18.44358348846434,
    "static_jitter_p50": 1.0000075101852417,
    "static_jitter_p95": 1.6430014371871948,
    "flow_temporal_p50": 3.914349317550659,
    "flow_temporal_p95": 5.472512483596802,
    "flow_depth_p50": 7.968871593475342,
    "flow_depth_p95": 30.39035606384275,
    "depth_gt_lag_f1_p50": 0.0,
    "depth_gt_lag_f1_p95": 0.0,
    "depth_gt_ghost_edge_pct_p50": 0.0,
    "depth_gt_ghost_edge_pct_p95": 0.0,
    "q_clean": 90.1,
    "q_depth": 40.7,
    "score": 90.1
  },
  "perf_ms": {
    "depth_infer": 1.45491,
    "depth_postprocess_gpu": 0.069888,
    "depth_preprocess_gpu": 0.160832,
    "sbs_composite_cpu": 0.0052,
    "warp_infer": 0.055616
  },
  "meta": {
    "git_sha": "fd376159",
    "git_dirty": true,
    "clip_set_sha1": {
      "aigen_cogvideox_rain": "5a3b6632212b",
      "anime_morevna_closeup": "e44f93df938a",
      "c339": "db5f34629467",
      "c525": "b3b3400d5e3b",
      "c647": "dfff8c7b9459",
      "c747": "1ff2aa060c61",
      "c841": "e1afc2353d88",
      "fast_motion": "5ac142ec4eff",
      "flat_page": "a839c5fb2d32",
      "flat_transition": "2f5bde33326b",
      "scene_cut": "c912fa5c33a7"
    },
    "mode": "profile",
    "suite": "core",
    "clips_root": "E:\\Git\\Repo\\Apollo-3D\\tools\\sbsbench\\clips",
    "extra_args": [],
    "conf": "tools\\sbsbench\\bench.conf",
    "model": "depth_anything_v2_fp16",
    "profile": "apollo",
    "literal_bestv2": false,
    "depth_compensation": "none",
    "eval_schema": 19,
    "depth_step": "current-once",
    "depth_reuse_interval": 1,
    "conf_sha256": "679341c6d0d9db4d",
    "metric_sha256": "feb8f76d5485f999",
    "gpu_contention": false,
    "timestamp": "2026-07-14T11:23:52",
    "run_name": "ghost-metric-core-baseline-final",
    "cuda_graph": true,
    "cuda_graph_captured": true,
    "name": "fast_motion",
    "description": "Synthetic textured block crossing a textured background at 30 px/frame: async-depth ghost.",
    "gt_depth_kind": "disparity",
    "clip_sha1": "5ac142ec4eff"
  }
}