{
  "aggregate": {
    "artifact_in_hole_pct": 0.0,
    "depth_gt_edge_f1": 0.0,
    "depth_gt_ghost_edge_pct": 0.0,
    "depth_gt_lag_f1": 0.0,
    "depth_gt_affine_nrmse_pct": 24.124268611272175,
    "depth_spread": 0.8458976124723753,
    "disocc_frac": 3.059540072859745e-05,
    "edge_acc_p50": 6.791666666666667,
    "edge_acc_p95": 7.504166742165883,
    "flicker": 2.775125617566316,
    "flow_depth": 7.843911917313285,
    "flow_support": 0.6758178121225845,
    "flow_temporal": 3.924484268478725,
    "hole_bad_fill_pct": 0.0,
    "hole_source_residual_p95": 5.704431296388307,
    "image_integrity_pct": 99.54537243331126,
    "negative_disparity_pct": 1.2406061092042364,
    "pop_pct_p50": 1.0681398610493076,
    "pop_px_p50": 12.153057974605453,
    "pop_px_p95": 14.02171357828498,
    "pop_spread_pct": 1.0151896229966437,
    "pop_spread_px": 11.550601932761813,
    "positive_disparity_pct": 0.0012984272266153298,
    "rim_over_p50": 0.0,
    "rim_over_p95": 0.0,
    "source_coverage_pct": 100.0,
    "source_halo_p95": 0.0,
    "source_residual_p50": 1.6110913107792537,
    "source_residual_p95": 5.597242991129558,
    "source_stretch_support": 0.0,
    "static_jitter": 1.0386636853218079,
    "static_support": 0.9127161609476293,
    "stretch_area": 0.0,
    "swim": 3.4963636812956436,
    "vmisalign_pct": 0.0012401460844557732,
    "vmisalign_px": 0.004578529522405006,
    "warp_hole_pct": 0.460979502688172,
    "_n": 24,
    "_models": [
      ""
    ],
    "flicker_p50": 2.755589008331299,
    "flicker_p95": 2.9216848850250243,
    "swim_p50": 3.0233495235443115,
    "swim_p95": 6.584051036834716,
    "static_jitter_p50": 0.9999923706054688,
    "static_jitter_p95": 1.430402112007141,
    "flow_temporal_p50": 3.9212124347686768,
    "flow_temporal_p95": 5.647560787200928,
    "flow_depth_p50": 7.590700149536133,
    "flow_depth_p95": 13.182257747650144,
    "depth_gt_lag_f1_p50": 0.0,
    "depth_gt_lag_f1_p95": 0.0,
    "depth_gt_ghost_edge_pct_p50": 0.0,
    "depth_gt_ghost_edge_pct_p95": 0.0,
    "q_clean": 90.3,
    "q_depth": 40.6,
    "score": 90.3
  },
  "perf_ms": {
    "depth_infer": 1.45894,
    "depth_postprocess_gpu": 0.08352,
    "depth_preprocess_gpu": 0.163744,
    "sbs_composite_cpu": 0.0049,
    "warp_infer": 0.0552
  },
  "meta": {
    "git_sha": "e15f08f1",
    "git_dirty": true,
    "clip_set_sha1": {
      "aigen_cogvideox_rain": "5a3b6632212b",
      "anime_morevna_closeup": "e44f93df938a",
      "c339": "db5f34629467",
      "c525": "b3b3400d5e3b",
      "c647": "dfff8c7b9459",
      "c747": "1ff2aa060c61",
      "c841": "e1afc2353d88",
      "fast_motion": "5ac142ec4eff",
      "flat_page": "a839c5fb2d32",
      "flat_transition": "2f5bde33326b",
      "scene_cut": "c912fa5c33a7"
    },
    "mode": "profile",
    "suite": "core",
    "clips_root": "E:\\Git\\Repo\\Apollo-3D\\tools\\sbsbench\\clips",
    "extra_args": [],
    "conf": "tools\\sbsbench\\bench.conf",
    "model": "depth_anything_v2_fp16",
    "profile": "apollo",
    "adaptive_pop": true,
    "adaptive_pop_max": 1.3,
    "zero_plane": "legacy",
    "literal_bestv2": false,
    "depth_compensation": "none",
    "eval_schema": 26,
    "depth_step": "current-once",
    "depth_reuse_interval": 1,
    "conf_sha256": "679341c6d0d9db4d",
    "metric_sha256": "bb8f6540c80451a4",
    "executable_sha256": "486322e71404be5f24c8875968b343f18ebb2856304aab6198a02d15b8db4f5b",
    "runtime_shader_sha256": "0d7165f0f96f77ed197bcb0ac5641fcba1d044df1268ea5ed8be90e65e1365ca",
    "engine_name": "depth_anything_v2_fp16.trt-opt770x434-level5-v2.trt11_1_0-sm120-gpuec0860237209d3fe-onnx2df6223f206b5164e21f664ace61dabeb9bb6a49b8b5a3e00510b4807d0f5b04.engine",
    "engine_sha256": "e54fe5b921df85b65cba29be6ef7e4cbb0c51b90b0f850947eba22521a290f28",
    "onnx_sha256": "2df6223f206b5164e21f664ace61dabeb9bb6a49b8b5a3e00510b4807d0f5b04",
    "gpu_contention": false,
    "run_kind": "baseline-update",
    "timestamp": "2026-07-17T18:50:21",
    "run_name": "review-fix26-baseline-core",
    "cuda_graph": true,
    "cuda_graph_captured": true,
    "source_frame_count": 24,
    "name": "fast_motion",
    "description": "Synthetic textured block crossing a textured background at 30 px/frame: async-depth ghost.",
    "gt_depth_kind": "disparity",
    "clip_sha1": "5ac142ec4eff"
  }
}
