{
  "aggregate": {
    "artifact_in_hole_pct": 1.388888888888889,
    "depth_gt_edge_f1": 0.0,
    "depth_gt_ghost_edge_pct": 0.0,
    "depth_gt_lag_f1": 0.0,
    "depth_gt_si_rmse": 26.213332335154217,
    "depth_spread": 0.8425343098739783,
    "disocc_frac": 2.1345628415300543e-05,
    "edge_acc_p50": 3.1666666666666665,
    "edge_acc_p95": 3.4666666984558105,
    "exact_pop_spread_pct": 1.0365964534032628,
    "flicker": 5.958776468532565,
    "flow_depth": 10.192641691728072,
    "flow_support": 0.7743822180706523,
    "flow_temporal": 1.9662409262223677,
    "hole_bad_fill_pct": 0.0,
    "hole_source_residual_p95": 2.9253850100459804,
    "image_integrity_pct": 99.53058706707189,
    "image_negative_disparity_pct": 0.6469126744800714,
    "image_positive_disparity_pct": 0.0002585337575052749,
    "negative_disparity_pct": 1.268115492493962,
    "pop_pct_p50": 0.49811980701592456,
    "pop_px_p50": 5.66749647093674,
    "pop_px_p95": 6.82477532702423,
    "pop_spread_pct": 0.5272327814586836,
    "pop_spread_px": 5.998737424596578,
    "positive_disparity_pct": 0.0,
    "rim_over_p50": 0.0,
    "rim_over_p95": 0.0,
    "source_coverage_pct": 99.98319892473118,
    "source_halo_p95": 0.0,
    "source_residual_p50": 0.842567061384519,
    "source_residual_p95": 2.8168723384539285,
    "static_jitter": 0.7202689430930398,
    "static_support": 0.914641881342701,
    "stretch_area": 0.0,
    "swim": 5.340297280446343,
    "vmisalign_pct": 0.0012462172405018161,
    "vmisalign_px": 0.002574448494366758,
    "warp_hole_pct": 0.47754722968936675,
    "_n": 24,
    "_models": [
      ""
    ],
    "flicker_p50": 2.6394801139831543,
    "flicker_p95": 4.050623631477355,
    "swim_p50": 2.3696441650390625,
    "swim_p95": 20.380737686157225,
    "static_jitter_p50": 0.3936968743801117,
    "static_jitter_p95": 1.7038407564163207,
    "flow_temporal_p50": 0.9940272569656372,
    "flow_temporal_p95": 5.35435094833374,
    "flow_depth_p50": 4.876619815826416,
    "flow_depth_p95": 31.807077312469477,
    "depth_gt_lag_f1_p50": 0.0,
    "depth_gt_lag_f1_p95": 0.0,
    "depth_gt_ghost_edge_pct_p50": 0.0,
    "depth_gt_ghost_edge_pct_p95": 0.0,
    "q_clean": 92.4,
    "q_depth": 41.5,
    "score": 92.4
  },
  "perf_ms": {
    "depth_infer": 1.49526,
    "depth_postprocess_gpu": 0.072064,
    "depth_preprocess_gpu": 0.137824,
    "sbs_composite_cpu": 4.2141,
    "warp_infer": 4.09382
  },
  "meta": {
    "git_sha": "e15f08f1",
    "git_dirty": true,
    "run_kind": "baseline_gate",
    "baseline_identities": {},
    "clip_set_sha1": {
      "aigen_cogvideox_rain": "5a3b6632212b",
      "anime_morevna_closeup": "e44f93df938a",
      "c339": "db5f34629467",
      "c525": "b3b3400d5e3b",
      "c647": "dfff8c7b9459",
      "c747": "1ff2aa060c61",
      "c841": "e1afc2353d88",
      "fast_motion": "5ac142ec4eff",
      "flat_page": "a839c5fb2d32",
      "flat_transition": "2f5bde33326b",
      "scene_cut": "c912fa5c33a7"
    },
    "mode": "profile",
    "suite": "core",
    "clips_root": "E:\\Git\\Repo\\Apollo-3D\\tools\\sbsbench\\clips",
    "extra_args": [],
    "conf": "tools\\sbsbench\\bench.conf",
    "model": "depth_anything_v2_fp16",
    "profile": "apollo",
    "adaptive_pop": true,
    "adaptive_pop_max": 1.3,
    "pop_strength": 1.25,
    "ema": 0.5,
    "ema_edge_change": 0.05,
    "ema_edge_gradient": 0.02,
    "ema_edge_strength": 0.25,
    "minmax_ema": 0.18,
    "subject_lock": 0.5,
    "subject_recenter": 0.35,
    "subject_stretch": true,
    "depth_short_side": 432,
    "depth_max_aspect": 4,
    "zero_plane": "legacy",
    "cuda_graph": true,
    "artistic_style": "immersive",
    "artistic_policy": true,
    "artistic_policy_consumed": false,
    "artistic_policy_authorization": "none",
    "model_onnx_sha256": "",
    "policy_metadata_sha256": "",
    "deployment_geometry_allowlist_sha256": "",
    "artistic_scale_override": 0,
    "output_interval": 1,
    "output_gt_right_only": false,
    "literal_bestv2": false,
    "depth_compensation": "none",
    "eval_schema": 29,
    "depth_step": "current-once",
    "depth_reuse_interval": 1,
    "conf_sha256": "679341c6d0d9db4d",
    "metric_sha256": "88028fadef928b53",
    "policy_warp_source_sha256": "86889c3f389a4c54ebcf0262f479ec71aadd81c42847a50bb39bf2fcce2fd132",
    "gpu_contention": false,
    "timestamp": "2026-07-15T13:07:58",
    "run_name": "eval29-required-evidence-core-baseline",
    "depth_override_frames": 0,
    "harness_schema": 24,
    "source_width": 854,
    "source_height": 480,
    "model_input_width": 770,
    "model_input_height": 434,
    "eye_width": 854,
    "eye_height": 480,
    "color_mode": "sdr-srgb-8bit",
    "content_scale_x": 1,
    "content_scale_y": 1,
    "disparity_raster_width": 854,
    "disparity_raster_height": 480,
    "artifact_mode": "full",
    "warp_disparity": "exact_clamped_full_binocular_normalized_at_output_eye_raster_zero_bars",
    "warp_unclamped_disparity": "unclamped_full_binocular_normalized_at_artistic_scale_1_output_eye_raster_zero_bars",
    "artistic_disparity_contract": "clamp(raw_baseline_times_scale_to_plus_or_minus_0.142_times_aspect_scale_times_content_scale_x)",
    "artistic_full_clamp_abs": 0.18918553,
    "warp_mask": {
      "red": "forward_disocclusion_before_fill"
    },
    "cuda_graph_captured": true,
    "name": "flat_transition",
    "description": "Textured depth scene cutting to a static flat page: normalization recovery and false-stereo decay.",
    "gt_depth_kind": "disparity",
    "clip_sha1": "2f5bde33326b"
  }
}