{
  "aggregate": {
    "artifact_in_hole_pct": 0.0,
    "depth_gt_edge_f1": 0.0,
    "depth_gt_lag_f1": 0.0,
    "depth_gt_si_rmse": 26.183345476786297,
    "depth_spread": 0.8404234126210213,
    "disocc_frac": 2.1345628415300546e-05,
    "edge_acc_p50": 3.25,
    "edge_acc_p95": 3.475000023841858,
    "flicker": 5.950438983966191,
    "flow_depth": 10.180586365136234,
    "flow_support": 0.7743822180706523,
    "flow_temporal": 1.9307052926583723,
    "hole_bad_fill_pct": 0.0,
    "hole_source_residual_p95": 3.3072212362351507,
    "image_integrity_pct": 99.49169874879692,
    "negative_disparity_pct": 1.227800199885678,
    "pop_pct_p50": 0.48345863419889756,
    "pop_px_p50": 5.500684904663012,
    "pop_px_p95": 6.516565686844089,
    "pop_spread_pct": 0.4981600795136211,
    "pop_spread_px": 5.667954682466089,
    "positive_disparity_pct": 0.0018065910091674261,
    "rim_over_p50": 0.0,
    "rim_over_p95": 0.0,
    "source_coverage_pct": 99.98039874551972,
    "source_halo_p95": 0.0,
    "source_residual_p50": 0.8842997898658117,
    "source_residual_p95": 2.893527170022329,
    "static_jitter": 0.691466751423749,
    "static_support": 0.914641881342701,
    "stretch_area": 0.0,
    "swim": 5.328962348077608,
    "vmisalign_pct": 0.001152632855034123,
    "vmisalign_px": 0.0023893977431725943,
    "warp_hole_pct": 0.4762638142174433,
    "warp_unresolved_pct": 0.0,
    "_n": 24,
    "_models": [
      ""
    ],
    "flicker_p50": 2.6395578384399414,
    "flicker_p95": 4.0113816976547225,
    "swim_p50": 2.404670476913452,
    "swim_p95": 20.42042655944824,
    "static_jitter_p50": 0.3576064109802246,
    "static_jitter_p95": 1.635982072353363,
    "flow_temporal_p50": 0.9999999403953552,
    "flow_temporal_p95": 5.254139614105225,
    "flow_depth_p50": 4.854496002197266,
    "flow_depth_p95": 31.847770977020257,
    "depth_gt_lag_f1_p50": 0.0,
    "depth_gt_lag_f1_p95": 0.0,
    "q_clean": 92.5,
    "q_depth": 19.9,
    "score": 92.5
  },
  "perf_ms": {
    "depth_infer": 2.15651,
    "sbs_composite_cpu": 0.0059,
    "warp_infer": 0.131008
  },
  "meta": {
    "git_sha": "3d4bbc78",
    "git_dirty": true,
    "clip_set_sha1": {
      "aigen_cogvideox_rain": "5a3b6632212b",
      "anime_morevna_closeup": "e44f93df938a",
      "c339": "db5f34629467",
      "c525": "b3b3400d5e3b",
      "c647": "dfff8c7b9459",
      "c747": "1ff2aa060c61",
      "c841": "e1afc2353d88",
      "fast_motion": "5ac142ec4eff",
      "flat_page": "a839c5fb2d32",
      "flat_transition": "2f5bde33326b",
      "scene_cut": "c912fa5c33a7"
    },
    "mode": "profile",
    "suite": "core",
    "clips_root": "E:\\Git\\Repo\\Apollo-3D\\tools\\sbsbench\\clips",
    "extra_args": [],
    "conf": "tools\\sbsbench\\bench.conf",
    "model": "depth_anything_v2_fp16",
    "profile": "apollo",
    "warp": "apollo",
    "literal_bestv2": false,
    "depth_compensation": "none",
    "eval_schema": 15,
    "depth_step": "current-once",
    "depth_reuse_interval": 1,
    "conf_sha256": "679341c6d0d9db4d",
    "metric_sha256": "dbe6b364336d0f4a",
    "gpu_contention": false,
    "timestamp": "2026-07-12T17:24:52",
    "run_name": "evalv15-matched-only-core",
    "name": "flat_transition",
    "description": "Textured depth scene cutting to a static flat page: normalization recovery and false-stereo decay.",
    "gt_depth_kind": "disparity",
    "clip_sha1": "2f5bde33326b"
  }
}