{
  "aggregate": {
    "depth_gt_edge_f1": 0.0,
    "depth_gt_si_rmse": 26.057803471883137,
    "depth_spread": 0.8241613854964575,
    "disocc_frac": 1.7076502732240437e-05,
    "edge_acc_p50": 0.0,
    "edge_acc_p95": 0.0,
    "flicker": 0.009968542075037713,
    "flow_depth": 4.5364746671655904,
    "flow_support": 0.953450520833333,
    "flow_temporal": 0.0,
    "image_integrity_pct": 99.81307206394224,
    "negative_disparity_pct": 0.022686872980557382,
    "pop_pct_p50": 0.00012512397058393686,
    "pop_px_p50": 0.0014236327319772375,
    "pop_px_p95": 0.032082024887688375,
    "pop_spread_pct": 0.01933403838277245,
    "pop_spread_px": 0.21997839226621096,
    "positive_disparity_pct": 0.0019228436296354647,
    "rim_over_p50": 0.0,
    "rim_over_p95": 0.0,
    "source_coverage_pct": 99.98879928315412,
    "source_halo_p95": 0.0,
    "source_residual_p50": 0.0,
    "source_residual_p95": 0.0,
    "static_jitter": 0.0,
    "static_support": 1.0,
    "stretch_area": 0.0,
    "swim": 1.9641348823257114,
    "vmisalign_pct": 0.00034892834567775327,
    "vmisalign_px": 0.0007858796949828198,
    "_n": 24,
    "_models": [
      ""
    ],
    "flicker_p50": 0.005902371369302273,
    "flicker_p95": 0.014580284804105758,
    "swim_p50": 0.0116729736328125,
    "swim_p95": 10.73074097633361,
    "static_jitter_p50": 0.0,
    "static_jitter_p95": 0.0,
    "flow_temporal_p50": 0.0,
    "flow_temporal_p95": 0.0,
    "flow_depth_p50": 0.02548903226852417,
    "flow_depth_p95": 24.77977581024168,
    "q_clean": 100.0,
    "q_depth": 80.7,
    "score": 100.0
  },
  "perf_ms": {
    "depth_infer": 2.23766,
    "sbs_composite_cpu": 0.0066,
    "warp_infer": 0.018272
  },
  "meta": {
    "git_sha": "8a5564a9",
    "git_dirty": true,
    "clip_set_sha1": {
      "aigen_cogvideox_rain": "5a3b6632212b",
      "anime_morevna_closeup": "e44f93df938a",
      "c339": "db5f34629467",
      "c525": "b3b3400d5e3b",
      "c647": "dfff8c7b9459",
      "c747": "1ff2aa060c61",
      "c841": "e1afc2353d88",
      "fast_motion": "5ac142ec4eff",
      "flat_page": "a839c5fb2d32",
      "flat_transition": "2f5bde33326b",
      "scene_cut": "c912fa5c33a7"
    },
    "mode": "profile",
    "suite": "core",
    "clips_root": "E:\\Git\\Repo\\Apollo-3D\\tools\\sbsbench\\clips",
    "extra_args": [],
    "conf": "tools\\sbsbench\\bench.conf",
    "model": "depth_anything_v2_fp16",
    "profile": "vd3d",
    "warp": "vd3d",
    "eval_schema": 9,
    "depth_step": "current-once",
    "conf_sha256": "9d32d1467ef6e8c2",
    "metric_sha256": "424bb4a8bb87c29f",
    "gpu_contention": false,
    "timestamp": "2026-07-11T23:06:35",
    "run_name": "vd3d-default-baseline-core",
    "name": "flat_page",
    "description": "Synthetic static document/desktop page: flat-content depth hallucination (A3).",
    "expected_flat": true,
    "gt_depth_kind": "disparity",
    "clip_sha1": "a839c5fb2d32"
  }
}