{
  "aggregate": {
    "artifact_in_hole_pct": 0.8333333333333334,
    "depth_gt_edge_f1": 0.0,
    "depth_gt_lag_f1": 0.0,
    "depth_gt_si_rmse": 26.1284153064092,
    "depth_spread": 0.8265239621202151,
    "disocc_frac": 9.727507806401248e-05,
    "disocc_smear": 1.0,
    "edge_acc_p50": 0.0,
    "edge_acc_p95": 0.0,
    "flicker": 0.009590313490227109,
    "flicker_disocc": 0.0,
    "flow_depth": 4.553814357834989,
    "flow_support": 0.953450520833333,
    "flow_temporal": 0.0,
    "hole_bad_fill_pct": 0.0,
    "hole_source_residual_p95": 0.5094960257309434,
    "image_integrity_pct": 99.83246343192216,
    "negative_disparity_pct": 0.022092928702477366,
    "pop_pct_p50": 0.00012890176707380745,
    "pop_px_p50": 0.0014666156609286537,
    "pop_px_p95": 0.015653993815333386,
    "pop_spread_pct": 0.007735557872772921,
    "pop_spread_px": 0.08801345846354969,
    "positive_disparity_pct": 0.0015002738459971748,
    "rim_over_p50": 0.0,
    "rim_over_p95": 0.0,
    "source_coverage_pct": 99.98319892473118,
    "source_halo_p95": 0.0,
    "source_residual_p50": 0.0,
    "source_residual_p95": 0.0,
    "static_jitter": 0.0,
    "static_support": 1.0,
    "stretch_area": 0.025818045797553993,
    "swim": 1.9666723194329634,
    "vmisalign_pct": 0.00026032657236404094,
    "vmisalign_px": 0.000613455314426877,
    "warp_hole_pct": 0.49516502389486267,
    "_n": 24,
    "_models": [
      ""
    ],
    "flicker_p50": 0.0041532497853040695,
    "flicker_p95": 0.013653520494699478,
    "flicker_disocc_p50": 0.0,
    "flicker_disocc_p95": 0.0,
    "swim_p50": 0.0116729736328125,
    "swim_p95": 10.759916543960562,
    "static_jitter_p50": 0.0,
    "static_jitter_p95": 0.0,
    "flow_temporal_p50": 0.0,
    "flow_temporal_p95": 0.0,
    "flow_depth_p50": 0.02554982900619507,
    "flow_depth_p95": 24.861483669280986,
    "depth_gt_lag_f1_p50": 0.0,
    "depth_gt_lag_f1_p95": 0.0,
    "q_clean": 100.0,
    "q_depth": 92.3,
    "score": 100.0
  },
  "perf_ms": {
    "depth_infer": 1.45472,
    "depth_postprocess_gpu": 0.07152,
    "depth_preprocess_gpu": 0.1752,
    "sbs_composite_cpu": 0.0048,
    "warp_infer": 0.055264
  },
  "meta": {
    "git_sha": "e7c92d9d",
    "git_dirty": true,
    "clip_set_sha1": {
      "aigen_cogvideox_rain": "5a3b6632212b",
      "anime_morevna_closeup": "e44f93df938a",
      "c339": "db5f34629467",
      "c525": "b3b3400d5e3b",
      "c647": "dfff8c7b9459",
      "c747": "1ff2aa060c61",
      "c841": "e1afc2353d88",
      "fast_motion": "5ac142ec4eff",
      "flat_page": "a839c5fb2d32",
      "flat_transition": "2f5bde33326b",
      "scene_cut": "c912fa5c33a7"
    },
    "mode": "profile",
    "suite": "core",
    "clips_root": "E:\\Git\\Repo\\Apollo-3D\\tools\\sbsbench\\clips",
    "extra_args": [],
    "conf": "tools\\sbsbench\\bench.conf",
    "model": "depth_anything_v2_fp16",
    "profile": "apollo",
    "adaptive_pop": true,
    "adaptive_pop_max": 1.3,
    "zero_plane": "legacy",
    "literal_bestv2": false,
    "depth_compensation": "none",
    "eval_schema": 24,
    "depth_step": "current-once",
    "depth_reuse_interval": 1,
    "conf_sha256": "679341c6d0d9db4d",
    "metric_sha256": "de3a107791d5f662",
    "gpu_contention": false,
    "timestamp": "2026-07-14T16:19:10",
    "run_name": "evalv24-core",
    "cuda_graph": true,
    "cuda_graph_captured": true,
    "name": "flat_page",
    "description": "Synthetic static document/desktop page: flat-content depth hallucination (A3).",
    "expected_flat": true,
    "gt_depth_kind": "disparity",
    "clip_sha1": "a839c5fb2d32"
  }
}