{
  "aggregate": {
    "artifact_in_hole_pct": 0.0,
    "depth_gt_edge_f1": 0.0,
    "depth_gt_lag_f1": 0.0,
    "depth_gt_si_rmse": 26.061352650324505,
    "depth_spread": 0.8241613854964575,
    "disocc_frac": 9.25993689825657e-05,
    "disocc_smear": 1.0,
    "edge_acc_p50": 0.0,
    "edge_acc_p95": 0.0,
    "flicker": 0.009337029531193168,
    "flicker_disocc": 0.0,
    "flow_depth": 4.539644520567811,
    "flow_support": 0.953450520833333,
    "flow_temporal": 0.0,
    "hole_bad_fill_pct": 0.0,
    "hole_source_residual_p95": 0.7006917178786041,
    "image_integrity_pct": 99.7938941131006,
    "negative_disparity_pct": 0.6040887424800543,
    "pop_pct_p50": 0.00013952063463844975,
    "pop_px_p50": 0.0015874347763308063,
    "pop_px_p95": 0.028661293225489156,
    "pop_spread_pct": 0.0212946190564627,
    "pop_spread_px": 0.2422854434868645,
    "positive_disparity_pct": 0.0013659441903626616,
    "rim_over_p50": 0.0,
    "rim_over_p95": 0.0,
    "source_coverage_pct": 99.99159946236558,
    "source_halo_p95": 0.0,
    "source_residual_p50": 0.0,
    "source_residual_p95": 0.0,
    "static_jitter": 0.0,
    "static_support": 1.0,
    "stretch_area": 0.025818045797553993,
    "swim": 1.960412402515826,
    "vmisalign_pct": 0.0002597848530664729,
    "vmisalign_px": 0.0007460565878621613,
    "warp_hole_pct": 0.5025154943249701,
    "_n": 24,
    "_models": [
      ""
    ],
    "flicker_p50": 0.004082504194229841,
    "flicker_p95": 0.014133002702146768,
    "flicker_disocc_p50": 0.0,
    "flicker_disocc_p95": 0.0,
    "swim_p50": 0.0116729736328125,
    "swim_p95": 10.726460886001579,
    "static_jitter_p50": 0.0,
    "static_jitter_p95": 0.0,
    "flow_temporal_p50": 0.0,
    "flow_temporal_p95": 0.0,
    "flow_depth_p50": 0.02548903226852417,
    "flow_depth_p95": 24.77977581024168,
    "depth_gt_lag_f1_p50": 0.0,
    "depth_gt_lag_f1_p95": 0.0,
    "q_clean": 100.0,
    "q_depth": 78.7,
    "score": 100.0
  },
  "perf_ms": {
    "depth_infer": 1.54547,
    "sbs_composite_cpu": 0.0049,
    "warp_infer": 0.131328
  },
  "meta": {
    "git_sha": "c3ecd6d9",
    "git_dirty": true,
    "clip_set_sha1": {
      "aigen_cogvideox_rain": "5a3b6632212b",
      "anime_morevna_closeup": "e44f93df938a",
      "c339": "db5f34629467",
      "c525": "b3b3400d5e3b",
      "c647": "dfff8c7b9459",
      "c747": "1ff2aa060c61",
      "c841": "e1afc2353d88",
      "fast_motion": "5ac142ec4eff",
      "flat_page": "a839c5fb2d32",
      "flat_transition": "2f5bde33326b",
      "scene_cut": "c912fa5c33a7"
    },
    "mode": "profile",
    "suite": "core",
    "clips_root": "E:\\Git\\Repo\\Apollo-3D\\tools\\sbsbench\\clips",
    "extra_args": [],
    "conf": "tools\\sbsbench\\bench.conf",
    "model": "depth_anything_v2_fp16",
    "profile": "apollo",
    "literal_bestv2": false,
    "depth_compensation": "none",
    "eval_schema": 19,
    "depth_step": "current-once",
    "depth_reuse_interval": 1,
    "conf_sha256": "679341c6d0d9db4d",
    "metric_sha256": "0e55e6ee073ec1ac",
    "gpu_contention": false,
    "timestamp": "2026-07-12T21:15:10",
    "run_name": "cuda-graph-baseline-core",
    "cuda_graph": true,
    "cuda_graph_captured": true,
    "name": "flat_page",
    "description": "Synthetic static document/desktop page: flat-content depth hallucination (A3).",
    "expected_flat": true,
    "gt_depth_kind": "disparity",
    "clip_sha1": "a839c5fb2d32"
  }
}