{
  "aggregate": {
    "artifact_in_hole_pct": 0.0,
    "depth_gt_edge_f1": 0.0,
    "depth_gt_ghost_edge_pct": 0.0,
    "depth_gt_lag_f1": 0.0,
    "depth_gt_si_rmse": 26.207393169403076,
    "depth_spread": 0.8416708980997404,
    "disocc_frac": 2.2768670309653916e-05,
    "edge_acc_p50": 3.25,
    "edge_acc_p95": 3.6250000397364297,
    "flicker": 5.950674254568699,
    "flow_depth": 10.183738055554302,
    "flow_support": 0.7743822180706523,
    "flow_temporal": 1.9315422177314758,
    "hole_bad_fill_pct": 0.0,
    "hole_source_residual_p95": 3.3870410063614442,
    "image_integrity_pct": 99.49165288013235,
    "negative_disparity_pct": 1.227296923243557,
    "pop_pct_p50": 0.48350708838416195,
    "pop_px_p50": 5.501236205615354,
    "pop_px_p95": 6.519586489653062,
    "pop_spread_pct": 0.5008254130767754,
    "pop_spread_px": 5.698280255451311,
    "positive_disparity_pct": 0.0016238324862371122,
    "rim_over_p50": 0.0,
    "rim_over_p95": 0.0,
    "source_coverage_pct": 99.98039874551972,
    "source_halo_p95": 0.0,
    "source_residual_p50": 0.8842997898658117,
    "source_residual_p95": 2.893515189488729,
    "static_jitter": 0.6946376047351144,
    "static_support": 0.914641881342701,
    "stretch_area": 0.0,
    "swim": 5.336153897254364,
    "vmisalign_pct": 0.001424320265262698,
    "vmisalign_px": 0.002626068015160854,
    "warp_hole_pct": 0.4633129853643967,
    "_n": 24,
    "_models": [
      ""
    ],
    "flicker_p50": 2.6335813999176025,
    "flicker_p95": 4.029477167129515,
    "swim_p50": 2.3735501766204834,
    "swim_p95": 20.32101173400879,
    "static_jitter_p50": 0.3576064109802246,
    "static_jitter_p95": 1.635982072353363,
    "flow_temporal_p50": 0.9880031943321228,
    "flow_temporal_p95": 5.241608786582947,
    "flow_depth_p50": 4.85595965385437,
    "flow_depth_p95": 31.826245021820064,
    "depth_gt_lag_f1_p50": 0.0,
    "depth_gt_lag_f1_p95": 0.0,
    "depth_gt_ghost_edge_pct_p50": 0.0,
    "depth_gt_ghost_edge_pct_p95": 0.0,
    "q_clean": 92.5,
    "q_depth": 20.0,
    "score": 92.5
  },
  "perf_ms": {
    "depth_infer": 1.45603,
    "depth_postprocess_gpu": 0.070144,
    "depth_preprocess_gpu": 0.18096,
    "sbs_composite_cpu": 0.0048,
    "warp_infer": 0.055328
  },
  "meta": {
    "git_sha": "54fbc592",
    "git_dirty": true,
    "clip_set_sha1": {
      "aigen_cogvideox_rain": "5a3b6632212b",
      "anime_morevna_closeup": "e44f93df938a",
      "c339": "db5f34629467",
      "c525": "b3b3400d5e3b",
      "c647": "dfff8c7b9459",
      "c747": "1ff2aa060c61",
      "c841": "e1afc2353d88",
      "fast_motion": "5ac142ec4eff",
      "flat_page": "a839c5fb2d32",
      "flat_transition": "2f5bde33326b",
      "scene_cut": "c912fa5c33a7"
    },
    "mode": "profile",
    "suite": "core",
    "clips_root": "E:\\Git\\Repo\\Apollo-3D\\tools\\sbsbench\\clips",
    "extra_args": [],
    "conf": "tools\\sbsbench\\bench.conf",
    "model": "depth_anything_v2_fp16",
    "profile": "apollo",
    "literal_bestv2": false,
    "depth_compensation": "none",
    "eval_schema": 19,
    "depth_step": "current-once",
    "depth_reuse_interval": 1,
    "conf_sha256": "679341c6d0d9db4d",
    "metric_sha256": "4611fd0af2195166",
    "gpu_contention": false,
    "timestamp": "2026-07-14T12:24:09",
    "run_name": "gt-stereo-baseline-core",
    "cuda_graph": true,
    "cuda_graph_captured": true,
    "name": "flat_transition",
    "description": "Textured depth scene cutting to a static flat page: normalization recovery and false-stereo decay.",
    "gt_depth_kind": "disparity",
    "clip_sha1": "2f5bde33326b"
  }
}