{
  "aggregate": {
    "artifact_in_hole_pct": 0.0,
    "depth_gt_edge_f1": 0.0,
    "depth_gt_ghost_edge_pct": 0.0,
    "depth_gt_lag_f1": 0.0,
    "depth_gt_affine_nrmse_pct": 26.18492881457011,
    "depth_spread": 0.8777063315113386,
    "disocc_frac": 2.7342733541504028e-05,
    "edge_acc_p50": 3.2916666666666665,
    "edge_acc_p95": 3.5541666944821677,
    "flicker": 5.8744022471820125,
    "flow_depth": 6.212164602496407,
    "flow_support": 0.7743822180706523,
    "flow_temporal": 1.935496834191409,
    "hole_bad_fill_pct": 0.0,
    "hole_source_residual_p95": 2.888840288974255,
    "image_integrity_pct": 99.54537243331126,
    "negative_disparity_pct": 1.2406061092042364,
    "pop_pct_p50": 0.5420572535572922,
    "pop_px_p50": 6.167406973807413,
    "pop_px_p95": 7.014699806501501,
    "pop_spread_pct": 0.5017518250466045,
    "pop_spread_px": 5.708820764974701,
    "positive_disparity_pct": 0.0009349647548137498,
    "rim_over_p50": 0.0,
    "rim_over_p95": 0.0,
    "source_coverage_pct": 99.98319892473118,
    "source_halo_p95": 0.0,
    "source_residual_p50": 0.8102049181858698,
    "source_residual_p95": 2.7361661394437156,
    "source_stretch_support": 0.0,
    "static_jitter": 0.47440143065019086,
    "static_support": 0.914641881342701,
    "stretch_area": 0.0,
    "swim": 3.3992547859316287,
    "vmisalign_pct": 0.0012401460844557732,
    "vmisalign_px": 0.0027402219178232676,
    "warp_hole_pct": 0.4666965352449224,
    "_n": 24,
    "_models": [
      ""
    ],
    "flicker_p50": 2.593860387802124,
    "flicker_p95": 2.869953155517578,
    "swim_p50": 2.2062225341796875,
    "swim_p95": 7.801557445526122,
    "static_jitter_p50": 0.3936968743801117,
    "static_jitter_p95": 1.1453265309333802,
    "flow_temporal_p50": 0.9832245707511902,
    "flow_temporal_p95": 5.3959869861602785,
    "flow_depth_p50": 4.707069635391235,
    "flow_depth_p95": 13.742351055145262,
    "depth_gt_lag_f1_p50": 0.0,
    "depth_gt_lag_f1_p95": 0.0,
    "depth_gt_ghost_edge_pct_p50": 0.0,
    "depth_gt_ghost_edge_pct_p95": 0.0,
    "q_clean": 92.8,
    "q_depth": 20.1,
    "score": 92.8
  },
  "perf_ms": {
    "depth_infer": 1.45795,
    "depth_postprocess_gpu": 0.08336,
    "depth_preprocess_gpu": 0.14608,
    "sbs_composite_cpu": 0.0055,
    "warp_infer": 0.055168
  },
  "meta": {
    "git_sha": "e15f08f1",
    "git_dirty": true,
    "clip_set_sha1": {
      "aigen_cogvideox_rain": "5a3b6632212b",
      "anime_morevna_closeup": "e44f93df938a",
      "c339": "db5f34629467",
      "c525": "b3b3400d5e3b",
      "c647": "dfff8c7b9459",
      "c747": "1ff2aa060c61",
      "c841": "e1afc2353d88",
      "fast_motion": "5ac142ec4eff",
      "flat_page": "a839c5fb2d32",
      "flat_transition": "2f5bde33326b",
      "scene_cut": "c912fa5c33a7"
    },
    "mode": "profile",
    "suite": "core",
    "clips_root": "E:\\Git\\Repo\\Apollo-3D\\tools\\sbsbench\\clips",
    "extra_args": [],
    "conf": "tools\\sbsbench\\bench.conf",
    "model": "depth_anything_v2_fp16",
    "profile": "apollo",
    "adaptive_pop": true,
    "adaptive_pop_max": 1.3,
    "zero_plane": "legacy",
    "literal_bestv2": false,
    "depth_compensation": "none",
    "eval_schema": 26,
    "depth_step": "current-once",
    "depth_reuse_interval": 1,
    "conf_sha256": "679341c6d0d9db4d",
    "metric_sha256": "bb8f6540c80451a4",
    "executable_sha256": "486322e71404be5f24c8875968b343f18ebb2856304aab6198a02d15b8db4f5b",
    "runtime_shader_sha256": "0d7165f0f96f77ed197bcb0ac5641fcba1d044df1268ea5ed8be90e65e1365ca",
    "engine_name": "depth_anything_v2_fp16.trt-opt770x434-level5-v2.trt11_1_0-sm120-gpuec0860237209d3fe-onnx2df6223f206b5164e21f664ace61dabeb9bb6a49b8b5a3e00510b4807d0f5b04.engine",
    "engine_sha256": "e54fe5b921df85b65cba29be6ef7e4cbb0c51b90b0f850947eba22521a290f28",
    "onnx_sha256": "2df6223f206b5164e21f664ace61dabeb9bb6a49b8b5a3e00510b4807d0f5b04",
    "gpu_contention": false,
    "run_kind": "baseline-update",
    "timestamp": "2026-07-17T18:50:21",
    "run_name": "review-fix26-baseline-core",
    "cuda_graph": true,
    "cuda_graph_captured": true,
    "source_frame_count": 24,
    "name": "flat_transition",
    "description": "Textured depth scene cutting to a static flat page: normalization recovery and false-stereo decay.",
    "gt_depth_kind": "disparity",
    "clip_sha1": "2f5bde33326b"
  }
}
