{
  "aggregate": {
    "depth_gt_edge_f1": 0.0,
    "depth_gt_si_rmse": 26.183345476786297,
    "depth_spread": 0.8404234126210213,
    "disocc_frac": 2.1345628415300546e-05,
    "edge_acc_p50": 3.25,
    "edge_acc_p95": 3.475000023841858,
    "flicker": 5.87349158621383,
    "flow_depth": 10.180586365136234,
    "flow_support": 0.7743822180706523,
    "flow_temporal": 1.4528530890291387,
    "image_integrity_pct": 99.62099563844187,
    "negative_disparity_pct": 0.9429964016625697,
    "pop_pct_p50": 0.3823894855939211,
    "pop_px_p50": 3.265606206972086,
    "pop_px_p95": 3.988976870117194,
    "pop_spread_pct": 0.3701957711450303,
    "pop_spread_px": 3.161471885578558,
    "positive_disparity_pct": 0.0015009162604267341,
    "rim_over_p50": 0.0,
    "rim_over_p95": 0.0,
    "source_coverage_pct": 99.99719982078852,
    "source_halo_p95": 0.0,
    "source_residual_p50": 0.8379605859518051,
    "source_residual_p95": 2.5416575272878013,
    "static_jitter": 0.5038631206209009,
    "static_support": 0.914641881342701,
    "stretch_area": 0.0,
    "swim": 5.328962348077608,
    "vmisalign_pct": 0.0007462322537321597,
    "vmisalign_px": 0.0020123087815591134,
    "_n": 24,
    "_models": [
      ""
    ],
    "flicker_p50": 2.5706958770751953,
    "flicker_p95": 3.407893013954162,
    "swim_p50": 2.404670476913452,
    "swim_p95": 20.42042655944824,
    "static_jitter_p50": 0.35759881138801575,
    "static_jitter_p95": 0.9999991804361343,
    "flow_temporal_p50": 0.6195533275604248,
    "flow_temporal_p95": 4.212534618377686,
    "flow_depth_p50": 4.854496002197266,
    "flow_depth_p95": 31.847770977020257,
    "q_clean": 94.0,
    "q_depth": 14.8,
    "score": 94.0
  },
  "perf_ms": {
    "depth_infer": 2.22614,
    "sbs_composite_cpu": 0.0055,
    "warp_infer": 0.100352
  },
  "meta": {
    "git_sha": "5ed4d23d",
    "git_dirty": true,
    "clip_set_sha1": {
      "aigen_cogvideox_rain": "5a3b6632212b",
      "anime_morevna_closeup": "e44f93df938a",
      "c339": "db5f34629467",
      "c525": "b3b3400d5e3b",
      "c647": "dfff8c7b9459",
      "c747": "1ff2aa060c61",
      "c841": "e1afc2353d88",
      "fast_motion": "5ac142ec4eff",
      "flat_page": "a839c5fb2d32",
      "flat_transition": "2f5bde33326b",
      "scene_cut": "c912fa5c33a7"
    },
    "mode": "game",
    "suite": "core",
    "clips_root": "E:\\Git\\Repo\\Apollo-3D\\tools\\sbsbench\\clips",
    "extra_args": [],
    "conf": "tools\\sbsbench\\bench.conf",
    "model": "depth_anything_v2_fp16",
    "profile": "apollo",
    "warp": "apollo",
    "eval_schema": 8,
    "depth_step": "current-once",
    "conf_sha256": "679341c6d0d9db4d",
    "metric_sha256": "411da3c4c6fdec56",
    "gpu_contention": false,
    "timestamp": "2026-07-11T15:43:28",
    "run_name": "evalv9-overhaul-apollo",
    "name": "flat_transition",
    "description": "Textured depth scene cutting to a static flat page: normalization recovery and false-stereo decay.",
    "gt_depth_kind": "disparity",
    "clip_sha1": "2f5bde33326b"
  }
}