{
  "aggregate": {
    "artifact_in_hole_pct": 0.8333333333333334,
    "depth_gt_edge_f1": 0.0,
    "depth_gt_lag_f1": 0.0,
    "depth_gt_si_rmse": 26.127036968866985,
    "depth_spread": 0.8265239621202151,
    "disocc_frac": 9.198949388498569e-05,
    "disocc_smear": 1.0,
    "edge_acc_p50": 0.0,
    "edge_acc_p95": 0.0,
    "exact_pop_spread_pct": 1.0382552312469215,
    "flicker": 0.009590472257949168,
    "flicker_disocc": 0.0,
    "flow_depth": 4.553607853210491,
    "flow_support": 0.953450520833333,
    "flow_temporal": 0.0,
    "hole_bad_fill_pct": 0.0,
    "hole_source_residual_p95": 0.510871736493329,
    "image_integrity_pct": 99.83246343192216,
    "image_negative_disparity_pct": 0.007373297510440167,
    "image_positive_disparity_pct": 0.0008257338098229832,
    "negative_disparity_pct": 1.269706921557372,
    "pop_pct_p50": 0.00012723264037388157,
    "pop_px_p50": 0.0014476247082539412,
    "pop_px_p95": 0.015693121859587707,
    "pop_spread_pct": 0.00775120644936927,
    "pop_spread_px": 0.08819150449060148,
    "positive_disparity_pct": 0.0,
    "rim_over_p50": 0.0,
    "rim_over_p95": 0.0,
    "source_coverage_pct": 99.98319892473118,
    "source_halo_p95": 0.0,
    "source_residual_p50": 0.0,
    "source_residual_p95": 0.0,
    "static_jitter": 0.0,
    "static_support": 1.0,
    "stretch_area": 0.026326275045537344,
    "swim": 1.9666723194329634,
    "vmisalign_pct": 0.00026967279457797605,
    "vmisalign_px": 0.0005558354932873044,
    "warp_hole_pct": 0.4978485289725209,
    "_n": 24,
    "_models": [
      ""
    ],
    "flicker_p50": 0.004147151485085487,
    "flicker_p95": 0.013651934638619422,
    "flicker_disocc_p50": 0.0,
    "flicker_disocc_p95": 0.0,
    "swim_p50": 0.0116729736328125,
    "swim_p95": 10.759916543960562,
    "static_jitter_p50": 0.0,
    "static_jitter_p95": 0.0,
    "flow_temporal_p50": 0.0,
    "flow_temporal_p95": 0.0,
    "flow_depth_p50": 0.02554982900619507,
    "flow_depth_p95": 24.861896800994856,
    "depth_gt_lag_f1_p50": 0.0,
    "depth_gt_lag_f1_p95": 0.0,
    "q_clean": 100.0,
    "q_depth": 0.0,
    "score": 100.0
  },
  "perf_ms": {
    "depth_infer": 1.4937,
    "depth_postprocess_gpu": 0.071872,
    "depth_preprocess_gpu": 0.154624,
    "sbs_composite_cpu": 4.1437,
    "warp_infer": 4.02461
  },
  "meta": {
    "git_sha": "e15f08f1",
    "git_dirty": true,
    "run_kind": "baseline_gate",
    "baseline_identities": {},
    "clip_set_sha1": {
      "aigen_cogvideox_rain": "5a3b6632212b",
      "anime_morevna_closeup": "e44f93df938a",
      "c339": "db5f34629467",
      "c525": "b3b3400d5e3b",
      "c647": "dfff8c7b9459",
      "c747": "1ff2aa060c61",
      "c841": "e1afc2353d88",
      "fast_motion": "5ac142ec4eff",
      "flat_page": "a839c5fb2d32",
      "flat_transition": "2f5bde33326b",
      "scene_cut": "c912fa5c33a7"
    },
    "mode": "profile",
    "suite": "core",
    "clips_root": "E:\\Git\\Repo\\Apollo-3D\\tools\\sbsbench\\clips",
    "extra_args": [],
    "conf": "tools\\sbsbench\\bench.conf",
    "model": "depth_anything_v2_fp16",
    "profile": "apollo",
    "adaptive_pop": true,
    "adaptive_pop_max": 1.3,
    "pop_strength": 1.25,
    "ema": 0.5,
    "ema_edge_change": 0.05,
    "ema_edge_gradient": 0.02,
    "ema_edge_strength": 0.25,
    "minmax_ema": 0.18,
    "subject_lock": 0.5,
    "subject_recenter": 0.35,
    "subject_stretch": true,
    "depth_short_side": 432,
    "depth_max_aspect": 4,
    "zero_plane": "legacy",
    "cuda_graph": true,
    "artistic_style": "immersive",
    "artistic_policy": true,
    "artistic_policy_consumed": false,
    "artistic_policy_authorization": "none",
    "model_onnx_sha256": "",
    "policy_metadata_sha256": "",
    "deployment_geometry_allowlist_sha256": "",
    "artistic_scale_override": 0,
    "output_interval": 1,
    "output_gt_right_only": false,
    "literal_bestv2": false,
    "depth_compensation": "none",
    "eval_schema": 29,
    "depth_step": "current-once",
    "depth_reuse_interval": 1,
    "conf_sha256": "679341c6d0d9db4d",
    "metric_sha256": "88028fadef928b53",
    "policy_warp_source_sha256": "86889c3f389a4c54ebcf0262f479ec71aadd81c42847a50bb39bf2fcce2fd132",
    "gpu_contention": false,
    "timestamp": "2026-07-15T13:07:58",
    "run_name": "eval29-required-evidence-core-baseline",
    "depth_override_frames": 0,
    "harness_schema": 24,
    "source_width": 854,
    "source_height": 480,
    "model_input_width": 770,
    "model_input_height": 434,
    "eye_width": 854,
    "eye_height": 480,
    "color_mode": "sdr-srgb-8bit",
    "content_scale_x": 1,
    "content_scale_y": 1,
    "disparity_raster_width": 854,
    "disparity_raster_height": 480,
    "artifact_mode": "full",
    "warp_disparity": "exact_clamped_full_binocular_normalized_at_output_eye_raster_zero_bars",
    "warp_unclamped_disparity": "unclamped_full_binocular_normalized_at_artistic_scale_1_output_eye_raster_zero_bars",
    "artistic_disparity_contract": "clamp(raw_baseline_times_scale_to_plus_or_minus_0.142_times_aspect_scale_times_content_scale_x)",
    "artistic_full_clamp_abs": 0.18918553,
    "warp_mask": {
      "red": "forward_disocclusion_before_fill"
    },
    "cuda_graph_captured": true,
    "name": "flat_page",
    "description": "Synthetic static document/desktop page: flat-content depth hallucination (A3).",
    "expected_flat": true,
    "gt_depth_kind": "disparity",
    "clip_sha1": "a839c5fb2d32"
  }
}