{
  "aggregate": {
    "depth_gt_edge_f1": 0.0,
    "depth_gt_si_rmse": 25.432654857635498,
    "depth_spread": 0.7946866761582593,
    "disocc_frac": 2.063410746812386e-05,
    "edge_acc_p50": 0.0,
    "edge_acc_p95": 0.0,
    "flicker": 0.01631039490862547,
    "flow_depth": 8.991005869339341,
    "flow_support": 0.953450520833333,
    "flow_temporal": 0.0,
    "image_integrity_pct": 99.85181367179949,
    "negative_disparity_pct": 0.6125429144305827,
    "pop_pct_p50": 0.00016271259669594802,
    "pop_px_p50": 0.0013895655757833962,
    "pop_px_p95": 0.007673972067061993,
    "pop_spread_pct": 0.002193179451797978,
    "pop_spread_px": 0.018729752518354733,
    "positive_disparity_pct": 0.0016934838525643175,
    "rim_over_p50": 0.0,
    "rim_over_p95": 0.0,
    "source_coverage_pct": 99.98879928315412,
    "source_halo_p95": 0.0,
    "source_residual_p50": 0.0,
    "source_residual_p95": 0.0,
    "static_jitter": 0.0,
    "static_support": 1.0,
    "stretch_area": 0.0,
    "swim": 3.92099464457968,
    "vmisalign_px": 0.0021099348086863756,
    "_n": 24,
    "_models": [
      ""
    ],
    "flicker_p50": 0.009356703609228134,
    "flicker_p95": 0.07078125774860375,
    "swim_p50": 0.0350189208984375,
    "swim_p95": 18.25058269500732,
    "static_jitter_p50": 0.0,
    "static_jitter_p95": 0.0,
    "flow_temporal_p50": 0.0,
    "flow_temporal_p95": 0.0,
    "flow_depth_p50": 0.050172507762908936,
    "flow_depth_p95": 49.12335815429684,
    "q_clean": 100.0,
    "q_depth": 97.8,
    "score": 100.0
  },
  "perf_ms": {
    "depth_infer": 1.96154,
    "sbs_composite_cpu": 0.0058,
    "warp_infer": 0.143296
  },
  "meta": {
    "git_sha": "d54d0de0",
    "git_dirty": true,
    "clip_set_sha1": {
      "c339": "db5f34629467",
      "c525": "b3b3400d5e3b",
      "c647": "dfff8c7b9459",
      "c747": "1ff2aa060c61",
      "c841": "e1afc2353d88",
      "fast_motion": "5ac142ec4eff",
      "flat_page": "a839c5fb2d32",
      "scene_cut": "c912fa5c33a7"
    },
    "mode": "game",
    "extra_args": [],
    "conf": "tools\\sbsbench\\bench.conf",
    "model": "depth_anything_v2_fp16",
    "warp": "apollo",
    "shift_profile": "bestv2",
    "eval_schema": 3,
    "depth_step": "current-once",
    "conf_sha256": "d78305de3cb0d05f",
    "metric_sha256": "7eab28e4d528ecd9",
    "gpu_contention": false,
    "timestamp": "2026-07-10T22:01:44",
    "run_name": "evalv3-baseline-final",
    "name": "flat_page",
    "description": "Synthetic static document/desktop page: flat-content depth hallucination (A3).",
    "expected_flat": true,
    "gt_depth_kind": "disparity",
    "clip_sha1": "a839c5fb2d32"
  }
}