{
  "aggregate": {
    "artifact_in_hole_pct": 0.0,
    "depth_gt_edge_f1": 0.0,
    "depth_gt_si_rmse": 26.183345476786297,
    "depth_spread": 0.8404234126210213,
    "disocc_frac": 2.1345628415300546e-05,
    "edge_acc_p50": 3.25,
    "edge_acc_p95": 3.475000023841858,
    "flicker": 5.957422343958371,
    "flow_depth": 10.180586365136234,
    "flow_support": 0.7743822180706523,
    "flow_temporal": 2.003885805606842,
    "hole_bad_fill_pct": 0.0,
    "hole_source_residual_p95": 3.1583529437116034,
    "image_integrity_pct": 99.46430721078609,
    "negative_disparity_pct": 1.231174332306182,
    "pop_pct_p50": 0.4836907117785174,
    "pop_px_p50": 5.503325431791132,
    "pop_px_p95": 6.552606772200208,
    "pop_spread_pct": 0.5007767011679803,
    "pop_spread_px": 5.6977260221779105,
    "positive_disparity_pct": 0.001475550246949111,
    "rim_over_p50": 0.0,
    "rim_over_p95": 0.0,
    "source_coverage_pct": 99.98599910394266,
    "source_halo_p95": 0.0,
    "source_residual_p50": 0.8980590055386225,
    "source_residual_p95": 2.8981746236483255,
    "static_jitter": 0.8031926507299597,
    "static_support": 0.914641881342701,
    "stretch_area": 0.0,
    "swim": 5.328962348077608,
    "vmisalign_pct": 0.0012695822806563228,
    "vmisalign_px": 0.0027359964539452144,
    "warp_hole_pct": 0.4762638142174433,
    "warp_unresolved_pct": 0.0,
    "_n": 24,
    "_models": [
      ""
    ],
    "flicker_p50": 2.636569023132324,
    "flicker_p95": 4.085113835334776,
    "swim_p50": 2.404670476913452,
    "swim_p95": 20.42042655944824,
    "static_jitter_p50": 0.3576064109802246,
    "static_jitter_p95": 2.266007876396179,
    "flow_temporal_p50": 0.9999999403953552,
    "flow_temporal_p95": 5.336320638656616,
    "flow_depth_p50": 4.854496002197266,
    "flow_depth_p95": 31.847770977020257,
    "q_clean": 92.0,
    "q_depth": 20.0,
    "score": 92.0
  },
  "perf_ms": {
    "depth_infer": 2.0728,
    "sbs_composite_cpu": 0.0075,
    "warp_infer": 0.018176
  },
  "meta": {
    "git_sha": "1e1ff805",
    "git_dirty": true,
    "clip_set_sha1": {
      "aigen_cogvideox_rain": "5a3b6632212b",
      "anime_morevna_closeup": "e44f93df938a",
      "c339": "db5f34629467",
      "c525": "b3b3400d5e3b",
      "c647": "dfff8c7b9459",
      "c747": "1ff2aa060c61",
      "c841": "e1afc2353d88",
      "fast_motion": "5ac142ec4eff",
      "flat_page": "a839c5fb2d32",
      "flat_transition": "2f5bde33326b",
      "scene_cut": "c912fa5c33a7"
    },
    "mode": "profile",
    "suite": "core",
    "clips_root": "E:\\Git\\Repo\\Apollo-3D\\tools\\sbsbench\\clips",
    "extra_args": [],
    "conf": "tools\\sbsbench\\bench.conf",
    "model": "depth_anything_v2_fp16",
    "profile": "vd3d",
    "warp": "vd3d",
    "literal_bestv2": false,
    "eval_schema": 12,
    "depth_step": "current-once",
    "depth_reuse_interval": 1,
    "conf_sha256": "da08885f8dd3cd82",
    "metric_sha256": "a326ddae1c56ee7b",
    "gpu_contention": false,
    "timestamp": "2026-07-12T10:08:43",
    "run_name": "evalv12-baseline-core",
    "name": "flat_transition",
    "description": "Textured depth scene cutting to a static flat page: normalization recovery and false-stereo decay.",
    "gt_depth_kind": "disparity",
    "clip_sha1": "2f5bde33326b"
  }
}