{
  "aggregate": {
    "depth_gt_edge_f1": 0.0,
    "depth_gt_si_rmse": 26.183345476786297,
    "depth_spread": 0.8404234126210213,
    "disocc_frac": 2.1345628415300546e-05,
    "edge_acc_p50": 3.25,
    "edge_acc_p95": 3.475000023841858,
    "flicker": 5.90332816969907,
    "flow_depth": 10.180586365136234,
    "flow_support": 0.7743822180706523,
    "flow_temporal": 1.6458680629730225,
    "image_integrity_pct": 99.30379746835443,
    "negative_disparity_pct": 1.17722929823943,
    "pop_pct_p50": 0.4845407911287352,
    "pop_px_p50": 4.137978356239399,
    "pop_px_p95": 4.9838606989707435,
    "pop_spread_pct": 0.4799367573025813,
    "pop_spread_px": 4.098659907364045,
    "positive_disparity_pct": 0.0018036959415992262,
    "rim_over_p50": 0.0,
    "rim_over_p95": 0.0,
    "source_coverage_pct": 99.97759856630825,
    "source_halo_p95": 0.0,
    "source_residual_p50": 1.1805800398190816,
    "source_residual_p95": 3.4491171638170877,
    "static_jitter": 0.5750806900587949,
    "static_support": 0.914641881342701,
    "stretch_area": 0.0,
    "swim": 5.328962348077608,
    "vmisalign_pct": 0.0010787791688926518,
    "vmisalign_px": 0.0020683687149964194,
    "_n": 24,
    "_models": [
      ""
    ],
    "flicker_p50": 2.5984203815460205,
    "flicker_p95": 3.635828685760497,
    "swim_p50": 2.404670476913452,
    "swim_p95": 20.42042655944824,
    "static_jitter_p50": 0.35759881138801575,
    "static_jitter_p95": 1.210776525735855,
    "flow_temporal_p50": 0.7375236749649048,
    "flow_temporal_p95": 4.611306691169738,
    "flow_depth_p50": 4.854496002197266,
    "flow_depth_p95": 31.847770977020257,
    "q_clean": 92.9,
    "q_depth": 19.2,
    "score": 92.9
  },
  "perf_ms": {
    "depth_infer": 2.07402,
    "sbs_composite_cpu": 0.0057,
    "warp_infer": 0.10128
  },
  "meta": {
    "git_sha": "e40bfc88",
    "git_dirty": true,
    "clip_set_sha1": {
      "aigen_cogvideox_rain": "5a3b6632212b",
      "anime_morevna_closeup": "e44f93df938a",
      "c339": "db5f34629467",
      "c525": "b3b3400d5e3b",
      "c647": "dfff8c7b9459",
      "c747": "1ff2aa060c61",
      "c841": "e1afc2353d88",
      "fast_motion": "5ac142ec4eff",
      "flat_page": "a839c5fb2d32",
      "flat_transition": "2f5bde33326b",
      "scene_cut": "c912fa5c33a7"
    },
    "mode": "game",
    "suite": "core",
    "clips_root": "E:\\Git\\Repo\\Apollo-3D\\tools\\sbsbench\\clips",
    "extra_args": [],
    "conf": "tools\\sbsbench\\bench.conf",
    "model": "depth_anything_v2_fp16",
    "profile": "apollo",
    "warp": "apollo",
    "eval_schema": 8,
    "depth_step": "current-once",
    "conf_sha256": "679341c6d0d9db4d",
    "metric_sha256": "411da3c4c6fdec56",
    "gpu_contention": false,
    "timestamp": "2026-07-11T17:47:12",
    "run_name": "default-pop-125-baseline",
    "name": "flat_transition",
    "description": "Textured depth scene cutting to a static flat page: normalization recovery and false-stereo decay.",
    "gt_depth_kind": "disparity",
    "clip_sha1": "2f5bde33326b"
  }
}