{
  "aggregate": {
    "depth_gt_edge_f1": 0.0,
    "depth_gt_si_rmse": 26.057803471883137,
    "depth_spread": 0.8241613854964575,
    "disocc_frac": 1.7076502732240437e-05,
    "edge_acc_p50": 0.0,
    "edge_acc_p95": 0.0,
    "flicker": 0.005590804856341413,
    "flow_depth": 4.5364746671655904,
    "flow_support": 0.953450520833333,
    "flow_temporal": 0.0,
    "image_integrity_pct": 99.84547034962333,
    "negative_disparity_pct": 0.0019362126531589786,
    "pop_pct_p50": 0.00015733517949202648,
    "pop_px_p50": 0.001343642432861906,
    "pop_px_p95": 0.007543768417658664,
    "pop_spread_pct": 0.0014997116786316274,
    "pop_spread_px": 0.012807537735514097,
    "positive_disparity_pct": 0.0006864243166854067,
    "rim_over_p50": 0.0,
    "rim_over_p95": 0.0,
    "source_coverage_pct": 99.98879928315412,
    "source_halo_p95": 0.0,
    "source_residual_p50": 0.0,
    "source_residual_p95": 0.0,
    "static_jitter": 0.0,
    "static_support": 1.0,
    "stretch_area": 0.0,
    "swim": 1.9641348823257114,
    "vmisalign_pct": 0.00034845874324673787,
    "vmisalign_px": 0.0010769179971248377,
    "_n": 24,
    "_models": [
      ""
    ],
    "flicker_p50": 0.002532201586291194,
    "flicker_p95": 0.008434206806123256,
    "swim_p50": 0.0116729736328125,
    "swim_p95": 10.73074097633361,
    "static_jitter_p50": 0.0,
    "static_jitter_p95": 0.0,
    "flow_temporal_p50": 0.0,
    "flow_temporal_p95": 0.0,
    "flow_depth_p50": 0.02548903226852417,
    "flow_depth_p95": 24.77977581024168,
    "q_clean": 100.0,
    "q_depth": 98.5,
    "score": 100.0
  },
  "perf_ms": {
    "depth_infer": 2.33571,
    "sbs_composite_cpu": 0.0058,
    "warp_infer": 0.100224
  },
  "meta": {
    "git_sha": "5ed4d23d",
    "git_dirty": true,
    "clip_set_sha1": {
      "aigen_cogvideox_rain": "5a3b6632212b",
      "anime_morevna_closeup": "e44f93df938a",
      "c339": "db5f34629467",
      "c525": "b3b3400d5e3b",
      "c647": "dfff8c7b9459",
      "c747": "1ff2aa060c61",
      "c841": "e1afc2353d88",
      "fast_motion": "5ac142ec4eff",
      "flat_page": "a839c5fb2d32",
      "flat_transition": "2f5bde33326b",
      "scene_cut": "c912fa5c33a7"
    },
    "mode": "game",
    "suite": "core",
    "clips_root": "E:\\Git\\Repo\\Apollo-3D\\tools\\sbsbench\\clips",
    "extra_args": [],
    "conf": "tools\\sbsbench\\bench.conf",
    "model": "depth_anything_v2_fp16",
    "profile": "apollo",
    "warp": "apollo",
    "eval_schema": 8,
    "depth_step": "current-once",
    "conf_sha256": "679341c6d0d9db4d",
    "metric_sha256": "411da3c4c6fdec56",
    "gpu_contention": false,
    "timestamp": "2026-07-11T15:43:28",
    "run_name": "evalv9-overhaul-apollo",
    "name": "flat_page",
    "description": "Synthetic static document/desktop page: flat-content depth hallucination (A3).",
    "expected_flat": true,
    "gt_depth_kind": "disparity",
    "clip_sha1": "a839c5fb2d32"
  }
}