{
  "aggregate": {
    "depth_gt_edge_f1": 0.0,
    "depth_gt_si_rmse": 25.432654857635498,
    "depth_spread": 0.7946866761582593,
    "disocc_frac": 2.063410746812386e-05,
    "edge_acc_p50": 0.0,
    "edge_acc_p95": 0.0,
    "flicker": 0.014736810527013047,
    "flow_depth": 8.991005869339341,
    "flow_support": 0.953450520833333,
    "flow_temporal": 0.0,
    "image_integrity_pct": 99.85830220275666,
    "negative_disparity_pct": 0.6153127650388325,
    "pop_pct_p50": 0.00013404985030584195,
    "pop_px_p50": 0.0011447857216118902,
    "pop_px_p95": 0.007073952264507434,
    "pop_spread_pct": 0.0026668687983978276,
    "pop_spread_px": 0.022775059538317443,
    "positive_disparity_pct": 0.0012364815202199266,
    "rim_over_p50": 0.0,
    "rim_over_p95": 0.0,
    "source_coverage_pct": 99.98879928315412,
    "source_halo_p95": 0.0,
    "source_residual_p50": 0.0,
    "source_residual_p95": 0.0,
    "static_jitter": 0.0,
    "static_support": 1.0,
    "stretch_area": 0.0,
    "swim": 3.92099464457968,
    "vmisalign_px": 0.001869311323389411,
    "_n": 24,
    "_models": [
      ""
    ],
    "flicker_p50": 0.008505318313837051,
    "flicker_p95": 0.0642842594534158,
    "swim_p50": 0.0350189208984375,
    "swim_p95": 18.25058269500732,
    "static_jitter_p50": 0.0,
    "static_jitter_p95": 0.0,
    "flow_temporal_p50": 0.0,
    "flow_temporal_p95": 0.0,
    "flow_depth_p50": 0.050172507762908936,
    "flow_depth_p95": 49.12335815429684,
    "q_clean": 100.0,
    "q_depth": 97.3,
    "score": 100.0
  },
  "perf_ms": {
    "depth_infer": 2.06906,
    "sbs_composite_cpu": 0.0061,
    "warp_infer": 0.142816
  },
  "meta": {
    "git_sha": "02c270d7",
    "git_dirty": true,
    "clip_set_sha1": {
      "c339": "db5f34629467",
      "c525": "b3b3400d5e3b",
      "c647": "dfff8c7b9459",
      "c747": "1ff2aa060c61",
      "c841": "e1afc2353d88",
      "fast_motion": "5ac142ec4eff",
      "flat_page": "a839c5fb2d32",
      "scene_cut": "c912fa5c33a7"
    },
    "mode": "game",
    "suite": "core",
    "clips_root": "E:\\Git\\Repo\\Apollo-3D\\tools\\sbsbench\\clips",
    "extra_args": [],
    "conf": "tools\\sbsbench\\bench.conf",
    "model": "depth_anything_v2_fp16",
    "warp": "apollo",
    "shift_profile": "bestv2",
    "eval_schema": 4,
    "depth_step": "current-once",
    "conf_sha256": "d78305de3cb0d05f",
    "metric_sha256": "e0797ed1f16ad440",
    "gpu_contention": false,
    "timestamp": "2026-07-11T06:34:29",
    "run_name": "evalv4-widthfix-core",
    "name": "flat_page",
    "description": "Synthetic static document/desktop page: flat-content depth hallucination (A3).",
    "expected_flat": true,
    "gt_depth_kind": "disparity",
    "clip_sha1": "a839c5fb2d32"
  }
}