{
  "aggregate": {
    "artifact_in_hole_pct": 25.42735127941572,
    "depth_spread": 0.888154111802578,
    "disocc_frac": 0.046904782233931824,
    "disocc_smear": 0.0,
    "edge_acc_p50": 0.4583333333333333,
    "edge_acc_p95": 24.0,
    "flicker": 7.82480690660684,
    "flicker_disocc": 16.6745394260987,
    "flow_depth": 10.985749791968953,
    "flow_support": 0.8627634831672705,
    "flow_temporal": 3.4391538392413747,
    "hole_bad_fill_pct": 4.275268625193463,
    "hole_source_residual_p95": 23.07766842842102,
    "image_integrity_pct": 99.24408838351209,
    "negative_disparity_pct": 1.4006725617946358,
    "pop_pct_p50": 0.3634887047021202,
    "pop_px_p50": 4.135693706833012,
    "pop_px_p95": 14.457804800083522,
    "pop_spread_pct": 1.1168481162074586,
    "pop_spread_px": 12.707249677738195,
    "positive_disparity_pct": 0.0014084896470631543,
    "rim_over_p50": 0.0,
    "rim_over_p95": 3.182907064755758,
    "source_coverage_pct": 99.50156810035843,
    "source_halo_p95": 3.574999781946341,
    "source_residual_p50": 1.1160324824353058,
    "source_residual_p95": 9.427874247233072,
    "source_stretch_pct": 5.484535465323655,
    "source_stretch_support": 7.11048267505787,
    "static_jitter": 2.0586393665183675,
    "static_support": 0.6829961519532973,
    "stretch_area": 10.29570810564663,
    "swim": 2.636778342982997,
    "vmisalign_pct": 0.006183483443843822,
    "vmisalign_px": 0.015633679266708594,
    "warp_hole_pct": 0.7434475806451614,
    "_n": 24,
    "_models": [
      ""
    ],
    "flicker_p50": 1.059348464012146,
    "flicker_p95": 15.043809223175044,
    "flicker_disocc_p50": 4.028682708740234,
    "flicker_disocc_p95": 53.97658119201658,
    "swim_p50": 0.7704276442527771,
    "swim_p95": 12.643188810348503,
    "static_jitter_p50": 1.821496844291687,
    "static_jitter_p95": 4.921266651153563,
    "flow_temporal_p50": 2.070523262023926,
    "flow_temporal_p95": 7.308743643760681,
    "flow_depth_p50": 3.8412173986434937,
    "flow_depth_p95": 44.91433296203612,
    "q_clean": 76.8,
    "q_depth": 44.7,
    "score": 76.8
  },
  "perf_ms": {
    "depth_infer": 1.45574,
    "depth_postprocess_gpu": 0.072384,
    "depth_preprocess_gpu": 0.121088,
    "sbs_composite_cpu": 0.0042,
    "warp_infer": 0.055616
  },
  "meta": {
    "git_sha": "d638e752",
    "git_dirty": true,
    "clip_set_sha1": {
      "aigen_cogvideox_rain": "5a3b6632212b",
      "anime_morevna_closeup": "e44f93df938a",
      "c339": "db5f34629467",
      "c525": "b3b3400d5e3b",
      "c647": "dfff8c7b9459",
      "c747": "1ff2aa060c61",
      "c841": "e1afc2353d88",
      "fast_motion": "5ac142ec4eff",
      "flat_page": "a839c5fb2d32",
      "flat_transition": "2f5bde33326b",
      "scene_cut": "c912fa5c33a7"
    },
    "mode": "profile",
    "suite": "core",
    "clips_root": "E:\\Git\\Repo\\Apollo-3D\\tools\\sbsbench\\clips",
    "extra_args": [],
    "conf": "tools\\sbsbench\\bench.conf",
    "model": "depth_anything_v2_fp16",
    "profile": "apollo",
    "adaptive_pop": true,
    "adaptive_pop_max": 1.3,
    "literal_bestv2": false,
    "depth_compensation": "none",
    "eval_schema": 21,
    "depth_step": "current-once",
    "depth_reuse_interval": 1,
    "conf_sha256": "679341c6d0d9db4d",
    "metric_sha256": "f9d0ac49d0cceb1b",
    "gpu_contention": false,
    "timestamp": "2026-07-14T14:20:59",
    "run_name": "art-style-core",
    "cuda_graph": true,
    "cuda_graph_captured": true,
    "name": "scene_cut",
    "description": "Hard cut spliced kitchen-vlog -> washerwoman-pond: depth-normalization swim across cuts (A1).",
    "clip_sha1": "c912fa5c33a7"
  }
}