{
  "aggregate": {
    "artifact_in_hole_pct": 25.653988289136475,
    "depth_spread": 0.8878953407208124,
    "disocc_frac": 0.04690193615014312,
    "disocc_smear": 0.0,
    "edge_acc_p50": 0.4583333333333333,
    "edge_acc_p95": 24.0,
    "exact_pop_spread_pct": 1.0188800109245335,
    "flicker": 7.825503033140431,
    "flicker_disocc": 16.666038601294808,
    "flow_depth": 10.978154653852636,
    "flow_support": 0.8627634831672705,
    "flow_temporal": 3.476338142698461,
    "hole_bad_fill_pct": 4.310823012035363,
    "hole_source_residual_p95": 23.09416705369949,
    "image_integrity_pct": 99.23767685250985,
    "image_negative_disparity_pct": 1.2756480858070063,
    "image_positive_disparity_pct": 8.47248770255192e-05,
    "negative_disparity_pct": 1.387975979341718,
    "pop_pct_p50": 0.3674532562824737,
    "pop_px_p50": 4.180801493702812,
    "pop_px_p95": 14.458315625933773,
    "pop_spread_pct": 1.116843983985854,
    "pop_spread_px": 12.70720266223905,
    "positive_disparity_pct": 0.0,
    "rim_over_p50": 0.0,
    "rim_over_p95": 3.184016694625219,
    "source_coverage_pct": 99.50156810035843,
    "source_halo_p95": 3.620833051701387,
    "source_residual_p50": 1.1158725830415885,
    "source_residual_p95": 9.418715159098307,
    "source_stretch_pct": 5.468910819873158,
    "source_stretch_support": 7.123141818576388,
    "static_jitter": 2.0613756640390917,
    "static_support": 0.6829961519532973,
    "stretch_area": 10.296826209992194,
    "swim": 2.6411776251119115,
    "vmisalign_pct": 0.006138728155444065,
    "vmisalign_px": 0.015614960643385226,
    "warp_hole_pct": 0.7443809737156512,
    "_n": 24,
    "_models": [
      ""
    ],
    "flicker_p50": 1.064856767654419,
    "flicker_p95": 15.031385517120357,
    "flicker_disocc_p50": 4.041776657104492,
    "flicker_disocc_p95": 53.96038856506346,
    "swim_p50": 0.7665404677391052,
    "swim_p95": 12.684241342544547,
    "static_jitter_p50": 1.8214991092681885,
    "static_jitter_p95": 4.921522188186644,
    "flow_temporal_p50": 2.0731022357940674,
    "flow_temporal_p95": 7.317458820343018,
    "flow_depth_p50": 3.8425644636154175,
    "flow_depth_p95": 44.91277799606322,
    "q_clean": 76.7,
    "q_depth": 40.8,
    "score": 76.7
  },
  "perf_ms": {
    "depth_infer": 1.49542,
    "depth_postprocess_gpu": 0.072736,
    "depth_preprocess_gpu": 0.159392,
    "sbs_composite_cpu": 4.3217,
    "warp_infer": 4.17658
  },
  "meta": {
    "git_sha": "e15f08f1",
    "git_dirty": true,
    "run_kind": "baseline_gate",
    "baseline_identities": {},
    "clip_set_sha1": {
      "aigen_cogvideox_rain": "5a3b6632212b",
      "anime_morevna_closeup": "e44f93df938a",
      "c339": "db5f34629467",
      "c525": "b3b3400d5e3b",
      "c647": "dfff8c7b9459",
      "c747": "1ff2aa060c61",
      "c841": "e1afc2353d88",
      "fast_motion": "5ac142ec4eff",
      "flat_page": "a839c5fb2d32",
      "flat_transition": "2f5bde33326b",
      "scene_cut": "c912fa5c33a7"
    },
    "mode": "profile",
    "suite": "core",
    "clips_root": "E:\\Git\\Repo\\Apollo-3D\\tools\\sbsbench\\clips",
    "extra_args": [],
    "conf": "tools\\sbsbench\\bench.conf",
    "model": "depth_anything_v2_fp16",
    "profile": "apollo",
    "adaptive_pop": true,
    "adaptive_pop_max": 1.3,
    "pop_strength": 1.25,
    "ema": 0.5,
    "ema_edge_change": 0.05,
    "ema_edge_gradient": 0.02,
    "ema_edge_strength": 0.25,
    "minmax_ema": 0.18,
    "subject_lock": 0.5,
    "subject_recenter": 0.35,
    "subject_stretch": true,
    "depth_short_side": 432,
    "depth_max_aspect": 4,
    "zero_plane": "legacy",
    "cuda_graph": true,
    "artistic_style": "immersive",
    "artistic_policy": true,
    "artistic_policy_consumed": false,
    "artistic_policy_authorization": "none",
    "model_onnx_sha256": "",
    "policy_metadata_sha256": "",
    "deployment_geometry_allowlist_sha256": "",
    "artistic_scale_override": 0,
    "output_interval": 1,
    "output_gt_right_only": false,
    "literal_bestv2": false,
    "depth_compensation": "none",
    "eval_schema": 29,
    "depth_step": "current-once",
    "depth_reuse_interval": 1,
    "conf_sha256": "679341c6d0d9db4d",
    "metric_sha256": "88028fadef928b53",
    "policy_warp_source_sha256": "86889c3f389a4c54ebcf0262f479ec71aadd81c42847a50bb39bf2fcce2fd132",
    "gpu_contention": false,
    "timestamp": "2026-07-15T13:07:58",
    "run_name": "eval29-required-evidence-core-baseline",
    "depth_override_frames": 0,
    "harness_schema": 24,
    "source_width": 854,
    "source_height": 480,
    "model_input_width": 770,
    "model_input_height": 434,
    "eye_width": 854,
    "eye_height": 480,
    "color_mode": "sdr-srgb-8bit",
    "content_scale_x": 1,
    "content_scale_y": 1,
    "disparity_raster_width": 854,
    "disparity_raster_height": 480,
    "artifact_mode": "full",
    "warp_disparity": "exact_clamped_full_binocular_normalized_at_output_eye_raster_zero_bars",
    "warp_unclamped_disparity": "unclamped_full_binocular_normalized_at_artistic_scale_1_output_eye_raster_zero_bars",
    "artistic_disparity_contract": "clamp(raw_baseline_times_scale_to_plus_or_minus_0.142_times_aspect_scale_times_content_scale_x)",
    "artistic_full_clamp_abs": 0.18918553,
    "warp_mask": {
      "red": "forward_disocclusion_before_fill"
    },
    "cuda_graph_captured": true,
    "name": "scene_cut",
    "description": "Hard cut spliced kitchen-vlog -> washerwoman-pond: depth-normalization swim across cuts (A1).",
    "clip_sha1": "c912fa5c33a7"
  }
}