{
  "aggregate": {
    "depth_spread": 0.8878196825583776,
    "disocc_frac": 0.04640692086260734,
    "disocc_smear": 0.0,
    "edge_acc_p50": 0.4166666666666667,
    "edge_acc_p95": 24.0,
    "flicker": 7.759516734143962,
    "flicker_disocc": 16.050527308298193,
    "flow_depth": 11.020712131803686,
    "flow_support": 0.8627634831672705,
    "flow_temporal": 3.0971324389631096,
    "image_integrity_pct": 98.94603565684564,
    "negative_disparity_pct": 1.400339927096836,
    "pop_pct_p50": 0.3794541290807079,
    "pop_px_p50": 3.240538262349246,
    "pop_px_p95": 10.614746094643499,
    "pop_spread_pct": 1.0765183981864679,
    "pop_spread_px": 9.193467120512436,
    "positive_disparity_pct": 0.0006471534003899183,
    "rim_over_p50": 0.0,
    "rim_over_p95": 3.6936855614185333,
    "source_coverage_pct": 99.29995519713262,
    "source_halo_p95": 3.4916663840413094,
    "source_residual_p50": 1.736116148531437,
    "source_residual_p95": 11.541289409001669,
    "source_stretch_pct": 7.360358181702945,
    "source_stretch_support": 6.9719102647569455,
    "static_jitter": 1.789299645207145,
    "static_support": 0.6829961519532973,
    "stretch_area": 10.27497235232891,
    "swim": 2.6405851627173633,
    "vmisalign_pct": 0.0063840276561677465,
    "vmisalign_px": 0.016937890381086618,
    "_n": 24,
    "_models": [
      ""
    ],
    "flicker_p50": 0.91543048620224,
    "flicker_p95": 14.992164134979244,
    "flicker_disocc_p50": 3.2556564807891846,
    "flicker_disocc_p95": 53.34837646484373,
    "swim_p50": 0.7704276442527771,
    "swim_p95": 12.52101082801818,
    "static_jitter_p50": 1.5367021560668945,
    "static_jitter_p95": 3.9393694519996636,
    "flow_temporal_p50": 1.9973829984664917,
    "flow_temporal_p95": 6.607221150398254,
    "flow_depth_p50": 3.8718608617782593,
    "flow_depth_p95": 44.7380380630493,
    "q_clean": 75.1,
    "q_depth": 43.1,
    "score": 75.1
  },
  "perf_ms": {
    "depth_infer": 2.02278,
    "sbs_composite_cpu": 0.006,
    "warp_infer": 0.101024
  },
  "meta": {
    "git_sha": "97199f2b",
    "git_dirty": true,
    "clip_set_sha1": {
      "aigen_cogvideox_rain": "5a3b6632212b",
      "anime_morevna_closeup": "e44f93df938a",
      "c339": "db5f34629467",
      "c525": "b3b3400d5e3b",
      "c647": "dfff8c7b9459",
      "c747": "1ff2aa060c61",
      "c841": "e1afc2353d88",
      "fast_motion": "5ac142ec4eff",
      "flat_page": "a839c5fb2d32",
      "flat_transition": "2f5bde33326b",
      "scene_cut": "c912fa5c33a7"
    },
    "mode": "profile",
    "suite": "core",
    "clips_root": "E:\\Git\\Repo\\Apollo-3D\\tools\\sbsbench\\clips",
    "extra_args": [],
    "conf": "tools\\sbsbench\\bench.conf",
    "model": "depth_anything_v2_fp16",
    "profile": "apollo",
    "warp": "apollo",
    "eval_schema": 9,
    "depth_step": "current-once",
    "conf_sha256": "726e61c492e2375e",
    "metric_sha256": "029a1b88ce8d8c83",
    "gpu_contention": false,
    "timestamp": "2026-07-11T18:28:11",
    "run_name": "profile-owned-default-baseline",
    "name": "scene_cut",
    "description": "Hard cut spliced kitchen-vlog -> washerwoman-pond: depth-normalization swim across cuts (A1).",
    "clip_sha1": "c912fa5c33a7"
  }
}