{
  "aggregate": {
    "depth_spread": 0.8878196825583776,
    "disocc_frac": 0.04640692086260734,
    "disocc_smear": 0.0,
    "edge_acc_p50": 0.4166666666666667,
    "edge_acc_p95": 24.0,
    "flicker": 7.847669071477393,
    "flicker_disocc": 16.230253665343575,
    "flow_depth": 11.020712131803686,
    "flow_support": 0.8627634831672705,
    "flow_temporal": 3.5789796872572466,
    "image_integrity_pct": 99.2111218881345,
    "negative_disparity_pct": 1.402839065376611,
    "pop_pct_p50": 0.36303378805710906,
    "pop_px_p50": 4.130517766338662,
    "pop_px_p95": 14.105256620288236,
    "pop_spread_pct": 1.0975795069432865,
    "pop_spread_px": 12.488015723443615,
    "positive_disparity_pct": 0.0017791339903968873,
    "rim_over_p50": 0.0,
    "rim_over_p95": 3.417856812477112,
    "source_coverage_pct": 99.48196684587813,
    "source_halo_p95": 3.512500030299028,
    "source_residual_p50": 1.1296186385055382,
    "source_residual_p95": 9.546161015828451,
    "source_stretch_pct": 5.3055520788713215,
    "source_stretch_support": 7.236735026041667,
    "static_jitter": 2.115869351408698,
    "static_support": 0.6829961519532973,
    "stretch_area": 10.037629293520688,
    "swim": 2.6405851627173633,
    "vmisalign_pct": 0.005521435523405671,
    "vmisalign_px": 0.014310233818832785,
    "_n": 24,
    "_models": [
      ""
    ],
    "flicker_p50": 0.9552687406539917,
    "flicker_p95": 15.287150955200191,
    "flicker_disocc_p50": 3.413902521133423,
    "flicker_disocc_p95": 53.64501800537108,
    "swim_p50": 0.7704276442527771,
    "swim_p95": 12.52101082801818,
    "static_jitter_p50": 1.8569953441619873,
    "static_jitter_p95": 4.340944015979766,
    "flow_temporal_p50": 2.062406539916992,
    "flow_temporal_p95": 7.321568989753723,
    "flow_depth_p50": 3.8718608617782593,
    "flow_depth_p95": 44.7380380630493,
    "q_clean": 77.3,
    "q_depth": 43.9,
    "score": 77.3
  },
  "perf_ms": {
    "depth_infer": 2.08656,
    "sbs_composite_cpu": 0.0072,
    "warp_infer": 0.01824
  },
  "meta": {
    "git_sha": "8a5564a9",
    "git_dirty": true,
    "clip_set_sha1": {
      "aigen_cogvideox_rain": "5a3b6632212b",
      "anime_morevna_closeup": "e44f93df938a",
      "c339": "db5f34629467",
      "c525": "b3b3400d5e3b",
      "c647": "dfff8c7b9459",
      "c747": "1ff2aa060c61",
      "c841": "e1afc2353d88",
      "fast_motion": "5ac142ec4eff",
      "flat_page": "a839c5fb2d32",
      "flat_transition": "2f5bde33326b",
      "scene_cut": "c912fa5c33a7"
    },
    "mode": "profile",
    "suite": "core",
    "clips_root": "E:\\Git\\Repo\\Apollo-3D\\tools\\sbsbench\\clips",
    "extra_args": [],
    "conf": "tools\\sbsbench\\bench.conf",
    "model": "depth_anything_v2_fp16",
    "profile": "vd3d",
    "warp": "vd3d",
    "eval_schema": 9,
    "depth_step": "current-once",
    "conf_sha256": "9d32d1467ef6e8c2",
    "metric_sha256": "424bb4a8bb87c29f",
    "gpu_contention": false,
    "timestamp": "2026-07-11T23:06:35",
    "run_name": "vd3d-default-baseline-core",
    "name": "scene_cut",
    "description": "Hard cut spliced kitchen-vlog -> washerwoman-pond: depth-normalization swim across cuts (A1).",
    "clip_sha1": "c912fa5c33a7"
  }
}