{
  "aggregate": {
    "depth_spread": 0.8891168261567751,
    "disocc_frac": 0.04639533323575332,
    "disocc_smear": 0.0,
    "edge_acc_p50": 0.4166666666666667,
    "edge_acc_p95": 24.0,
    "flicker": 7.7897220590840215,
    "flicker_disocc": 15.996076135531716,
    "flow_depth": 11.281083849343387,
    "flow_support": 0.8627634831672705,
    "flow_temporal": 3.117595298723741,
    "image_integrity_pct": 99.11854525263742,
    "negative_disparity_pct": 1.2862117773475916,
    "pop_pct_p50": 0.39547083449726633,
    "pop_px_p50": 3.3773209266066537,
    "pop_px_p95": 8.995992893471456,
    "pop_spread_pct": 0.8515613017040661,
    "pop_spread_px": 7.272333516552725,
    "positive_disparity_pct": 0.000267732118204423,
    "rim_over_p50": 0.0,
    "rim_over_p95": 3.820508817831675,
    "source_coverage_pct": 99.09274193548387,
    "source_halo_p95": 3.1312498971819878,
    "source_residual_p50": 1.6434942906101544,
    "source_residual_p95": 10.844642420609793,
    "source_stretch_pct": 6.214122292387498,
    "source_stretch_support": 7.007853190104167,
    "static_jitter": 1.945366845889525,
    "static_support": 0.6829961519532973,
    "stretch_area": 10.302315085870413,
    "swim": 3.04373218767021,
    "vmisalign_px": 0.03197615221142769,
    "_n": 24,
    "_models": [
      ""
    ],
    "flicker_p50": 0.9263327717781067,
    "flicker_p95": 15.06338787078857,
    "flicker_disocc_p50": 3.0982625484466553,
    "flicker_disocc_p95": 53.482697677612286,
    "swim_p50": 0.5291833281517029,
    "swim_p95": 16.19455127716063,
    "static_jitter_p50": 1.8189015984535217,
    "static_jitter_p95": 4.442227983474731,
    "flow_temporal_p50": 2.0190573930740356,
    "flow_temporal_p95": 6.460717701911927,
    "flow_depth_p50": 3.7707042694091797,
    "flow_depth_p95": 44.37040901184081,
    "q_clean": 76.5,
    "q_depth": 34.1,
    "score": 76.5
  },
  "perf_ms": {
    "depth_infer": 2.03334,
    "sbs_composite_cpu": 0.0064,
    "warp_infer": 0.14304
  },
  "meta": {
    "git_sha": "02c270d7",
    "git_dirty": true,
    "clip_set_sha1": {
      "c339": "db5f34629467",
      "c525": "b3b3400d5e3b",
      "c647": "dfff8c7b9459",
      "c747": "1ff2aa060c61",
      "c841": "e1afc2353d88",
      "fast_motion": "5ac142ec4eff",
      "flat_page": "a839c5fb2d32",
      "scene_cut": "c912fa5c33a7"
    },
    "mode": "game",
    "suite": "core",
    "clips_root": "E:\\Git\\Repo\\Apollo-3D\\tools\\sbsbench\\clips",
    "extra_args": [],
    "conf": "tools\\sbsbench\\bench.conf",
    "model": "depth_anything_v2_fp16",
    "warp": "apollo",
    "shift_profile": "bestv2",
    "eval_schema": 4,
    "depth_step": "current-once",
    "conf_sha256": "d78305de3cb0d05f",
    "metric_sha256": "e0797ed1f16ad440",
    "gpu_contention": false,
    "timestamp": "2026-07-11T06:34:29",
    "run_name": "evalv4-widthfix-core",
    "name": "scene_cut",
    "description": "Hard cut spliced kitchen-vlog -> washerwoman-pond: depth-normalization swim across cuts (A1).",
    "clip_sha1": "c912fa5c33a7"
  }
}