{
  "aggregate": {
    "artifact_in_hole_pct": 25.569819155854685,
    "depth_spread": 0.8878196825583776,
    "disocc_frac": 0.04640692086260734,
    "disocc_smear": 0.0,
    "edge_acc_p50": 0.4166666666666667,
    "edge_acc_p95": 24.0,
    "flicker": 7.82043477633725,
    "flicker_disocc": 16.48663826610731,
    "flow_depth": 11.020712131803686,
    "flow_support": 0.8627634831672705,
    "flow_temporal": 3.4705784645947544,
    "hole_bad_fill_pct": 4.273327626350656,
    "hole_source_residual_p95": 23.077966841061908,
    "image_integrity_pct": 99.27040289256198,
    "negative_disparity_pct": 1.4008376613855944,
    "pop_pct_p50": 0.3479992919139918,
    "pop_px_p50": 3.9594586102214184,
    "pop_px_p95": 14.145120026606923,
    "pop_spread_pct": 1.0907654165215774,
    "pop_spread_px": 12.410486516867726,
    "positive_disparity_pct": 0.000815148650728053,
    "rim_over_p50": 0.0,
    "rim_over_p95": 3.154563923676809,
    "source_coverage_pct": 99.48476702508961,
    "source_halo_p95": 3.7250002697110176,
    "source_residual_p50": 1.1296406822899978,
    "source_residual_p95": 9.259223361810049,
    "source_stretch_pct": 5.492894341574723,
    "source_stretch_support": 7.220458984375,
    "static_jitter": 2.036210710352117,
    "static_support": 0.6829961519532973,
    "stretch_area": 10.3240672976841,
    "swim": 2.6405851627173633,
    "vmisalign_pct": 0.0057332927826792,
    "vmisalign_px": 0.016911787931652118,
    "warp_hole_pct": 0.73668048088411,
    "warp_unresolved_pct": 0.0,
    "_n": 24,
    "_models": [
      ""
    ],
    "flicker_p50": 0.9464269876480103,
    "flicker_p95": 15.03430366516113,
    "flicker_disocc_p50": 3.730971336364746,
    "flicker_disocc_p95": 53.209491729736314,
    "swim_p50": 0.7704276442527771,
    "swim_p95": 12.52101082801818,
    "static_jitter_p50": 1.8214987516403198,
    "static_jitter_p95": 4.914506804943083,
    "flow_temporal_p50": 2.0656421184539795,
    "flow_temporal_p95": 7.293298578262329,
    "flow_depth_p50": 3.8718608617782593,
    "flow_depth_p95": 44.7380380630493,
    "q_clean": 76.8,
    "q_depth": 43.6,
    "score": 76.8
  },
  "perf_ms": {
    "depth_infer": 2.10874,
    "sbs_composite_cpu": 0.0068,
    "warp_infer": 0.13056
  },
  "meta": {
    "git_sha": "d4ba47b8",
    "git_dirty": true,
    "clip_set_sha1": {
      "aigen_cogvideox_rain": "5a3b6632212b",
      "anime_morevna_closeup": "e44f93df938a",
      "c339": "db5f34629467",
      "c525": "b3b3400d5e3b",
      "c647": "dfff8c7b9459",
      "c747": "1ff2aa060c61",
      "c841": "e1afc2353d88",
      "fast_motion": "5ac142ec4eff",
      "flat_page": "a839c5fb2d32",
      "flat_transition": "2f5bde33326b",
      "scene_cut": "c912fa5c33a7"
    },
    "mode": "profile",
    "suite": "core",
    "clips_root": "E:\\Git\\Repo\\Apollo-3D\\tools\\sbsbench\\clips",
    "extra_args": [],
    "conf": "tools\\sbsbench\\bench.conf",
    "model": "depth_anything_v2_fp16",
    "profile": "apollo",
    "warp": "apollo",
    "literal_bestv2": false,
    "depth_compensation": "none",
    "eval_schema": 13,
    "depth_step": "current-once",
    "depth_reuse_interval": 1,
    "conf_sha256": "679341c6d0d9db4d",
    "metric_sha256": "84e0167a1f5bca85",
    "gpu_contention": false,
    "timestamp": "2026-07-12T16:02:11",
    "run_name": "evalv13-contract-apollo-core",
    "name": "scene_cut",
    "description": "Hard cut spliced kitchen-vlog -> washerwoman-pond: depth-normalization swim across cuts (A1).",
    "clip_sha1": "c912fa5c33a7"
  }
}