{
  "aggregate": {
    "artifact_in_hole_pct": 27.340087034015227,
    "depth_spread": 0.8878801117340723,
    "disocc_frac": 0.04690071639994795,
    "disocc_smear": 0.0,
    "edge_acc_p50": 0.4583333333333333,
    "edge_acc_p95": 24.0,
    "flicker": 7.821047031361124,
    "flicker_disocc": 16.62804885532545,
    "flow_depth": 10.977321169593118,
    "flow_support": 0.8627634831672705,
    "flow_temporal": 3.4307189908894626,
    "hole_bad_fill_pct": 4.647619493367474,
    "hole_source_residual_p95": 23.358821245034534,
    "image_integrity_pct": 99.28991027047964,
    "negative_disparity_pct": 1.4010831021732884,
    "pop_pct_p50": 0.3521302312530848,
    "pop_px_p50": 4.006459520035098,
    "pop_px_p95": 14.156400943830208,
    "pop_spread_pct": 1.0911369420605677,
    "pop_spread_px": 12.414713651889128,
    "positive_disparity_pct": 0.0012666562977741713,
    "rim_over_p50": 0.0,
    "rim_over_p95": 3.1804662942886353,
    "source_coverage_pct": 99.50436827956989,
    "source_halo_p95": 3.6729164297382035,
    "source_residual_p50": 1.1298030751446884,
    "source_residual_p95": 9.296341319878897,
    "source_stretch_pct": 5.495495432281395,
    "source_stretch_support": 7.109465422453703,
    "static_jitter": 2.04214267839085,
    "static_support": 0.6829961519532973,
    "stretch_area": 10.278733248763986,
    "swim": 2.6404164543618327,
    "vmisalign_pct": 0.006366628998269638,
    "vmisalign_px": 0.017201670076853286,
    "warp_hole_pct": 0.7807833034647551,
    "_n": 24,
    "_models": [
      ""
    ],
    "flicker_p50": 0.9945785403251648,
    "flicker_p95": 15.032352828979487,
    "flicker_disocc_p50": 3.8284451961517334,
    "flicker_disocc_p95": 54.106679153442364,
    "swim_p50": 0.7704276442527771,
    "swim_p95": 12.685214948654167,
    "static_jitter_p50": 1.8215006589889526,
    "static_jitter_p95": 4.921267330646514,
    "flow_temporal_p50": 2.0594401359558105,
    "flow_temporal_p95": 7.2957607984542845,
    "flow_depth_p50": 3.833614706993103,
    "flow_depth_p95": 44.92354736328124,
    "q_clean": 76.8,
    "q_depth": 43.6,
    "score": 76.8
  },
  "perf_ms": {
    "depth_infer": 1.54307,
    "sbs_composite_cpu": 0.0063,
    "warp_infer": 0.131104
  },
  "meta": {
    "git_sha": "c3ecd6d9",
    "git_dirty": true,
    "clip_set_sha1": {
      "aigen_cogvideox_rain": "5a3b6632212b",
      "anime_morevna_closeup": "e44f93df938a",
      "c339": "db5f34629467",
      "c525": "b3b3400d5e3b",
      "c647": "dfff8c7b9459",
      "c747": "1ff2aa060c61",
      "c841": "e1afc2353d88",
      "fast_motion": "5ac142ec4eff",
      "flat_page": "a839c5fb2d32",
      "flat_transition": "2f5bde33326b",
      "scene_cut": "c912fa5c33a7"
    },
    "mode": "profile",
    "suite": "core",
    "clips_root": "E:\\Git\\Repo\\Apollo-3D\\tools\\sbsbench\\clips",
    "extra_args": [],
    "conf": "tools\\sbsbench\\bench.conf",
    "model": "depth_anything_v2_fp16",
    "profile": "apollo",
    "literal_bestv2": false,
    "depth_compensation": "none",
    "eval_schema": 19,
    "depth_step": "current-once",
    "depth_reuse_interval": 1,
    "conf_sha256": "679341c6d0d9db4d",
    "metric_sha256": "0e55e6ee073ec1ac",
    "gpu_contention": false,
    "timestamp": "2026-07-12T21:15:10",
    "run_name": "cuda-graph-baseline-core",
    "cuda_graph": true,
    "cuda_graph_captured": true,
    "name": "scene_cut",
    "description": "Hard cut spliced kitchen-vlog -> washerwoman-pond: depth-normalization swim across cuts (A1).",
    "clip_sha1": "c912fa5c33a7"
  }
}