{
  "aggregate": {
    "depth_spread": 0.8878196825583776,
    "disocc_frac": 0.04640692086260734,
    "disocc_smear": 0.0,
    "edge_acc_p50": 0.4166666666666667,
    "edge_acc_p95": 24.0,
    "flicker": 7.695014859023302,
    "flicker_disocc": 15.658062258492345,
    "flow_depth": 11.020712131803686,
    "flow_support": 0.8627634831672705,
    "flow_temporal": 2.9438271034847605,
    "image_integrity_pct": 98.94313377880812,
    "negative_disparity_pct": 1.146382620379294,
    "pop_pct_p50": 0.3495904744265772,
    "pop_px_p50": 2.9855026516029692,
    "pop_px_p95": 8.474103680746607,
    "pop_spread_pct": 0.8664886920663459,
    "pop_spread_px": 7.399813430246595,
    "positive_disparity_pct": 0.0,
    "rim_over_p50": 0.0,
    "rim_over_p95": 4.074066827694575,
    "source_coverage_pct": 99.13754480286738,
    "source_halo_p95": 3.5729165195176997,
    "source_residual_p50": 1.606597125530243,
    "source_residual_p95": 10.342640618483225,
    "source_stretch_pct": 6.107456746824354,
    "source_stretch_support": 7.06787109375,
    "static_jitter": 1.589277988130396,
    "static_support": 0.6829961519532973,
    "stretch_area": 10.330572632058287,
    "swim": 2.6405851627173633,
    "vmisalign_pct": 0.006542444461956619,
    "vmisalign_px": 0.019481709013537813,
    "_n": 24,
    "_models": [
      ""
    ],
    "flicker_p50": 0.8296061158180237,
    "flicker_p95": 14.93477392196655,
    "flicker_disocc_p50": 2.8447916507720947,
    "flicker_disocc_p95": 53.34535255432127,
    "swim_p50": 0.7704276442527771,
    "swim_p95": 12.52101082801818,
    "static_jitter_p50": 1.3313041925430298,
    "static_jitter_p95": 3.0292199492454523,
    "flow_temporal_p50": 1.9523916840553284,
    "flow_temporal_p95": 6.233928322792053,
    "flow_depth_p50": 3.8718608617782593,
    "flow_depth_p95": 44.7380380630493,
    "q_clean": 77.7,
    "q_depth": 34.7,
    "score": 77.7
  },
  "perf_ms": {
    "depth_infer": 2.09814,
    "sbs_composite_cpu": 0.0067,
    "warp_infer": 0.142464
  },
  "meta": {
    "git_sha": "d9543e08",
    "git_dirty": true,
    "clip_set_sha1": {
      "aigen_cogvideox_rain": "5a3b6632212b",
      "anime_morevna_closeup": "e44f93df938a",
      "c339": "db5f34629467",
      "c525": "b3b3400d5e3b",
      "c647": "dfff8c7b9459",
      "c747": "1ff2aa060c61",
      "c841": "e1afc2353d88",
      "fast_motion": "5ac142ec4eff",
      "flat_page": "a839c5fb2d32",
      "flat_transition": "2f5bde33326b",
      "scene_cut": "c912fa5c33a7"
    },
    "mode": "game",
    "suite": "core",
    "clips_root": "E:\\Git\\Repo\\Apollo-3D\\tools\\sbsbench\\clips",
    "extra_args": [],
    "conf": "tools\\sbsbench\\bench.conf",
    "model": "depth_anything_v2_fp16",
    "profile": "apollo",
    "warp": "apollo",
    "eval_schema": 8,
    "depth_step": "current-once",
    "conf_sha256": "679341c6d0d9db4d",
    "metric_sha256": "1839bd76829b6144",
    "gpu_contention": false,
    "timestamp": "2026-07-11T14:26:34",
    "run_name": "evalv8-cleanup-apollo",
    "name": "scene_cut",
    "description": "Hard cut spliced kitchen-vlog -> washerwoman-pond: depth-normalization swim across cuts (A1).",
    "clip_sha1": "c912fa5c33a7"
  }
}