{
  "aggregate": {
    "artifact_in_hole_pct": 26.661677206220094,
    "depth_spread": 0.888154111802578,
    "disocc_frac": 0.046904782233931824,
    "disocc_smear": 0.0,
    "edge_acc_p50": 0.4583333333333333,
    "edge_acc_p95": 24.0,
    "flicker": 7.820852404055388,
    "flicker_disocc": 16.655286462410636,
    "flow_depth": 10.985749791968953,
    "flow_support": 0.8627634831672705,
    "flow_temporal": 3.4328926476565274,
    "hole_bad_fill_pct": 4.375424368232603,
    "hole_source_residual_p95": 23.09091039498647,
    "image_integrity_pct": 99.27026154342913,
    "negative_disparity_pct": 1.4006762046483345,
    "pop_pct_p50": 0.34628441334479776,
    "pop_px_p50": 3.9399471029452555,
    "pop_px_p95": 14.15358256311479,
    "pop_spread_pct": 1.091182577913905,
    "pop_spread_px": 12.415232886487095,
    "positive_disparity_pct": 0.001477197301727714,
    "rim_over_p50": 0.0,
    "rim_over_p95": 3.1769737005233765,
    "source_coverage_pct": 99.50716845878136,
    "source_halo_p95": 3.5416664568086467,
    "source_residual_p50": 1.134351306905349,
    "source_residual_p95": 9.289174397786459,
    "source_stretch_pct": 5.484214437485111,
    "source_stretch_support": 7.110143590856482,
    "static_jitter": 2.03966623544693,
    "static_support": 0.6829961519532973,
    "stretch_area": 10.296114689045018,
    "swim": 2.636778342982997,
    "vmisalign_pct": 0.005836368848880132,
    "vmisalign_px": 0.018154185110082228,
    "warp_hole_pct": 0.7400640307646357,
    "_n": 24,
    "_models": [
      ""
    ],
    "flicker_p50": 0.9995728135108948,
    "flicker_p95": 15.04458208084106,
    "flicker_disocc_p50": 3.9001412391662598,
    "flicker_disocc_p95": 53.96964378356932,
    "swim_p50": 0.7704276442527771,
    "swim_p95": 12.643188810348503,
    "static_jitter_p50": 1.821496844291687,
    "static_jitter_p95": 4.917892575263976,
    "flow_temporal_p50": 2.057577610015869,
    "flow_temporal_p95": 7.322197008132934,
    "flow_depth_p50": 3.8412173986434937,
    "flow_depth_p95": 44.91433296203612,
    "q_clean": 76.9,
    "q_depth": 43.6,
    "score": 76.9
  },
  "perf_ms": {
    "depth_infer": 1.4567,
    "depth_postprocess_gpu": 0.070848,
    "depth_preprocess_gpu": 0.153568,
    "sbs_composite_cpu": 0.0051,
    "warp_infer": 0.055424
  },
  "meta": {
    "git_sha": "fd376159",
    "git_dirty": true,
    "clip_set_sha1": {
      "aigen_cogvideox_rain": "5a3b6632212b",
      "anime_morevna_closeup": "e44f93df938a",
      "c339": "db5f34629467",
      "c525": "b3b3400d5e3b",
      "c647": "dfff8c7b9459",
      "c747": "1ff2aa060c61",
      "c841": "e1afc2353d88",
      "fast_motion": "5ac142ec4eff",
      "flat_page": "a839c5fb2d32",
      "flat_transition": "2f5bde33326b",
      "scene_cut": "c912fa5c33a7"
    },
    "mode": "profile",
    "suite": "core",
    "clips_root": "E:\\Git\\Repo\\Apollo-3D\\tools\\sbsbench\\clips",
    "extra_args": [],
    "conf": "tools\\sbsbench\\bench.conf",
    "model": "depth_anything_v2_fp16",
    "profile": "apollo",
    "literal_bestv2": false,
    "depth_compensation": "none",
    "eval_schema": 19,
    "depth_step": "current-once",
    "depth_reuse_interval": 1,
    "conf_sha256": "679341c6d0d9db4d",
    "metric_sha256": "feb8f76d5485f999",
    "gpu_contention": false,
    "timestamp": "2026-07-14T11:23:52",
    "run_name": "ghost-metric-core-baseline-final",
    "cuda_graph": true,
    "cuda_graph_captured": true,
    "name": "scene_cut",
    "description": "Hard cut spliced kitchen-vlog -> washerwoman-pond: depth-normalization swim across cuts (A1).",
    "clip_sha1": "c912fa5c33a7"
  }
}