{
  "aggregate": {
    "depth_spread": 0.8891168261567751,
    "disocc_frac": 0.04639533323575332,
    "disocc_smear": 0.0,
    "edge_acc_p50": 0.4166666666666667,
    "edge_acc_p95": 24.0,
    "flicker": 7.8161919842595635,
    "flicker_disocc": 16.057121608568274,
    "flow_depth": 11.281083849343387,
    "flow_support": 0.8627634831672705,
    "flow_temporal": 3.2295888770710337,
    "image_integrity_pct": 99.09557141867073,
    "negative_disparity_pct": 1.3773003231027368,
    "pop_pct_p50": 0.3381064757899506,
    "pop_px_p50": 2.887429303246179,
    "pop_px_p95": 9.225519478291675,
    "pop_spread_pct": 0.9050775241839544,
    "pop_spread_px": 7.729362056530969,
    "positive_disparity_pct": 0.1216387671806962,
    "rim_over_p50": 0.0,
    "rim_over_p95": 3.6998460590839386,
    "source_coverage_pct": 99.02273745519713,
    "source_halo_p95": 3.3729163706302643,
    "source_residual_p50": 1.6574717424809933,
    "source_residual_p95": 10.272986749807993,
    "source_stretch_pct": 5.878825703853205,
    "source_stretch_support": 6.9882993344907405,
    "static_jitter": 2.065438500859521,
    "static_support": 0.6829961519532973,
    "stretch_area": 10.33961911267239,
    "swim": 3.04373218767021,
    "vmisalign_px": 0.031403311528265476,
    "_n": 24,
    "_models": [
      ""
    ],
    "flicker_p50": 0.9972285628318787,
    "flicker_p95": 15.112745857238766,
    "flicker_disocc_p50": 3.1220812797546387,
    "flicker_disocc_p95": 53.58814430236814,
    "swim_p50": 0.5291833281517029,
    "swim_p95": 16.19455127716063,
    "static_jitter_p50": 1.8576006293296814,
    "static_jitter_p95": 4.93936960697174,
    "flow_temporal_p50": 2.0378427505493164,
    "flow_temporal_p95": 6.564780259132386,
    "flow_depth_p50": 3.7707042694091797,
    "flow_depth_p95": 44.37040901184081,
    "q_clean": 76.6,
    "q_depth": 36.2,
    "score": 76.6
  },
  "perf_ms": {
    "depth_infer": 1.98995,
    "sbs_composite_cpu": 0.0071,
    "warp_infer": 0.142944
  },
  "meta": {
    "git_sha": "d54d0de0",
    "git_dirty": true,
    "clip_set_sha1": {
      "c339": "db5f34629467",
      "c525": "b3b3400d5e3b",
      "c647": "dfff8c7b9459",
      "c747": "1ff2aa060c61",
      "c841": "e1afc2353d88",
      "fast_motion": "5ac142ec4eff",
      "flat_page": "a839c5fb2d32",
      "scene_cut": "c912fa5c33a7"
    },
    "mode": "game",
    "extra_args": [],
    "conf": "tools\\sbsbench\\bench.conf",
    "model": "depth_anything_v2_fp16",
    "warp": "apollo",
    "shift_profile": "bestv2",
    "eval_schema": 3,
    "depth_step": "current-once",
    "conf_sha256": "d78305de3cb0d05f",
    "metric_sha256": "7eab28e4d528ecd9",
    "gpu_contention": false,
    "timestamp": "2026-07-10T22:01:44",
    "run_name": "evalv3-baseline-final",
    "name": "scene_cut",
    "description": "Hard cut spliced kitchen-vlog -> washerwoman-pond: depth-normalization swim across cuts (A1).",
    "clip_sha1": "c912fa5c33a7"
  }
}