{
  "aggregate": {
    "artifact_in_hole_pct": 20.700336323204425,
    "depth_spread": 0.9265012120207151,
    "disocc_frac": 0.046856805392922196,
    "disocc_smear": 0.0,
    "edge_acc_p50": 0.4166666666666667,
    "edge_acc_p95": 24.0,
    "flicker": 7.733473506958588,
    "flicker_disocc": 16.338600816934004,
    "flow_depth": 6.250570657578382,
    "flow_support": 0.8627634831672705,
    "flow_temporal": 3.29656565731222,
    "hole_bad_fill_pct": 3.776353273529486,
    "hole_source_residual_p95": 22.274449670314784,
    "image_integrity_pct": 99.26399380205308,
    "negative_disparity_pct": 1.4026253864358296,
    "pop_pct_p50": 0.3817352921410775,
    "pop_px_p50": 4.343299323916259,
    "pop_px_p95": 14.611950091456327,
    "pop_spread_pct": 1.1166170626067846,
    "pop_spread_px": 12.704620801214972,
    "positive_disparity_pct": 0.0003354417052929104,
    "rim_over_p50": 0.0,
    "rim_over_p95": 3.12236750125885,
    "source_coverage_pct": 99.37836021505376,
    "source_halo_p95": 3.7791646321614585,
    "source_residual_p50": 1.1898709411422412,
    "source_residual_p95": 9.69909413655599,
    "source_stretch_pct": 5.655867836732376,
    "source_stretch_support": 7.139983000578703,
    "static_jitter": 1.7338931533423336,
    "static_support": 0.6829961519532973,
    "stretch_area": 10.270296643247462,
    "swim": 1.822619731011598,
    "vmisalign_pct": 0.005179226670103769,
    "vmisalign_px": 0.01425859151640907,
    "warp_hole_pct": 0.744847670250896,
    "_n": 24,
    "_models": [
      ""
    ],
    "flicker_p50": 0.9077935814857483,
    "flicker_p95": 14.978748798370358,
    "flicker_disocc_p50": 3.6477184295654297,
    "flicker_disocc_p95": 53.80088539123533,
    "swim_p50": 0.7276267409324646,
    "swim_p95": 7.2996108055114695,
    "static_jitter_p50": 1.2513070702552795,
    "static_jitter_p95": 3.787880825996398,
    "flow_temporal_p50": 1.9338971376419067,
    "flow_temporal_p95": 7.388685512542724,
    "flow_depth_p50": 2.6992039680480957,
    "flow_depth_p95": 22.723963594436636,
    "q_clean": 77.0,
    "q_depth": 44.7,
    "score": 77.0
  },
  "perf_ms": {
    "depth_infer": 1.45888,
    "depth_postprocess_gpu": 0.084128,
    "depth_preprocess_gpu": 0.158464,
    "sbs_composite_cpu": 0.0052,
    "warp_infer": 0.055104
  },
  "meta": {
    "git_sha": "e15f08f1",
    "git_dirty": true,
    "clip_set_sha1": {
      "aigen_cogvideox_rain": "5a3b6632212b",
      "anime_morevna_closeup": "e44f93df938a",
      "c339": "db5f34629467",
      "c525": "b3b3400d5e3b",
      "c647": "dfff8c7b9459",
      "c747": "1ff2aa060c61",
      "c841": "e1afc2353d88",
      "fast_motion": "5ac142ec4eff",
      "flat_page": "a839c5fb2d32",
      "flat_transition": "2f5bde33326b",
      "scene_cut": "c912fa5c33a7"
    },
    "mode": "profile",
    "suite": "core",
    "clips_root": "E:\\Git\\Repo\\Apollo-3D\\tools\\sbsbench\\clips",
    "extra_args": [],
    "conf": "tools\\sbsbench\\bench.conf",
    "model": "depth_anything_v2_fp16",
    "profile": "apollo",
    "adaptive_pop": true,
    "adaptive_pop_max": 1.3,
    "zero_plane": "legacy",
    "literal_bestv2": false,
    "depth_compensation": "none",
    "eval_schema": 26,
    "depth_step": "current-once",
    "depth_reuse_interval": 1,
    "conf_sha256": "679341c6d0d9db4d",
    "metric_sha256": "bb8f6540c80451a4",
    "executable_sha256": "486322e71404be5f24c8875968b343f18ebb2856304aab6198a02d15b8db4f5b",
    "runtime_shader_sha256": "0d7165f0f96f77ed197bcb0ac5641fcba1d044df1268ea5ed8be90e65e1365ca",
    "engine_name": "depth_anything_v2_fp16.trt-opt770x434-level5-v2.trt11_1_0-sm120-gpuec0860237209d3fe-onnx2df6223f206b5164e21f664ace61dabeb9bb6a49b8b5a3e00510b4807d0f5b04.engine",
    "engine_sha256": "e54fe5b921df85b65cba29be6ef7e4cbb0c51b90b0f850947eba22521a290f28",
    "onnx_sha256": "2df6223f206b5164e21f664ace61dabeb9bb6a49b8b5a3e00510b4807d0f5b04",
    "gpu_contention": false,
    "run_kind": "baseline-update",
    "timestamp": "2026-07-17T18:50:21",
    "run_name": "review-fix26-baseline-core",
    "cuda_graph": true,
    "cuda_graph_captured": true,
    "source_frame_count": 24,
    "name": "scene_cut",
    "description": "Hard cut spliced kitchen-vlog -> washerwoman-pond: depth-normalization swim across cuts (A1).",
    "clip_sha1": "c912fa5c33a7"
  }
}