{
  "aggregate": {
    "artifact_in_hole_pct": 58.0282044797519,
    "depth_gt_edge_f1": 22.60287633786838,
    "depth_gt_lag_f1": 0.10960846908835518,
    "depth_gt_si_rmse": 11.53367304801941,
    "depth_spread": 0.7491033722956976,
    "disocc_frac": 0.04275485568576389,
    "disocc_smear": 0.0,
    "edge_acc_p50": 0.3958333333333333,
    "edge_acc_p95": 20.737500031789143,
    "flicker": 22.91063234080439,
    "flicker_disocc": 55.5876756751019,
    "flow_depth": 21.949188232421875,
    "flow_support": 0.5445459338201992,
    "flow_temporal": 9.701635425741022,
    "hole_bad_fill_pct": 3.298787741361533,
    "hole_source_residual_p95": 21.173442045847573,
    "image_integrity_pct": 98.57063767678292,
    "negative_disparity_pct": 1.3356116629438475,
    "pop_pct_p50": 0.6378805394650686,
    "pop_px_p50": 7.257663026802558,
    "pop_px_p95": 13.500054029937502,
    "pop_spread_pct": 1.2053455210143456,
    "pop_spread_px": 13.714153483540997,
    "positive_disparity_pct": 0.12971001846896338,
    "rim_over_p50": 0.0,
    "rim_over_p95": 2.835307920972506,
    "source_coverage_pct": 99.64927755376344,
    "source_halo_p95": 1.9166665400067966,
    "source_residual_p50": 0.45359038189053535,
    "source_residual_p95": 6.314817051092784,
    "source_stretch_pct": 4.373400701489743,
    "source_stretch_support": 4.290432400173612,
    "static_jitter": 2.520348310470581,
    "static_support": 0.04426814424818841,
    "stretch_area": 2.2359212239583335,
    "swim": 6.812299650648366,
    "vmisalign_pct": 0.0059072595710555715,
    "vmisalign_px": 0.013184682000428438,
    "warp_hole_pct": 1.6679442484318996,
    "warp_unresolved_pct": 0.0,
    "_n": 24,
    "_models": [
      ""
    ],
    "flicker_p50": 21.076169967651367,
    "flicker_p95": 32.54115695953369,
    "flicker_disocc_p50": 51.688594818115234,
    "flicker_disocc_p95": 77.31563568115234,
    "swim_p50": 6.046691417694092,
    "swim_p95": 12.064200782775876,
    "static_jitter_p50": 2.502606511116028,
    "static_jitter_p95": 2.5673622727394103,
    "flow_temporal_p50": 9.38084077835083,
    "flow_temporal_p95": 13.15589370727539,
    "flow_depth_p50": 19.39475917816162,
    "flow_depth_p95": 41.82639102935791,
    "depth_gt_lag_f1_p50": 0.0,
    "depth_gt_lag_f1_p95": 0.0,
    "q_clean": 78.1,
    "q_depth": 48.2,
    "score": 78.1
  },
  "perf_ms": {
    "depth_infer": 1.89942,
    "sbs_composite_cpu": 0.0066,
    "warp_infer": 0.131424
  },
  "meta": {
    "git_sha": "1e25968c",
    "git_dirty": true,
    "clip_set_sha1": {
      "bonn_person_close": "9833f080aed3",
      "bonn_person_walk": "d50a574dc05a",
      "sintel_ambush": "eb33a2b52c5f",
      "sintel_market": "eaa7b4a85487",
      "tartanair_house_easy": "28eb837aa364",
      "tartanair_house_motion": "d01e8c02d4c8",
      "vkitti_drive_clone": "87ece81615b1",
      "vkitti_drive_rain": "ab987283ebd2"
    },
    "mode": "profile",
    "suite": "extended-v2",
    "clips_root": "E:\\ApolloDev\\sbs_bench\\datasets\\prepared\\extended-v2",
    "extra_args": [],
    "conf": "tools\\sbsbench\\bench.conf",
    "model": "depth_anything_v2_fp16",
    "profile": "apollo",
    "warp": "apollo",
    "literal_bestv2": false,
    "depth_compensation": "none",
    "eval_schema": 16,
    "depth_step": "current-once",
    "depth_reuse_interval": 1,
    "conf_sha256": "679341c6d0d9db4d",
    "metric_sha256": "29b003a5cf912acb",
    "gpu_contention": false,
    "timestamp": "2026-07-12T18:19:50",
    "run_name": "evalv16-emaedge-defaultoff-extended",
    "name": "bonn-person-walk",
    "description": "Real registered RGB-D person tracking with body motion and self-occlusion.",
    "dataset": "Bonn RGB-D Dynamic Dataset",
    "homepage": "https://www.ipb.uni-bonn.de/data/rgbd-dynamic-dataset/",
    "citation": "Palazzolo et al., ReFusion, IROS 2019",
    "license_note": "Official page requests citation; prepared media remains external to Git.",
    "gt_depth_kind": "metric",
    "clip_sha1": "d50a574dc05a"
  }
}