{
  "aggregate": {
    "artifact_in_hole_pct": 61.925264794304695,
    "depth_gt_edge_f1": 22.733735844893364,
    "depth_gt_ghost_edge_pct": 18.929053525286253,
    "depth_gt_lag_f1": 0.06724372229115917,
    "depth_gt_si_rmse": 11.458956797917685,
    "depth_spread": 0.7503762245178223,
    "disocc_frac": 0.04256293402777778,
    "disocc_smear": 0.0,
    "edge_acc_p50": 0.375,
    "edge_acc_p95": 20.577083349227905,
    "flicker": 22.90787995379904,
    "flicker_disocc": 55.57465379134469,
    "flow_depth": 21.834538026289508,
    "flow_support": 0.5445459338201992,
    "flow_temporal": 9.675535332072865,
    "hole_bad_fill_pct": 3.388430408386151,
    "hole_source_residual_p95": 21.508108492692305,
    "image_integrity_pct": 98.5912658482592,
    "negative_disparity_pct": 1.2669713437207974,
    "pop_pct_p50": 0.6355750866231814,
    "pop_px_p50": 7.23143209669042,
    "pop_px_p95": 13.520534037735587,
    "pop_spread_pct": 1.1880509631840568,
    "pop_spread_px": 13.517379847783047,
    "positive_disparity_pct": 0.14387090795870017,
    "rim_over_p50": 0.0,
    "rim_over_p95": 2.9104797492424646,
    "source_coverage_pct": 99.61147513440861,
    "source_halo_p95": 1.9166665474573772,
    "source_residual_p50": 0.45368101075291634,
    "source_residual_p95": 6.407401025295258,
    "source_stretch_pct": 4.327824310648565,
    "source_stretch_support": 4.13360595703125,
    "static_jitter": 2.5203521251678467,
    "static_support": 0.04426814424818841,
    "stretch_area": 2.164442274305556,
    "swim": 6.798680144807567,
    "vmisalign_pct": 0.005501501921874782,
    "vmisalign_px": 0.013736482942476869,
    "warp_hole_pct": 1.7253479222670254,
    "_n": 24,
    "_models": [
      ""
    ],
    "flicker_p50": 21.070009231567383,
    "flicker_p95": 32.53458633422851,
    "flicker_disocc_p50": 51.405399322509766,
    "flicker_disocc_p95": 77.66496047973632,
    "swim_p50": 6.035018444061279,
    "swim_p95": 12.048641014099118,
    "static_jitter_p50": 2.502606511116028,
    "static_jitter_p95": 2.5673752427101135,
    "flow_temporal_p50": 9.33782148361206,
    "flow_temporal_p95": 13.1322386264801,
    "flow_depth_p50": 19.267781257629395,
    "flow_depth_p95": 42.24062004089355,
    "depth_gt_lag_f1_p50": 0.0,
    "depth_gt_lag_f1_p95": 0.0,
    "depth_gt_ghost_edge_pct_p50": 18.974820143884894,
    "depth_gt_ghost_edge_pct_p95": 26.918169614689152,
    "q_clean": 78.1,
    "q_depth": 47.5,
    "score": 78.1
  },
  "perf_ms": {
    "depth_infer": 1.27859,
    "depth_postprocess_gpu": 0.066656,
    "depth_preprocess_gpu": 0.127904,
    "sbs_composite_cpu": 0.0051,
    "warp_infer": 0.05456
  },
  "meta": {
    "git_sha": "fd376159",
    "git_dirty": true,
    "clip_set_sha1": {
      "bonn_person_close": "9833f080aed3",
      "bonn_person_walk": "d50a574dc05a",
      "sintel_ambush": "eb33a2b52c5f",
      "sintel_market": "eaa7b4a85487",
      "tartanair_house_easy": "28eb837aa364",
      "tartanair_house_motion": "d01e8c02d4c8",
      "vkitti_drive_clone": "87ece81615b1",
      "vkitti_drive_rain": "ab987283ebd2"
    },
    "mode": "profile",
    "suite": "extended-v2",
    "clips_root": "E:\\ApolloDev\\sbs_bench\\datasets\\prepared\\extended-v2",
    "extra_args": [],
    "conf": "tools\\sbsbench\\bench.conf",
    "model": "depth_anything_v2_fp16",
    "profile": "apollo",
    "literal_bestv2": false,
    "depth_compensation": "none",
    "eval_schema": 19,
    "depth_step": "current-once",
    "depth_reuse_interval": 1,
    "conf_sha256": "679341c6d0d9db4d",
    "metric_sha256": "feb8f76d5485f999",
    "gpu_contention": false,
    "timestamp": "2026-07-14T11:25:35",
    "run_name": "ghost-metric-extended-baseline-final",
    "cuda_graph": true,
    "cuda_graph_captured": true,
    "name": "bonn-person-walk",
    "description": "Real registered RGB-D person tracking with body motion and self-occlusion.",
    "dataset": "Bonn RGB-D Dynamic Dataset",
    "homepage": "https://www.ipb.uni-bonn.de/data/rgbd-dynamic-dataset/",
    "citation": "Palazzolo et al., ReFusion, IROS 2019",
    "license_note": "Official page requests citation; prepared media remains external to Git.",
    "gt_depth_kind": "metric",
    "clip_sha1": "d50a574dc05a"
  }
}