{
  "aggregate": {
    "artifact_in_hole_pct": 62.47206922863243,
    "depth_gt_edge_f1": 22.75181865058167,
    "depth_gt_ghost_edge_pct": 18.818515497125496,
    "depth_gt_lag_f1": 0.06427727157888077,
    "depth_gt_si_rmse": 11.459835886955261,
    "depth_spread": 0.7505820617079735,
    "disocc_frac": 0.04256144205729167,
    "disocc_smear": 0.0,
    "edge_acc_p50": 0.375,
    "edge_acc_p95": 20.577083349227905,
    "exact_pop_spread_pct": 1.3388695235619252,
    "flicker": 22.907776127690855,
    "flicker_disocc": 55.570651676343836,
    "flow_depth": 21.84584483233365,
    "flow_support": 0.5445459338201992,
    "flow_temporal": 9.700981226834385,
    "hole_bad_fill_pct": 3.465804416701511,
    "hole_source_residual_p95": 21.56324847539266,
    "image_integrity_pct": 98.63365937279418,
    "image_negative_disparity_pct": 1.2319604519156573,
    "image_positive_disparity_pct": 0.014405849061166084,
    "negative_disparity_pct": 1.3593025621958077,
    "pop_pct_p50": 0.4893082605953294,
    "pop_px_p50": 5.567240653884636,
    "pop_px_p95": 13.68320838231039,
    "pop_spread_pct": 1.203602634668208,
    "pop_spread_px": 13.694323310002723,
    "positive_disparity_pct": 0.12233851302880794,
    "rim_over_p50": 0.0,
    "rim_over_p95": 2.9020137786865234,
    "source_coverage_pct": 99.63037634408603,
    "source_halo_p95": 1.8749998832742374,
    "source_residual_p50": 0.45349904522299767,
    "source_residual_p95": 6.316055158774058,
    "source_stretch_pct": 4.333737177094413,
    "source_stretch_support": 4.126993815104167,
    "static_jitter": 2.520349621772766,
    "static_support": 0.04426814424818841,
    "stretch_area": 2.160373263888889,
    "swim": 6.801216586776402,
    "vmisalign_pct": 0.004844255551385383,
    "vmisalign_px": 0.012891864384679744,
    "warp_hole_pct": 1.7194850470430108,
    "_n": 24,
    "_models": [
      ""
    ],
    "flicker_p50": 21.0721435546875,
    "flicker_p95": 32.53416881561279,
    "flicker_disocc_p50": 51.299224853515625,
    "flicker_disocc_p95": 77.7805778503418,
    "swim_p50": 6.035018444061279,
    "swim_p95": 12.053698539733883,
    "static_jitter_p50": 2.502602696418762,
    "static_jitter_p95": 2.5673720717430113,
    "flow_temporal_p50": 9.35625171661377,
    "flow_temporal_p95": 13.1532977104187,
    "flow_depth_p50": 19.278647422790527,
    "flow_depth_p95": 42.19720630645752,
    "depth_gt_lag_f1_p50": 0.0,
    "depth_gt_lag_f1_p95": 0.0,
    "depth_gt_ghost_edge_pct_p50": 18.974820143884894,
    "depth_gt_ghost_edge_pct_p95": 26.72517542039492,
    "q_clean": 78.2,
    "q_depth": 53.6,
    "score": 78.2
  },
  "perf_ms": {
    "depth_infer": 1.32186,
    "depth_postprocess_gpu": 0.068192,
    "depth_preprocess_gpu": 0.117376,
    "sbs_composite_cpu": 3.9024,
    "warp_infer": 3.69539
  },
  "meta": {
    "git_sha": "e15f08f1",
    "git_dirty": true,
    "run_kind": "baseline_gate",
    "baseline_identities": {},
    "clip_set_sha1": {
      "bonn_person_close": "3dbbc6790aa2",
      "bonn_person_walk": "29cacb5ce074",
      "sintel_ambush": "bb5125caa90f",
      "sintel_market": "064b8ba8f8b3",
      "spring_character_close": "079ea7bbb6e4",
      "spring_daylight_path": "d127cf6db91a",
      "spring_forest_seeds": "990d0ca3dff9",
      "spring_skeleton_cave": "aba9df0a540e",
      "tartanair_house_easy": "3dcc51c9c695",
      "tartanair_house_motion": "5a55318f726a",
      "vkitti_drive_clone": "f5357826fe51",
      "vkitti_drive_rain": "ea09d6efe71f"
    },
    "mode": "profile",
    "suite": "extended-v3",
    "clips_root": "E:\\ApolloDev\\sbs_bench\\datasets\\prepared\\extended-v3",
    "extra_args": [],
    "conf": "tools\\sbsbench\\bench.conf",
    "model": "depth_anything_v2_fp16",
    "profile": "apollo",
    "adaptive_pop": true,
    "adaptive_pop_max": 1.3,
    "pop_strength": 1.25,
    "ema": 0.5,
    "ema_edge_change": 0.05,
    "ema_edge_gradient": 0.02,
    "ema_edge_strength": 0.25,
    "minmax_ema": 0.18,
    "subject_lock": 0.5,
    "subject_recenter": 0.35,
    "subject_stretch": true,
    "depth_short_side": 432,
    "depth_max_aspect": 4,
    "zero_plane": "legacy",
    "cuda_graph": true,
    "artistic_style": "immersive",
    "artistic_policy": true,
    "artistic_policy_consumed": false,
    "artistic_policy_authorization": "none",
    "model_onnx_sha256": "",
    "policy_metadata_sha256": "",
    "deployment_geometry_allowlist_sha256": "",
    "artistic_scale_override": 0,
    "output_interval": 1,
    "output_gt_right_only": false,
    "literal_bestv2": false,
    "depth_compensation": "none",
    "eval_schema": 29,
    "depth_step": "current-once",
    "depth_reuse_interval": 1,
    "conf_sha256": "679341c6d0d9db4d",
    "metric_sha256": "88028fadef928b53",
    "policy_warp_source_sha256": "86889c3f389a4c54ebcf0262f479ec71aadd81c42847a50bb39bf2fcce2fd132",
    "gpu_contention": false,
    "timestamp": "2026-07-15T13:11:32",
    "run_name": "eval29-required-evidence-extended-baseline",
    "depth_override_frames": 0,
    "harness_schema": 24,
    "source_width": 640,
    "source_height": 480,
    "model_input_width": 574,
    "model_input_height": 434,
    "eye_width": 640,
    "eye_height": 480,
    "color_mode": "sdr-srgb-8bit",
    "content_scale_x": 1,
    "content_scale_y": 1,
    "disparity_raster_width": 640,
    "disparity_raster_height": 480,
    "artifact_mode": "full",
    "warp_disparity": "exact_clamped_full_binocular_normalized_at_output_eye_raster_zero_bars",
    "warp_unclamped_disparity": "unclamped_full_binocular_normalized_at_artistic_scale_1_output_eye_raster_zero_bars",
    "artistic_disparity_contract": "clamp(raw_baseline_times_scale_to_plus_or_minus_0.142_times_aspect_scale_times_content_scale_x)",
    "artistic_full_clamp_abs": 0.252444446,
    "warp_mask": {
      "red": "forward_disocclusion_before_fill"
    },
    "cuda_graph_captured": true,
    "name": "bonn-person-walk",
    "description": "Real registered RGB-D person tracking with body motion and self-occlusion.",
    "dataset": "Bonn RGB-D Dynamic Dataset",
    "homepage": "https://www.ipb.uni-bonn.de/data/rgbd-dynamic-dataset/",
    "citation": "Palazzolo et al., ReFusion, IROS 2019",
    "license_note": "Official page requests citation; prepared media remains external to Git.",
    "required_gt_depth": true,
    "required_gt_flow": false,
    "gt_depth_kind": "metric",
    "clip_sha1": "29cacb5ce074"
  }
}