{
  "aggregate": {
    "depth_gt_edge_f1": 32.63605578437634,
    "depth_gt_si_rmse": 9.6096853017807,
    "depth_spread": 0.7631235520044962,
    "disocc_frac": 0.04918755425347222,
    "disocc_smear": 0.0,
    "edge_acc_p50": 2.875,
    "edge_acc_p95": 24.0,
    "flicker": 20.75535189587137,
    "flicker_disocc": 40.19461872266687,
    "flow_depth": 14.766980710236922,
    "flow_support": 0.7764759893002716,
    "flow_temporal": 8.7590245163959,
    "image_integrity_pct": 99.1838351822504,
    "negative_disparity_pct": 1.4229524586698972,
    "pop_pct_p50": 0.7932244519414476,
    "pop_px_p50": 9.02513154208936,
    "pop_px_p95": 15.733455233776922,
    "pop_spread_pct": 1.311865137022673,
    "pop_spread_px": 14.92611000345797,
    "positive_disparity_pct": 0.0040552266745983515,
    "rim_over_p50": 0.0,
    "rim_over_p95": 3.7114073832829795,
    "source_coverage_pct": 99.82568884408603,
    "source_halo_p95": 2.5833336239059768,
    "source_residual_p50": 0.6756658827265104,
    "source_residual_p95": 7.459476927916209,
    "source_stretch_pct": 5.037539406347871,
    "source_stretch_support": 6.6407945421006955,
    "static_support": 0.044013530344202904,
    "stretch_area": 2.4552408854166665,
    "swim": 6.020637926848038,
    "vmisalign_pct": 0.00419769649549077,
    "vmisalign_px": 0.012468096868057424,
    "_n": 24,
    "_models": [
      ""
    ],
    "flicker_p50": 21.722105026245117,
    "flicker_p95": 25.32296199798584,
    "flicker_disocc_p50": 40.54039001464844,
    "flicker_disocc_p95": 47.09093475341797,
    "swim_p50": 3.3462979793548584,
    "swim_p95": 16.078980922698968,
    "flow_temporal_p50": 8.406881332397461,
    "flow_temporal_p95": 9.990378093719482,
    "flow_depth_p50": 10.611498832702637,
    "flow_depth_p95": 26.452241706848135,
    "q_clean": 80.6,
    "q_depth": 52.5,
    "score": 80.6
  },
  "perf_ms": {
    "depth_infer": 1.85782,
    "sbs_composite_cpu": 0.0063,
    "warp_infer": 0.015552
  },
  "meta": {
    "git_sha": "04c4e9a4",
    "git_dirty": true,
    "clip_set_sha1": {
      "bonn_person_close": "9833f080aed3",
      "bonn_person_walk": "d50a574dc05a",
      "sintel_ambush": "eb33a2b52c5f",
      "sintel_market": "eaa7b4a85487",
      "tartanair_house_easy": "28eb837aa364",
      "tartanair_house_motion": "d01e8c02d4c8",
      "vkitti_drive_clone": "87ece81615b1",
      "vkitti_drive_rain": "ab987283ebd2"
    },
    "mode": "profile",
    "suite": "extended-v2",
    "clips_root": "E:\\ApolloDev\\sbs_bench\\datasets\\prepared\\extended-v2",
    "extra_args": [],
    "conf": "tools\\sbsbench\\bench.conf",
    "model": "depth_anything_v2_fp16",
    "profile": "vd3d",
    "warp": "vd3d",
    "literal_bestv2": false,
    "eval_schema": 9,
    "depth_step": "current-once",
    "conf_sha256": "4469d2029d2cb95b",
    "metric_sha256": "6fff1afa14e6eabf",
    "gpu_contention": false,
    "timestamp": "2026-07-12T00:41:39",
    "run_name": "aspect-geometry-extended",
    "name": "bonn-person-close",
    "description": "Real RGB-D close pass beside robots, emphasizing silhouette and object occlusion.",
    "dataset": "Bonn RGB-D Dynamic Dataset",
    "homepage": "https://www.ipb.uni-bonn.de/data/rgbd-dynamic-dataset/",
    "citation": "Palazzolo et al., ReFusion, IROS 2019",
    "license_note": "Official page requests citation; prepared media remains external to Git.",
    "gt_depth_kind": "metric",
    "clip_sha1": "9833f080aed3"
  }
}