{
  "aggregate": {
    "artifact_in_hole_pct": 37.78663267516021,
    "depth_gt_edge_f1": 34.239204145443026,
    "depth_gt_ghost_edge_pct": 14.879348673703342,
    "depth_gt_lag_f1": 0.0,
    "depth_gt_si_rmse": 9.594222565491995,
    "depth_spread": 0.7649981826543808,
    "disocc_frac": 0.049512939453124995,
    "disocc_smear": 0.0,
    "edge_acc_p50": 2.5833333333333335,
    "edge_acc_p95": 24.0,
    "flicker": 20.725230258444082,
    "flicker_disocc": 40.98049727730129,
    "flow_depth": 14.864395100137461,
    "flow_support": 0.7764759893002716,
    "flow_temporal": 8.737585005552873,
    "hole_bad_fill_pct": 0.5440590663111173,
    "hole_source_residual_p95": 14.9104153851668,
    "image_integrity_pct": 99.13257965056526,
    "negative_disparity_pct": 1.4555959639255889,
    "pop_pct_p50": 0.7966779662021448,
    "pop_px_p50": 9.064424859899958,
    "pop_px_p95": 15.708319242673122,
    "pop_spread_pct": 1.2883688537756104,
    "pop_spread_px": 14.65877451406917,
    "positive_disparity_pct": 0.004437184237822695,
    "rim_over_p50": 0.0,
    "rim_over_p95": 3.2847811530033746,
    "source_coverage_pct": 99.82778897849462,
    "source_halo_p95": 2.5604169021050134,
    "source_residual_p50": 0.666496622065703,
    "source_residual_p95": 7.513822694619496,
    "source_stretch_pct": 5.332388409582344,
    "source_stretch_support": 6.531016031901042,
    "static_support": 0.044013530344202904,
    "stretch_area": 2.5214301215277777,
    "swim": 6.018270093461742,
    "vmisalign_pct": 0.004235615100090702,
    "vmisalign_px": 0.011755959344251702,
    "warp_hole_pct": 1.9140099966397848,
    "_n": 24,
    "_models": [
      ""
    ],
    "flicker_p50": 21.746339797973633,
    "flicker_p95": 25.2487850189209,
    "flicker_disocc_p50": 40.73140335083008,
    "flicker_disocc_p95": 48.053399658203126,
    "swim_p50": 3.3268473148345947,
    "swim_p95": 16.063819599151607,
    "flow_temporal_p50": 8.381878852844238,
    "flow_temporal_p95": 9.968544006347656,
    "flow_depth_p50": 10.81623363494873,
    "flow_depth_p95": 26.571020317077625,
    "depth_gt_lag_f1_p50": 0.0,
    "depth_gt_lag_f1_p95": 0.0,
    "depth_gt_ghost_edge_pct_p50": 13.73152709359606,
    "depth_gt_ghost_edge_pct_p95": 21.436679907947685,
    "q_clean": 80.3,
    "q_depth": 51.5,
    "score": 80.3
  },
  "perf_ms": {
    "depth_infer": 1.27696,
    "depth_postprocess_gpu": 0.064608,
    "depth_preprocess_gpu": 0.145728,
    "sbs_composite_cpu": 0.005,
    "warp_infer": 0.054496
  },
  "meta": {
    "git_sha": "54fbc592",
    "git_dirty": true,
    "clip_set_sha1": {
      "bonn_person_close": "9833f080aed3",
      "bonn_person_walk": "d50a574dc05a",
      "sintel_ambush": "bb5125caa90f",
      "sintel_market": "064b8ba8f8b3",
      "tartanair_house_easy": "28eb837aa364",
      "tartanair_house_motion": "d01e8c02d4c8",
      "vkitti_drive_clone": "87ece81615b1",
      "vkitti_drive_rain": "ab987283ebd2"
    },
    "mode": "profile",
    "suite": "extended-v2",
    "clips_root": "E:\\ApolloDev\\sbs_bench\\datasets\\prepared\\extended-v2",
    "extra_args": [],
    "conf": "tools\\sbsbench\\bench.conf",
    "model": "depth_anything_v2_fp16",
    "profile": "apollo",
    "literal_bestv2": false,
    "depth_compensation": "none",
    "eval_schema": 19,
    "depth_step": "current-once",
    "depth_reuse_interval": 1,
    "conf_sha256": "679341c6d0d9db4d",
    "metric_sha256": "4611fd0af2195166",
    "gpu_contention": false,
    "timestamp": "2026-07-14T12:22:00",
    "run_name": "gt-stereo-baseline-extended-2",
    "cuda_graph": true,
    "cuda_graph_captured": true,
    "name": "bonn-person-close",
    "description": "Real RGB-D close pass beside robots, emphasizing silhouette and object occlusion.",
    "dataset": "Bonn RGB-D Dynamic Dataset",
    "homepage": "https://www.ipb.uni-bonn.de/data/rgbd-dynamic-dataset/",
    "citation": "Palazzolo et al., ReFusion, IROS 2019",
    "license_note": "Official page requests citation; prepared media remains external to Git.",
    "gt_depth_kind": "metric",
    "clip_sha1": "9833f080aed3"
  }
}