{
  "aggregate": {
    "depth_gt_edge_f1": 22.60287633786838,
    "depth_gt_si_rmse": 11.53367304801941,
    "depth_spread": 0.7491033722956976,
    "disocc_frac": 0.04275485568576389,
    "disocc_smear": 0.0,
    "edge_acc_p50": 0.3958333333333333,
    "edge_acc_p95": 20.737500031789143,
    "flicker": 22.877357317053754,
    "flicker_disocc": 56.1188089121943,
    "flow_depth": 21.949188232421875,
    "flow_support": 0.5445459338201992,
    "flow_temporal": 9.715420029380105,
    "image_integrity_pct": 98.49797804737146,
    "negative_disparity_pct": 1.3903590929112397,
    "pop_pct_p50": 0.808021158989087,
    "pop_px_p50": 9.19348518672028,
    "pop_px_p95": 13.712633019573792,
    "pop_spread_pct": 1.194467293872635,
    "pop_spread_px": 13.590383432506423,
    "positive_disparity_pct": 0.14754334060149998,
    "rim_over_p50": 0.0,
    "rim_over_p95": 4.222040434678395,
    "source_coverage_pct": 99.54217069892472,
    "source_halo_p95": 1.6541666835546494,
    "source_residual_p50": 0.4168950455884139,
    "source_residual_p95": 6.255630175272624,
    "source_stretch_pct": 4.140600987300815,
    "source_stretch_support": 4.343499077690972,
    "static_jitter": 2.572499990463257,
    "static_support": 0.04426814424818841,
    "stretch_area": 2.126329210069444,
    "swim": 6.812299650648366,
    "vmisalign_pct": 0.004387769343641897,
    "vmisalign_px": 0.010810153452136243,
    "_n": 24,
    "_models": [
      ""
    ],
    "flicker_p50": 21.062297821044922,
    "flicker_p95": 32.47955245971679,
    "flicker_disocc_p50": 53.56362533569336,
    "flicker_disocc_p95": 77.72888641357422,
    "swim_p50": 6.046691417694092,
    "swim_p95": 12.064200782775876,
    "static_jitter_p50": 2.570805311203003,
    "static_jitter_p95": 2.6355698466300965,
    "flow_temporal_p50": 9.399230003356934,
    "flow_temporal_p95": 13.124716901779173,
    "flow_depth_p50": 19.39475917816162,
    "flow_depth_p95": 41.82639102935791,
    "q_clean": 78.6,
    "q_depth": 47.8,
    "score": 78.6
  },
  "perf_ms": {
    "depth_infer": 1.90054,
    "sbs_composite_cpu": 0.0063,
    "warp_infer": 0.01568
  },
  "meta": {
    "git_sha": "04c4e9a4",
    "git_dirty": true,
    "clip_set_sha1": {
      "bonn_person_close": "9833f080aed3",
      "bonn_person_walk": "d50a574dc05a",
      "sintel_ambush": "eb33a2b52c5f",
      "sintel_market": "eaa7b4a85487",
      "tartanair_house_easy": "28eb837aa364",
      "tartanair_house_motion": "d01e8c02d4c8",
      "vkitti_drive_clone": "87ece81615b1",
      "vkitti_drive_rain": "ab987283ebd2"
    },
    "mode": "profile",
    "suite": "extended-v2",
    "clips_root": "E:\\ApolloDev\\sbs_bench\\datasets\\prepared\\extended-v2",
    "extra_args": [],
    "conf": "tools\\sbsbench\\bench.conf",
    "model": "depth_anything_v2_fp16",
    "profile": "vd3d",
    "warp": "vd3d",
    "literal_bestv2": false,
    "eval_schema": 9,
    "depth_step": "current-once",
    "conf_sha256": "4469d2029d2cb95b",
    "metric_sha256": "6fff1afa14e6eabf",
    "gpu_contention": false,
    "timestamp": "2026-07-12T00:41:39",
    "run_name": "aspect-geometry-extended",
    "name": "bonn-person-walk",
    "description": "Real registered RGB-D person tracking with body motion and self-occlusion.",
    "dataset": "Bonn RGB-D Dynamic Dataset",
    "homepage": "https://www.ipb.uni-bonn.de/data/rgbd-dynamic-dataset/",
    "citation": "Palazzolo et al., ReFusion, IROS 2019",
    "license_note": "Official page requests citation; prepared media remains external to Git.",
    "gt_depth_kind": "metric",
    "clip_sha1": "d50a574dc05a"
  }
}