{
  "aggregate": {
    "artifact_in_hole_pct": 60.72670478218172,
    "depth_gt_edge_f1": 22.49018968028707,
    "depth_gt_ghost_edge_pct": 28.776425370078478,
    "depth_gt_lag_f1": 0.07447673928503894,
    "depth_gt_affine_nrmse_pct": 11.542044123013815,
    "depth_spread": 0.7832921668887138,
    "disocc_frac": 0.04247911241319444,
    "disocc_smear": 0.0,
    "edge_acc_p50": 0.375,
    "edge_acc_p95": 20.154164632161457,
    "flicker": 22.90931958737581,
    "flicker_disocc": 55.6688232421875,
    "flow_depth": 19.445424990220502,
    "flow_support": 0.5445459338201992,
    "flow_temporal": 9.84040734984658,
    "hole_bad_fill_pct": 3.3486167690686184,
    "hole_source_residual_p95": 21.543266359965003,
    "image_integrity_pct": 98.49544608262467,
    "negative_disparity_pct": 1.3494015071773902,
    "pop_pct_p50": 0.5934636749808793,
    "pop_px_p50": 6.752297813115781,
    "pop_px_p95": 13.802004298367905,
    "pop_spread_pct": 1.2014430985438282,
    "pop_spread_px": 13.669752587876445,
    "positive_disparity_pct": 0.021541212378588005,
    "rim_over_p50": 0.0,
    "rim_over_p95": 2.9669159948825836,
    "source_coverage_pct": 99.6051747311828,
    "source_halo_p95": 1.8749998832742374,
    "source_residual_p50": 0.4351230909427007,
    "source_residual_p95": 6.203802764415741,
    "source_stretch_pct": 4.197178913784403,
    "source_stretch_support": 4.198116726345486,
    "static_jitter": 2.5495834946632385,
    "static_support": 0.04426814424818841,
    "stretch_area": 2.149658203125,
    "swim": 5.359414157660111,
    "vmisalign_pct": 0.004670481236341099,
    "vmisalign_px": 0.011825095231567198,
    "warp_hole_pct": 1.683520245295699,
    "_n": 24,
    "_models": [
      ""
    ],
    "flicker_p50": 21.080411911010742,
    "flicker_p95": 32.53598842620849,
    "flicker_disocc_p50": 50.73063278198242,
    "flicker_disocc_p95": 77.62930755615234,
    "swim_p50": 4.715957164764404,
    "swim_p95": 9.405057334899901,
    "static_jitter_p50": 2.5321004390716553,
    "static_jitter_p95": 2.627379596233368,
    "flow_temporal_p50": 9.587680339813232,
    "flow_temporal_p95": 13.354039001464843,
    "flow_depth_p50": 16.92903709411621,
    "flow_depth_p95": 40.528562164306635,
    "depth_gt_lag_f1_p50": 0.0,
    "depth_gt_lag_f1_p95": 0.0,
    "depth_gt_ghost_edge_pct_p50": 27.155172413793103,
    "depth_gt_ghost_edge_pct_p95": 41.02957105719237,
    "q_clean": 78.2,
    "q_depth": 48.1,
    "score": 78.2
  },
  "perf_ms": {
    "depth_infer": 1.28051,
    "depth_postprocess_gpu": 0.077024,
    "depth_preprocess_gpu": 0.1296,
    "sbs_composite_cpu": 0.0048,
    "warp_infer": 0.054208
  },
  "meta": {
    "git_sha": "e15f08f1",
    "git_dirty": true,
    "clip_set_sha1": {
      "bonn_person_close": "3dbbc6790aa2",
      "bonn_person_walk": "29cacb5ce074",
      "sintel_ambush": "bb5125caa90f",
      "sintel_market": "064b8ba8f8b3",
      "spring_character_close": "079ea7bbb6e4",
      "spring_daylight_path": "d127cf6db91a",
      "spring_forest_seeds": "990d0ca3dff9",
      "spring_skeleton_cave": "aba9df0a540e",
      "tartanair_house_easy": "3dcc51c9c695",
      "tartanair_house_motion": "5a55318f726a",
      "vkitti_drive_clone": "f5357826fe51",
      "vkitti_drive_rain": "ea09d6efe71f"
    },
    "mode": "profile",
    "suite": "extended",
    "clips_root": "E:\\ApolloDev\\sbs_bench\\datasets\\prepared\\extended-v3",
    "extra_args": [],
    "conf": "tools\\sbsbench\\bench.conf",
    "model": "depth_anything_v2_fp16",
    "profile": "apollo",
    "adaptive_pop": true,
    "adaptive_pop_max": 1.3,
    "zero_plane": "legacy",
    "literal_bestv2": false,
    "depth_compensation": "none",
    "eval_schema": 26,
    "depth_step": "current-once",
    "depth_reuse_interval": 1,
    "conf_sha256": "679341c6d0d9db4d",
    "metric_sha256": "bb8f6540c80451a4",
    "executable_sha256": "486322e71404be5f24c8875968b343f18ebb2856304aab6198a02d15b8db4f5b",
    "runtime_shader_sha256": "0d7165f0f96f77ed197bcb0ac5641fcba1d044df1268ea5ed8be90e65e1365ca",
    "engine_name": "depth_anything_v2_fp16.trt-opt770x434-level5-v2.trt11_1_0-sm120-gpuec0860237209d3fe-onnx2df6223f206b5164e21f664ace61dabeb9bb6a49b8b5a3e00510b4807d0f5b04.engine",
    "engine_sha256": "e54fe5b921df85b65cba29be6ef7e4cbb0c51b90b0f850947eba22521a290f28",
    "onnx_sha256": "2df6223f206b5164e21f664ace61dabeb9bb6a49b8b5a3e00510b4807d0f5b04",
    "gpu_contention": false,
    "run_kind": "baseline-update",
    "timestamp": "2026-07-17T19:08:24",
    "run_name": "review-fix26-baseline-extended-v2",
    "cuda_graph": true,
    "cuda_graph_captured": true,
    "source_frame_count": 24,
    "name": "bonn-person-walk",
    "description": "Real registered RGB-D person tracking with body motion and self-occlusion.",
    "gt_depth_kind": "metric",
    "required_gt_depth": true,
    "required_gt_flow": false,
    "dataset": "Bonn RGB-D Dynamic Dataset",
    "homepage": "https://www.ipb.uni-bonn.de/data/rgbd-dynamic-dataset/",
    "citation": "Palazzolo et al., ReFusion, IROS 2019",
    "license_note": "Official page requests citation; prepared media remains external to Git.",
    "source_suite": "extended-v3",
    "clip_sha1": "29cacb5ce074"
  }
}
