{
  "aggregate": {
    "artifact_in_hole_pct": 27.72341480951718,
    "depth_gt_edge_f1": 33.94073394710434,
    "depth_gt_ghost_edge_pct": 22.684942905190816,
    "depth_gt_lag_f1": 0.0,
    "depth_gt_si_rmse": 9.73608285188675,
    "depth_spread": 0.7978899652759234,
    "disocc_frac": 0.04957736545138889,
    "disocc_smear": 0.0,
    "edge_acc_p50": 3.0,
    "edge_acc_p95": 24.0,
    "flicker": 20.720059187515922,
    "flicker_disocc": 40.478410057399586,
    "flow_depth": 12.777117729187012,
    "flow_support": 0.7764759893002716,
    "flow_temporal": 8.85657090726106,
    "hole_bad_fill_pct": 0.37128961325299975,
    "hole_source_residual_p95": 14.774411934614179,
    "image_integrity_pct": 99.00681277189526,
    "negative_disparity_pct": 1.4544749681954272,
    "pop_pct_p50": 0.9119442672643046,
    "pop_px_p50": 10.375899218651641,
    "pop_px_p95": 16.104004499481416,
    "pop_spread_pct": 1.262916127767604,
    "pop_spread_px": 14.369179053711406,
    "positive_disparity_pct": 0.0025119446751083094,
    "rim_over_p50": 0.0,
    "rim_over_p95": 3.283378000060717,
    "source_coverage_pct": 99.8046875,
    "source_halo_p95": 2.7437487840652466,
    "source_residual_p50": 0.6944624843696753,
    "source_residual_p95": 8.3207714955012,
    "source_stretch_pct": 5.7983620984469795,
    "source_stretch_support": 6.551106770833333,
    "static_support": 0.044013530344202904,
    "stretch_area": 2.512478298611111,
    "swim": 3.821603401847508,
    "vmisalign_pct": 0.0042556670571987825,
    "vmisalign_px": 0.011533786144961292,
    "warp_hole_pct": 1.8601065468189966,
    "_n": 24,
    "_models": [
      ""
    ],
    "flicker_p50": 21.73894500732422,
    "flicker_p95": 25.246426582336426,
    "flicker_disocc_p50": 40.19154357910156,
    "flicker_disocc_p95": 48.82051391601562,
    "swim_p50": 3.229572057723999,
    "swim_p95": 8.417122507095332,
    "flow_temporal_p50": 8.662921905517578,
    "flow_temporal_p95": 9.83019037246704,
    "flow_depth_p50": 10.851183891296387,
    "flow_depth_p95": 18.88901309967041,
    "depth_gt_lag_f1_p50": 0.0,
    "depth_gt_lag_f1_p95": 0.0,
    "depth_gt_ghost_edge_pct_p50": 22.227822580645164,
    "depth_gt_ghost_edge_pct_p95": 30.968362022024696,
    "q_clean": 79.4,
    "q_depth": 50.5,
    "score": 79.4
  },
  "perf_ms": {
    "depth_infer": 1.28061,
    "depth_postprocess_gpu": 0.075008,
    "depth_preprocess_gpu": 0.137152,
    "sbs_composite_cpu": 0.0047,
    "warp_infer": 0.054112
  },
  "meta": {
    "git_sha": "e15f08f1",
    "git_dirty": true,
    "clip_set_sha1": {
      "bonn_person_close": "3dbbc6790aa2",
      "bonn_person_walk": "29cacb5ce074",
      "sintel_ambush": "bb5125caa90f",
      "sintel_market": "064b8ba8f8b3",
      "spring_character_close": "079ea7bbb6e4",
      "spring_daylight_path": "d127cf6db91a",
      "spring_forest_seeds": "990d0ca3dff9",
      "spring_skeleton_cave": "aba9df0a540e",
      "tartanair_house_easy": "3dcc51c9c695",
      "tartanair_house_motion": "5a55318f726a",
      "vkitti_drive_clone": "f5357826fe51",
      "vkitti_drive_rain": "ea09d6efe71f"
    },
    "mode": "profile",
    "suite": "extended",
    "clips_root": "E:\\ApolloDev\\sbs_bench\\datasets\\prepared\\extended-v3",
    "extra_args": [],
    "conf": "tools\\sbsbench\\bench.conf",
    "model": "depth_anything_v2_fp16",
    "profile": "apollo",
    "adaptive_pop": true,
    "adaptive_pop_max": 1.3,
    "zero_plane": "legacy",
    "literal_bestv2": false,
    "depth_compensation": "none",
    "eval_schema": 26,
    "depth_step": "current-once",
    "depth_reuse_interval": 1,
    "conf_sha256": "679341c6d0d9db4d",
    "metric_sha256": "bb8f6540c80451a4",
    "executable_sha256": "486322e71404be5f24c8875968b343f18ebb2856304aab6198a02d15b8db4f5b",
    "runtime_shader_sha256": "0d7165f0f96f77ed197bcb0ac5641fcba1d044df1268ea5ed8be90e65e1365ca",
    "engine_name": "depth_anything_v2_fp16.trt-opt770x434-level5-v2.trt11_1_0-sm120-gpuec0860237209d3fe-onnx2df6223f206b5164e21f664ace61dabeb9bb6a49b8b5a3e00510b4807d0f5b04.engine",
    "engine_sha256": "e54fe5b921df85b65cba29be6ef7e4cbb0c51b90b0f850947eba22521a290f28",
    "onnx_sha256": "2df6223f206b5164e21f664ace61dabeb9bb6a49b8b5a3e00510b4807d0f5b04",
    "gpu_contention": false,
    "run_kind": "baseline-update",
    "timestamp": "2026-07-17T19:08:24",
    "run_name": "review-fix26-baseline-extended-v2",
    "cuda_graph": true,
    "cuda_graph_captured": true,
    "source_frame_count": 24,
    "name": "bonn-person-close",
    "description": "Real RGB-D close pass beside robots, emphasizing silhouette and object occlusion.",
    "gt_depth_kind": "metric",
    "required_gt_depth": true,
    "required_gt_flow": false,
    "dataset": "Bonn RGB-D Dynamic Dataset",
    "homepage": "https://www.ipb.uni-bonn.de/data/rgbd-dynamic-dataset/",
    "citation": "Palazzolo et al., ReFusion, IROS 2019",
    "license_note": "Official page requests citation; prepared media remains external to Git.",
    "source_suite": "extended-v3",
    "clip_sha1": "3dbbc6790aa2"
  }
}