{
  "aggregate": {
    "artifact_in_hole_pct": 37.98375402493805,
    "depth_gt_edge_f1": 34.239204145443026,
    "depth_gt_ghost_edge_pct": 14.879348673703342,
    "depth_gt_lag_f1": 0.0,
    "depth_gt_si_rmse": 9.594222565491995,
    "depth_spread": 0.7649981826543808,
    "disocc_frac": 0.049512939453124995,
    "disocc_smear": 0.0,
    "edge_acc_p50": 2.5833333333333335,
    "edge_acc_p95": 24.0,
    "flicker": 20.7252779006958,
    "flicker_disocc": 40.981971243153446,
    "flow_depth": 14.864395100137461,
    "flow_support": 0.7764759893002716,
    "flow_temporal": 8.73660883696183,
    "hole_bad_fill_pct": 0.5615029936718524,
    "hole_source_residual_p95": 14.9087110042572,
    "image_integrity_pct": 99.11209766925639,
    "negative_disparity_pct": 1.4292209278210066,
    "pop_pct_p50": 0.7966999823561736,
    "pop_px_p50": 9.064675354808017,
    "pop_px_p95": 15.717041147682421,
    "pop_spread_pct": 1.2898405948193423,
    "pop_spread_px": 14.675519656611185,
    "positive_disparity_pct": 0.004455607451668474,
    "rim_over_p50": 0.0,
    "rim_over_p95": 3.290094013015429,
    "source_coverage_pct": 99.83408938172043,
    "source_halo_p95": 2.5416668405135474,
    "source_residual_p50": 0.6664965537687143,
    "source_residual_p95": 7.501200596491496,
    "source_stretch_pct": 5.325384447214259,
    "source_stretch_support": 6.530507405598958,
    "static_support": 0.044013530344202904,
    "stretch_area": 2.521023220486111,
    "swim": 6.018270093461742,
    "vmisalign_pct": 0.005865566005619864,
    "vmisalign_px": 0.0127152322869127,
    "warp_hole_pct": 1.9140099966397848,
    "_n": 24,
    "_models": [
      ""
    ],
    "flicker_p50": 21.74635124206543,
    "flicker_p95": 25.24889430999756,
    "flicker_disocc_p50": 40.7354736328125,
    "flicker_disocc_p95": 48.04531631469727,
    "swim_p50": 3.3268473148345947,
    "swim_p95": 16.063819599151607,
    "flow_temporal_p50": 8.381878852844238,
    "flow_temporal_p95": 9.962873744964599,
    "flow_depth_p50": 10.81623363494873,
    "flow_depth_p95": 26.571020317077625,
    "depth_gt_lag_f1_p50": 0.0,
    "depth_gt_lag_f1_p95": 0.0,
    "depth_gt_ghost_edge_pct_p50": 13.73152709359606,
    "depth_gt_ghost_edge_pct_p95": 21.436679907947685,
    "q_clean": 80.3,
    "q_depth": 51.6,
    "score": 80.3
  },
  "perf_ms": {
    "depth_infer": 1.27843,
    "depth_postprocess_gpu": 0.066112,
    "depth_preprocess_gpu": 0.063296,
    "sbs_composite_cpu": 0.0043,
    "warp_infer": 0.054944
  },
  "meta": {
    "git_sha": "d638e752",
    "git_dirty": true,
    "clip_set_sha1": {
      "bonn_person_close": "9833f080aed3",
      "bonn_person_walk": "d50a574dc05a",
      "sintel_ambush": "bb5125caa90f",
      "sintel_market": "064b8ba8f8b3",
      "tartanair_house_easy": "28eb837aa364",
      "tartanair_house_motion": "d01e8c02d4c8",
      "vkitti_drive_clone": "87ece81615b1",
      "vkitti_drive_rain": "ab987283ebd2"
    },
    "mode": "profile",
    "suite": "extended-v2",
    "clips_root": "E:\\ApolloDev\\sbs_bench\\datasets\\prepared\\extended-v2",
    "extra_args": [],
    "conf": "tools\\sbsbench\\bench.conf",
    "model": "depth_anything_v2_fp16",
    "profile": "apollo",
    "adaptive_pop": true,
    "adaptive_pop_max": 1.3,
    "literal_bestv2": false,
    "depth_compensation": "none",
    "eval_schema": 21,
    "depth_step": "current-once",
    "depth_reuse_interval": 1,
    "conf_sha256": "679341c6d0d9db4d",
    "metric_sha256": "f9d0ac49d0cceb1b",
    "gpu_contention": false,
    "timestamp": "2026-07-14T14:23:20",
    "run_name": "art-style-extended",
    "cuda_graph": true,
    "cuda_graph_captured": true,
    "name": "bonn-person-close",
    "description": "Real RGB-D close pass beside robots, emphasizing silhouette and object occlusion.",
    "dataset": "Bonn RGB-D Dynamic Dataset",
    "homepage": "https://www.ipb.uni-bonn.de/data/rgbd-dynamic-dataset/",
    "citation": "Palazzolo et al., ReFusion, IROS 2019",
    "license_note": "Official page requests citation; prepared media remains external to Git.",
    "gt_depth_kind": "metric",
    "clip_sha1": "9833f080aed3"
  }
}