{
  "aggregate": {
    "artifact_in_hole_pct": 66.73589344753526,
    "depth_gt_edge_f1": 22.753313066891526,
    "depth_gt_lag_f1": 0.06771496273987518,
    "depth_gt_si_rmse": 11.458980798721313,
    "depth_spread": 0.7505490034818649,
    "disocc_frac": 0.04256157769097222,
    "disocc_smear": 0.0,
    "edge_acc_p50": 0.375,
    "edge_acc_p95": 20.541666666666668,
    "flicker": 22.905276837556258,
    "flicker_disocc": 55.45066153484842,
    "flow_depth": 21.84396843476729,
    "flow_support": 0.5445459338201992,
    "flow_temporal": 9.674843224612149,
    "hole_bad_fill_pct": 4.2500430054997,
    "hole_source_residual_p95": 22.738496466477702,
    "image_integrity_pct": 98.56107868786475,
    "negative_disparity_pct": 1.3252190341881942,
    "pop_pct_p50": 0.6091272199628979,
    "pop_px_p50": 6.930514147133416,
    "pop_px_p95": 13.538394769559815,
    "pop_spread_pct": 1.2009058985820689,
    "pop_spread_px": 13.663640446089317,
    "positive_disparity_pct": 0.15595678813949168,
    "rim_over_p50": 0.0,
    "rim_over_p95": 2.901822581887245,
    "source_coverage_pct": 99.62197580645162,
    "source_halo_p95": 1.95833320915699,
    "source_residual_p50": 0.4536354144414266,
    "source_residual_p95": 6.421252250671387,
    "source_stretch_pct": 4.347043881232291,
    "source_stretch_support": 4.127587212456597,
    "static_jitter": 2.520351529121399,
    "static_support": 0.04426814424818841,
    "stretch_area": 2.165798611111111,
    "swim": 6.799780249595642,
    "vmisalign_pct": 0.003654735240464409,
    "vmisalign_px": 0.012659474596148357,
    "warp_hole_pct": 1.8948462701612903,
    "_n": 24,
    "_models": [
      ""
    ],
    "flicker_p50": 21.074209213256836,
    "flicker_p95": 32.524568367004385,
    "flicker_disocc_p50": 51.283260345458984,
    "flicker_disocc_p95": 77.49623184204101,
    "swim_p50": 6.038909435272217,
    "swim_p95": 12.05136394500732,
    "static_jitter_p50": 2.502606511116028,
    "static_jitter_p95": 2.567373216152191,
    "flow_temporal_p50": 9.339196681976318,
    "flow_temporal_p95": 13.097451353073119,
    "flow_depth_p50": 19.29946231842041,
    "flow_depth_p95": 42.246219062805174,
    "depth_gt_lag_f1_p50": 0.0,
    "depth_gt_lag_f1_p95": 0.0,
    "q_clean": 78.2,
    "q_depth": 48.0,
    "score": 78.2
  },
  "perf_ms": {
    "depth_infer": 1.87363,
    "sbs_composite_cpu": 0.0071,
    "warp_infer": 0.130592
  },
  "meta": {
    "git_sha": "5c7f3e38",
    "git_dirty": true,
    "clip_set_sha1": {
      "bonn_person_close": "9833f080aed3",
      "bonn_person_walk": "d50a574dc05a",
      "sintel_ambush": "eb33a2b52c5f",
      "sintel_market": "eaa7b4a85487",
      "tartanair_house_easy": "28eb837aa364",
      "tartanair_house_motion": "d01e8c02d4c8",
      "vkitti_drive_clone": "87ece81615b1",
      "vkitti_drive_rain": "ab987283ebd2"
    },
    "mode": "profile",
    "suite": "extended-v2",
    "clips_root": "E:\\ApolloDev\\sbs_bench\\datasets\\prepared\\extended-v2",
    "extra_args": [],
    "conf": "tools\\sbsbench\\bench.conf",
    "model": "depth_anything_v2_fp16",
    "profile": "apollo",
    "literal_bestv2": false,
    "depth_compensation": "none",
    "eval_schema": 18,
    "depth_step": "current-once",
    "depth_reuse_interval": 1,
    "conf_sha256": "679341c6d0d9db4d",
    "metric_sha256": "b5cd2854f4b2144d",
    "gpu_contention": false,
    "timestamp": "2026-07-12T19:31:53",
    "run_name": "evalv18-apollo-extended",
    "name": "bonn-person-walk",
    "description": "Real registered RGB-D person tracking with body motion and self-occlusion.",
    "dataset": "Bonn RGB-D Dynamic Dataset",
    "homepage": "https://www.ipb.uni-bonn.de/data/rgbd-dynamic-dataset/",
    "citation": "Palazzolo et al., ReFusion, IROS 2019",
    "license_note": "Official page requests citation; prepared media remains external to Git.",
    "gt_depth_kind": "metric",
    "clip_sha1": "d50a574dc05a"
  }
}