{
  "aggregate": {
    "artifact_in_hole_pct": 63.018201474625265,
    "depth_gt_edge_f1": 22.733735844893364,
    "depth_gt_ghost_edge_pct": 18.929053525286253,
    "depth_gt_lag_f1": 0.06724372229115917,
    "depth_gt_si_rmse": 11.458956797917685,
    "depth_spread": 0.7503762245178223,
    "disocc_frac": 0.04256293402777778,
    "disocc_smear": 0.0,
    "edge_acc_p50": 0.375,
    "edge_acc_p95": 20.577083349227905,
    "flicker": 22.907974491948668,
    "flicker_disocc": 55.57515185812245,
    "flow_depth": 21.834538026289508,
    "flow_support": 0.5445459338201992,
    "flow_temporal": 9.701176036487926,
    "hole_bad_fill_pct": 3.4797267077544727,
    "hole_source_residual_p95": 21.575252290566755,
    "image_integrity_pct": 98.64871678515605,
    "negative_disparity_pct": 1.3679541426245123,
    "pop_pct_p50": 0.6361292179484339,
    "pop_px_p50": 7.237736879768849,
    "pop_px_p95": 13.687142812329341,
    "pop_spread_pct": 1.2016367132088235,
    "pop_spread_px": 13.671955492509278,
    "positive_disparity_pct": 0.1428727555880994,
    "rim_over_p50": 0.0,
    "rim_over_p95": 2.9052782406409583,
    "source_coverage_pct": 99.62827620967742,
    "source_halo_p95": 1.8854165474573772,
    "source_residual_p50": 0.45349911600351334,
    "source_residual_p95": 6.319483717282613,
    "source_stretch_pct": 4.3024679010083355,
    "source_stretch_support": 4.131740993923612,
    "static_jitter": 2.520351529121399,
    "static_support": 0.04426814424818841,
    "stretch_area": 2.159559461805556,
    "swim": 6.798680144807567,
    "vmisalign_pct": 0.0047661441688736286,
    "vmisalign_px": 0.01302643257076852,
    "warp_hole_pct": 1.721847698252688,
    "_n": 24,
    "_models": [
      ""
    ],
    "flicker_p50": 21.07193374633789,
    "flicker_p95": 32.53498268127441,
    "flicker_disocc_p50": 51.390655517578125,
    "flicker_disocc_p95": 77.68438186645507,
    "swim_p50": 6.035018444061279,
    "swim_p95": 12.048641014099118,
    "static_jitter_p50": 2.502606511116028,
    "static_jitter_p95": 2.567373216152191,
    "flow_temporal_p50": 9.360335350036621,
    "flow_temporal_p95": 13.157523107528686,
    "flow_depth_p50": 19.267781257629395,
    "flow_depth_p95": 42.24062004089355,
    "depth_gt_lag_f1_p50": 0.0,
    "depth_gt_lag_f1_p95": 0.0,
    "depth_gt_ghost_edge_pct_p50": 18.974820143884894,
    "depth_gt_ghost_edge_pct_p95": 26.918169614689152,
    "q_clean": 78.2,
    "q_depth": 48.1,
    "score": 78.2
  },
  "perf_ms": {
    "depth_infer": 1.28048,
    "depth_postprocess_gpu": 0.067328,
    "depth_preprocess_gpu": 0.054976,
    "sbs_composite_cpu": 0.004,
    "warp_infer": 0.054752
  },
  "meta": {
    "git_sha": "b3d7bd33",
    "git_dirty": true,
    "clip_set_sha1": {
      "bonn_person_close": "9833f080aed3",
      "bonn_person_walk": "d50a574dc05a",
      "sintel_ambush": "bb5125caa90f",
      "sintel_market": "064b8ba8f8b3",
      "tartanair_house_easy": "28eb837aa364",
      "tartanair_house_motion": "d01e8c02d4c8",
      "vkitti_drive_clone": "87ece81615b1",
      "vkitti_drive_rain": "ab987283ebd2"
    },
    "mode": "profile",
    "suite": "extended-v2",
    "clips_root": "E:\\ApolloDev\\sbs_bench\\datasets\\prepared\\extended-v2",
    "extra_args": [],
    "conf": "tools\\sbsbench\\bench.conf",
    "model": "depth_anything_v2_fp16",
    "profile": "apollo",
    "adaptive_pop": true,
    "adaptive_pop_max": 1.3,
    "literal_bestv2": false,
    "depth_compensation": "none",
    "eval_schema": 22,
    "depth_step": "current-once",
    "depth_reuse_interval": 1,
    "conf_sha256": "679341c6d0d9db4d",
    "metric_sha256": "7107823751182d07",
    "gpu_contention": false,
    "timestamp": "2026-07-14T14:41:19",
    "run_name": "art-validity-extended",
    "cuda_graph": true,
    "cuda_graph_captured": true,
    "name": "bonn-person-walk",
    "description": "Real registered RGB-D person tracking with body motion and self-occlusion.",
    "dataset": "Bonn RGB-D Dynamic Dataset",
    "homepage": "https://www.ipb.uni-bonn.de/data/rgbd-dynamic-dataset/",
    "citation": "Palazzolo et al., ReFusion, IROS 2019",
    "license_note": "Official page requests citation; prepared media remains external to Git.",
    "gt_depth_kind": "metric",
    "clip_sha1": "d50a574dc05a"
  }
}