{
  "aggregate": {
    "artifact_in_hole_pct": 36.68967583491068,
    "depth_gt_edge_f1": 34.23133027492318,
    "depth_gt_ghost_edge_pct": 14.888948940723507,
    "depth_gt_lag_f1": 0.0,
    "depth_gt_si_rmse": 9.593419770399729,
    "depth_spread": 0.7648095140854517,
    "disocc_frac": 0.04949150933159722,
    "disocc_smear": 0.0,
    "edge_acc_p50": 2.5416666666666665,
    "edge_acc_p95": 24.0,
    "exact_pop_spread_pct": 1.3464504219882656,
    "flicker": 20.725206582442574,
    "flicker_disocc": 40.97342250658118,
    "flow_depth": 14.859622126040252,
    "flow_support": 0.7764759893002716,
    "flow_temporal": 8.741964132889457,
    "hole_bad_fill_pct": 0.5525462144135085,
    "hole_source_residual_p95": 14.905275235573448,
    "image_integrity_pct": 99.12428565555236,
    "image_negative_disparity_pct": 1.391505792139185,
    "image_positive_disparity_pct": 0.0007226624344500417,
    "negative_disparity_pct": 1.522901700809598,
    "pop_pct_p50": 0.8007710547829436,
    "pop_px_p50": 9.110995112197047,
    "pop_px_p95": 15.716159967139754,
    "pop_spread_pct": 1.2842484471383309,
    "pop_spread_px": 14.61189344299612,
    "positive_disparity_pct": 0.03942657676816452,
    "rim_over_p50": 0.0,
    "rim_over_p95": 3.2921323080857596,
    "source_coverage_pct": 99.82988911290323,
    "source_halo_p95": 2.500000089406967,
    "source_residual_p50": 0.6665373593568802,
    "source_residual_p95": 7.504640579223633,
    "source_stretch_pct": 5.331722927783616,
    "source_stretch_support": 6.524403889973958,
    "static_support": 0.044013530344202904,
    "stretch_area": 2.52197265625,
    "swim": 6.011757617411406,
    "vmisalign_pct": 0.005717133947958549,
    "vmisalign_px": 0.01264944631839171,
    "warp_hole_pct": 1.9164601534498207,
    "_n": 24,
    "_models": [
      ""
    ],
    "flicker_p50": 21.746158599853516,
    "flicker_p95": 25.24870491027832,
    "flicker_disocc_p50": 40.73517990112305,
    "flicker_disocc_p95": 48.17044944763183,
    "swim_p50": 3.311286687850952,
    "swim_p95": 16.05018796920776,
    "flow_temporal_p50": 8.379608154296875,
    "flow_temporal_p95": 9.96520309448242,
    "flow_depth_p50": 10.796858787536621,
    "flow_depth_p95": 26.562438583374014,
    "depth_gt_lag_f1_p50": 0.0,
    "depth_gt_lag_f1_p95": 0.0,
    "depth_gt_ghost_edge_pct_p50": 13.755656108597286,
    "depth_gt_ghost_edge_pct_p95": 21.48044124381651,
    "q_clean": 80.3,
    "q_depth": 53.9,
    "score": 80.3
  },
  "perf_ms": {
    "depth_infer": 1.32141,
    "depth_postprocess_gpu": 0.066464,
    "depth_preprocess_gpu": 0.12192,
    "sbs_composite_cpu": 3.9461,
    "warp_infer": 3.86467
  },
  "meta": {
    "git_sha": "e15f08f1",
    "git_dirty": true,
    "run_kind": "baseline_gate",
    "baseline_identities": {},
    "clip_set_sha1": {
      "bonn_person_close": "3dbbc6790aa2",
      "bonn_person_walk": "29cacb5ce074",
      "sintel_ambush": "bb5125caa90f",
      "sintel_market": "064b8ba8f8b3",
      "spring_character_close": "079ea7bbb6e4",
      "spring_daylight_path": "d127cf6db91a",
      "spring_forest_seeds": "990d0ca3dff9",
      "spring_skeleton_cave": "aba9df0a540e",
      "tartanair_house_easy": "3dcc51c9c695",
      "tartanair_house_motion": "5a55318f726a",
      "vkitti_drive_clone": "f5357826fe51",
      "vkitti_drive_rain": "ea09d6efe71f"
    },
    "mode": "profile",
    "suite": "extended-v3",
    "clips_root": "E:\\ApolloDev\\sbs_bench\\datasets\\prepared\\extended-v3",
    "extra_args": [],
    "conf": "tools\\sbsbench\\bench.conf",
    "model": "depth_anything_v2_fp16",
    "profile": "apollo",
    "adaptive_pop": true,
    "adaptive_pop_max": 1.3,
    "pop_strength": 1.25,
    "ema": 0.5,
    "ema_edge_change": 0.05,
    "ema_edge_gradient": 0.02,
    "ema_edge_strength": 0.25,
    "minmax_ema": 0.18,
    "subject_lock": 0.5,
    "subject_recenter": 0.35,
    "subject_stretch": true,
    "depth_short_side": 432,
    "depth_max_aspect": 4,
    "zero_plane": "legacy",
    "cuda_graph": true,
    "artistic_style": "immersive",
    "artistic_policy": true,
    "artistic_policy_consumed": false,
    "artistic_policy_authorization": "none",
    "model_onnx_sha256": "",
    "policy_metadata_sha256": "",
    "deployment_geometry_allowlist_sha256": "",
    "artistic_scale_override": 0,
    "output_interval": 1,
    "output_gt_right_only": false,
    "literal_bestv2": false,
    "depth_compensation": "none",
    "eval_schema": 29,
    "depth_step": "current-once",
    "depth_reuse_interval": 1,
    "conf_sha256": "679341c6d0d9db4d",
    "metric_sha256": "88028fadef928b53",
    "policy_warp_source_sha256": "86889c3f389a4c54ebcf0262f479ec71aadd81c42847a50bb39bf2fcce2fd132",
    "gpu_contention": false,
    "timestamp": "2026-07-15T13:11:32",
    "run_name": "eval29-required-evidence-extended-baseline",
    "depth_override_frames": 0,
    "harness_schema": 24,
    "source_width": 640,
    "source_height": 480,
    "model_input_width": 574,
    "model_input_height": 434,
    "eye_width": 640,
    "eye_height": 480,
    "color_mode": "sdr-srgb-8bit",
    "content_scale_x": 1,
    "content_scale_y": 1,
    "disparity_raster_width": 640,
    "disparity_raster_height": 480,
    "artifact_mode": "full",
    "warp_disparity": "exact_clamped_full_binocular_normalized_at_output_eye_raster_zero_bars",
    "warp_unclamped_disparity": "unclamped_full_binocular_normalized_at_artistic_scale_1_output_eye_raster_zero_bars",
    "artistic_disparity_contract": "clamp(raw_baseline_times_scale_to_plus_or_minus_0.142_times_aspect_scale_times_content_scale_x)",
    "artistic_full_clamp_abs": 0.252444446,
    "warp_mask": {
      "red": "forward_disocclusion_before_fill"
    },
    "cuda_graph_captured": true,
    "name": "bonn-person-close",
    "description": "Real RGB-D close pass beside robots, emphasizing silhouette and object occlusion.",
    "dataset": "Bonn RGB-D Dynamic Dataset",
    "homepage": "https://www.ipb.uni-bonn.de/data/rgbd-dynamic-dataset/",
    "citation": "Palazzolo et al., ReFusion, IROS 2019",
    "license_note": "Official page requests citation; prepared media remains external to Git.",
    "required_gt_depth": true,
    "required_gt_flow": false,
    "gt_depth_kind": "metric",
    "clip_sha1": "3dbbc6790aa2"
  }
}