{
  "aggregate": {
    "artifact_in_hole_pct": 36.789192598435086,
    "depth_gt_edge_f1": 32.63605578437634,
    "depth_gt_lag_f1": 0.0036975906506647198,
    "depth_gt_si_rmse": 9.6096853017807,
    "depth_spread": 0.7631235520044962,
    "disocc_frac": 0.04918755425347222,
    "disocc_smear": 0.0,
    "edge_acc_p50": 2.875,
    "edge_acc_p95": 24.0,
    "flicker": 20.727470190628715,
    "flicker_disocc": 40.790763523267664,
    "flow_depth": 14.766980710236922,
    "flow_support": 0.7764759893002716,
    "flow_temporal": 8.717669777248217,
    "hole_bad_fill_pct": 0.6278792788290768,
    "hole_source_residual_p95": 15.298396895329155,
    "image_integrity_pct": 99.10402367350294,
    "negative_disparity_pct": 1.4312735118437558,
    "pop_pct_p50": 0.8052927219441424,
    "pop_px_p50": 9.162441636342242,
    "pop_px_p95": 15.677805669747436,
    "pop_spread_pct": 1.2794557044076544,
    "pop_spread_px": 14.557362681260424,
    "positive_disparity_pct": 0.004555221150728259,
    "rim_over_p50": 0.0,
    "rim_over_p95": 3.3248261064291,
    "source_coverage_pct": 99.82148857526882,
    "source_halo_p95": 2.5958333859841027,
    "source_residual_p50": 0.6665322942038377,
    "source_residual_p95": 7.481324553489685,
    "source_stretch_pct": 5.263493093484711,
    "source_stretch_support": 6.5675523546006955,
    "static_support": 0.044013530344202904,
    "stretch_area": 2.532958984375,
    "swim": 6.020637926848038,
    "vmisalign_pct": 0.0038387044332921505,
    "vmisalign_px": 0.011141465588783225,
    "warp_hole_pct": 1.9304610495071686,
    "warp_unresolved_pct": 0.0,
    "_n": 24,
    "_models": [
      ""
    ],
    "flicker_p50": 21.747703552246094,
    "flicker_p95": 25.248778915405275,
    "flicker_disocc_p50": 40.454063415527344,
    "flicker_disocc_p95": 48.76432647705078,
    "swim_p50": 3.3462979793548584,
    "swim_p95": 16.078980922698968,
    "flow_temporal_p50": 8.407950401306152,
    "flow_temporal_p95": 9.992330265045165,
    "flow_depth_p50": 10.611498832702637,
    "flow_depth_p95": 26.452241706848135,
    "depth_gt_lag_f1_p50": 0.0,
    "depth_gt_lag_f1_p95": 0.0,
    "q_clean": 80.4,
    "q_depth": 51.2,
    "score": 80.4
  },
  "perf_ms": {
    "depth_infer": 1.88198,
    "sbs_composite_cpu": 0.0066,
    "warp_infer": 0.13104
  },
  "meta": {
    "git_sha": "d4ba47b8",
    "git_dirty": true,
    "clip_set_sha1": {
      "bonn_person_close": "9833f080aed3",
      "bonn_person_walk": "d50a574dc05a",
      "sintel_ambush": "eb33a2b52c5f",
      "sintel_market": "eaa7b4a85487",
      "tartanair_house_easy": "28eb837aa364",
      "tartanair_house_motion": "d01e8c02d4c8",
      "vkitti_drive_clone": "87ece81615b1",
      "vkitti_drive_rain": "ab987283ebd2"
    },
    "mode": "profile",
    "suite": "extended-v2",
    "clips_root": "E:\\ApolloDev\\sbs_bench\\datasets\\prepared\\extended-v2",
    "extra_args": [],
    "conf": "tools\\sbsbench\\bench.conf",
    "model": "depth_anything_v2_fp16",
    "profile": "apollo",
    "warp": "apollo",
    "literal_bestv2": false,
    "depth_compensation": "none",
    "eval_schema": 13,
    "depth_step": "current-once",
    "depth_reuse_interval": 1,
    "conf_sha256": "679341c6d0d9db4d",
    "metric_sha256": "84e0167a1f5bca85",
    "gpu_contention": false,
    "timestamp": "2026-07-12T16:04:04",
    "run_name": "evalv13-contract-apollo-extended",
    "name": "bonn-person-close",
    "description": "Real RGB-D close pass beside robots, emphasizing silhouette and object occlusion.",
    "dataset": "Bonn RGB-D Dynamic Dataset",
    "homepage": "https://www.ipb.uni-bonn.de/data/rgbd-dynamic-dataset/",
    "citation": "Palazzolo et al., ReFusion, IROS 2019",
    "license_note": "Official page requests citation; prepared media remains external to Git.",
    "gt_depth_kind": "metric",
    "clip_sha1": "9833f080aed3"
  }
}