{
  "aggregate": {
    "artifact_in_hole_pct": 42.24219489275051,
    "depth_gt_edge_f1": 34.25922097506727,
    "depth_gt_lag_f1": 0.0,
    "depth_gt_si_rmse": 9.59402871131897,
    "depth_spread": 0.7648900945981344,
    "disocc_frac": 0.04949354383680556,
    "disocc_smear": 0.0,
    "edge_acc_p50": 2.5833333333333335,
    "edge_acc_p95": 24.0,
    "flicker": 20.72196089703104,
    "flicker_disocc": 40.95825891909392,
    "flow_depth": 14.866841482079547,
    "flow_support": 0.7764759893002716,
    "flow_temporal": 8.749756356944209,
    "hole_bad_fill_pct": 0.6945675404834949,
    "hole_source_residual_p95": 15.387964171171184,
    "image_integrity_pct": 99.10513514753796,
    "negative_disparity_pct": 1.4312735118437558,
    "pop_pct_p50": 0.8007178154467631,
    "pop_px_p50": 9.110389366860948,
    "pop_px_p95": 15.709613169084077,
    "pop_spread_pct": 1.2861095894921752,
    "pop_spread_px": 14.633069107110972,
    "positive_disparity_pct": 0.004661773980488422,
    "rim_over_p50": 0.0,
    "rim_over_p95": 3.282135099172592,
    "source_coverage_pct": 99.79208669354838,
    "source_halo_p95": 2.541666487852732,
    "source_residual_p50": 0.6664246395230293,
    "source_residual_p95": 7.532465557257335,
    "source_stretch_pct": 5.325065719638414,
    "source_stretch_support": 6.519317626953125,
    "static_support": 0.044013530344202904,
    "stretch_area": 2.523057725694444,
    "swim": 6.016578176747197,
    "vmisalign_pct": 0.0038244282283509774,
    "vmisalign_px": 0.011501736182253808,
    "warp_hole_pct": 2.209778925851255,
    "_n": 24,
    "_models": [
      ""
    ],
    "flicker_p50": 21.746509552001953,
    "flicker_p95": 25.247337341308594,
    "flicker_disocc_p50": 40.7634391784668,
    "flicker_disocc_p95": 48.05231475830078,
    "swim_p50": 3.3268468379974365,
    "swim_p95": 16.07859849929809,
    "flow_temporal_p50": 8.390504837036133,
    "flow_temporal_p95": 9.994946384429932,
    "flow_depth_p50": 10.796924591064453,
    "flow_depth_p95": 26.57355957031249,
    "depth_gt_lag_f1_p50": 0.0,
    "depth_gt_lag_f1_p95": 0.0,
    "q_clean": 80.3,
    "q_depth": 51.4,
    "score": 80.3
  },
  "perf_ms": {
    "depth_infer": 1.30323,
    "sbs_composite_cpu": 0.0067,
    "warp_infer": 0.131168
  },
  "meta": {
    "git_sha": "c3ecd6d9",
    "git_dirty": true,
    "clip_set_sha1": {
      "bonn_person_close": "9833f080aed3",
      "bonn_person_walk": "d50a574dc05a",
      "sintel_ambush": "eb33a2b52c5f",
      "sintel_market": "eaa7b4a85487",
      "tartanair_house_easy": "28eb837aa364",
      "tartanair_house_motion": "d01e8c02d4c8",
      "vkitti_drive_clone": "87ece81615b1",
      "vkitti_drive_rain": "ab987283ebd2"
    },
    "mode": "profile",
    "suite": "extended-v2",
    "clips_root": "E:\\ApolloDev\\sbs_bench\\datasets\\prepared\\extended-v2",
    "extra_args": [],
    "conf": "tools\\sbsbench\\bench.conf",
    "model": "depth_anything_v2_fp16",
    "profile": "apollo",
    "literal_bestv2": false,
    "depth_compensation": "none",
    "eval_schema": 19,
    "depth_step": "current-once",
    "depth_reuse_interval": 1,
    "conf_sha256": "679341c6d0d9db4d",
    "metric_sha256": "0e55e6ee073ec1ac",
    "gpu_contention": false,
    "timestamp": "2026-07-12T21:17:10",
    "run_name": "cuda-graph-baseline-extended",
    "cuda_graph": true,
    "cuda_graph_captured": true,
    "name": "bonn-person-close",
    "description": "Real RGB-D close pass beside robots, emphasizing silhouette and object occlusion.",
    "dataset": "Bonn RGB-D Dynamic Dataset",
    "homepage": "https://www.ipb.uni-bonn.de/data/rgbd-dynamic-dataset/",
    "citation": "Palazzolo et al., ReFusion, IROS 2019",
    "license_note": "Official page requests citation; prepared media remains external to Git.",
    "gt_depth_kind": "metric",
    "clip_sha1": "9833f080aed3"
  }
}