{
  "aggregate": {
    "artifact_in_hole_pct": 11.598789284772991,
    "depth_gt_edge_f1": 27.961889260135184,
    "depth_gt_lag_f1": 0.15532141002867167,
    "depth_gt_si_rmse": 11.46744054555893,
    "depth_spread": 0.8563504827519258,
    "disocc_frac": 0.05777920130925076,
    "disocc_smear": 0.031104626039008838,
    "edge_acc_p50": 19.708333333333332,
    "edge_acc_p95": 24.0,
    "flicker": 7.068230100300001,
    "flicker_disocc": 20.49696204973304,
    "flow_depth": 16.870073235553242,
    "flow_support": 0.7742882429198247,
    "flow_temporal": 6.129942396412725,
    "hole_bad_fill_pct": 0.09427656258949514,
    "hole_source_residual_p95": 10.311823802193002,
    "image_integrity_pct": 98.18523846409207,
    "negative_disparity_pct": 1.160206802864479,
    "pop_pct_p50": 0.9576312981157518,
    "pop_px_p50": 9.896942126897011,
    "pop_px_p95": 11.47820779699695,
    "pop_spread_pct": 0.8322313686961973,
    "pop_spread_px": 8.600957078555071,
    "positive_disparity_pct": 0.0025577637531087652,
    "rim_over_p50": 0.0,
    "rim_over_p95": 3.597469210624695,
    "source_coverage_pct": 99.89271973956791,
    "source_halo_p95": 3.4645829225579896,
    "source_residual_p50": 1.3796125203371048,
    "source_residual_p95": 10.625009139378866,
    "source_stretch_pct": 4.283634406589618,
    "source_stretch_support": 7.831314506880734,
    "static_jitter": 1.9216944964035698,
    "static_support": 0.283851602232499,
    "stretch_area": 4.697093905294342,
    "swim": 1.5024528723696005,
    "vmisalign_pct": 0.00449003643193923,
    "vmisalign_px": 0.012497986133287972,
    "warp_hole_pct": 0.6900771924632534,
    "_n": 24,
    "_models": [
      ""
    ],
    "flicker_p50": 7.385883331298828,
    "flicker_p95": 9.477797412872315,
    "flicker_disocc_p50": 21.318531036376953,
    "flicker_disocc_p95": 29.3402379989624,
    "swim_p50": 1.3268488645553589,
    "swim_p95": 3.591439962387083,
    "static_jitter_p50": 1.9277961254119873,
    "static_jitter_p95": 1.9999998807907104,
    "flow_temporal_p50": 6.079689025878906,
    "flow_temporal_p95": 6.819592666625977,
    "flow_depth_p50": 16.45477867126465,
    "flow_depth_p95": 29.758796882629387,
    "depth_gt_lag_f1_p50": 0.0,
    "depth_gt_lag_f1_p95": 0.7661329872714097,
    "q_clean": 79.2,
    "q_depth": 33.3,
    "score": 79.2
  },
  "perf_ms": {
    "depth_infer": 2.55926,
    "sbs_composite_cpu": 0.0049,
    "warp_infer": 0.1088
  },
  "meta": {
    "git_sha": "c3ecd6d9",
    "git_dirty": true,
    "clip_set_sha1": {
      "bonn_person_close": "9833f080aed3",
      "bonn_person_walk": "d50a574dc05a",
      "sintel_ambush": "eb33a2b52c5f",
      "sintel_market": "eaa7b4a85487",
      "tartanair_house_easy": "28eb837aa364",
      "tartanair_house_motion": "d01e8c02d4c8",
      "vkitti_drive_clone": "87ece81615b1",
      "vkitti_drive_rain": "ab987283ebd2"
    },
    "mode": "profile",
    "suite": "extended-v2",
    "clips_root": "E:\\ApolloDev\\sbs_bench\\datasets\\prepared\\extended-v2",
    "extra_args": [],
    "conf": "tools\\sbsbench\\bench.conf",
    "model": "depth_anything_v2_fp16",
    "profile": "apollo",
    "literal_bestv2": false,
    "depth_compensation": "none",
    "eval_schema": 19,
    "depth_step": "current-once",
    "depth_reuse_interval": 1,
    "conf_sha256": "679341c6d0d9db4d",
    "metric_sha256": "54ad6d792cc70085",
    "gpu_contention": false,
    "timestamp": "2026-07-12T21:17:10",
    "run_name": "cuda-graph-baseline-extended",
    "cuda_graph": true,
    "cuda_graph_captured": true,
    "name": "sintel-market",
    "description": "Cinematic market scene with people, clutter and depth layering.",
    "dataset": "MPI Sintel Stereo Training Dataset",
    "homepage": "https://sintel.is.tue.mpg.de/stereo",
    "citation": "Butler et al., A Naturalistic Open Source Movie for Optical Flow Evaluation, ECCV 2012",
    "license_note": "Official research dataset derived from the open Sintel film; prepared media remains external to Git.",
    "gt_depth_kind": "disparity",
    "clip_sha1": "eaa7b4a85487"
  }
}