{
  "aggregate": {
    "artifact_in_hole_pct": 31.876526251526254,
    "depth_gt_edge_f1": 38.342500877570025,
    "depth_gt_lag_f1": 0.9646869076564867,
    "depth_gt_si_rmse": 18.22226806481679,
    "depth_spread": 0.8455533621211847,
    "disocc_frac": 0.06224102055260894,
    "disocc_smear": 0.0,
    "edge_acc_p50": 2.4166666666666665,
    "edge_acc_p95": 23.875,
    "flicker": 25.906918753748354,
    "flicker_disocc": 54.52607776807702,
    "flow_depth": 34.32476653223453,
    "flow_support": 0.5400706147786198,
    "flow_temporal": 8.363144314807395,
    "hole_bad_fill_pct": 0.11552502269499372,
    "hole_source_residual_p95": 13.857631762822464,
    "image_integrity_pct": 98.69408740359897,
    "negative_disparity_pct": 1.3852179149772392,
    "pop_pct_p50": 0.7528274552751487,
    "pop_px_p50": 7.780332337776944,
    "pop_px_p95": 13.37142762030372,
    "pop_spread_pct": 1.300410550273404,
    "pop_spread_px": 13.43950222030706,
    "positive_disparity_pct": 0.0037586805934155636,
    "rim_over_p50": 0.0,
    "rim_over_p95": 1.2222971692681313,
    "source_coverage_pct": 99.92601361349512,
    "source_halo_p95": 1.4604162946343422,
    "source_residual_p50": 0.5786982433249553,
    "source_residual_p95": 5.0416509211063385,
    "source_stretch_pct": 4.296833900917865,
    "source_stretch_support": 4.72214258409786,
    "static_jitter": 2.3667933089392528,
    "static_support": 0.1377776990052852,
    "stretch_area": 1.1653608502962538,
    "swim": 5.927761720574421,
    "vmisalign_pct": 0.00728902453983869,
    "vmisalign_px": 0.01356789912097156,
    "warp_hole_pct": 0.6006769754365197,
    "warp_unresolved_pct": 0.0,
    "_n": 24,
    "_models": [
      ""
    ],
    "flicker_p50": 27.13031005859375,
    "flicker_p95": 36.36234321594238,
    "flicker_disocc_p50": 53.9244270324707,
    "flicker_disocc_p95": 67.48645324707032,
    "swim_p50": 5.108949184417725,
    "swim_p95": 10.666536140441893,
    "static_jitter_p50": 2.284794569015503,
    "static_jitter_p95": 2.8365317940711976,
    "flow_temporal_p50": 8.490870475769043,
    "flow_temporal_p95": 9.45105686187744,
    "flow_depth_p50": 32.0991325378418,
    "flow_depth_p95": 62.31796798706055,
    "depth_gt_lag_f1_p50": 0.0,
    "depth_gt_lag_f1_p95": 5.737704064028062,
    "q_clean": 82.2,
    "q_depth": 52.0,
    "score": 82.2
  },
  "perf_ms": {
    "depth_infer": 2.8983,
    "sbs_composite_cpu": 0.0061,
    "warp_infer": 0.109024
  },
  "meta": {
    "git_sha": "3d4bbc78",
    "git_dirty": true,
    "clip_set_sha1": {
      "bonn_person_close": "9833f080aed3",
      "bonn_person_walk": "d50a574dc05a",
      "sintel_ambush": "eb33a2b52c5f",
      "sintel_market": "eaa7b4a85487",
      "tartanair_house_easy": "28eb837aa364",
      "tartanair_house_motion": "d01e8c02d4c8",
      "vkitti_drive_clone": "87ece81615b1",
      "vkitti_drive_rain": "ab987283ebd2"
    },
    "mode": "profile",
    "suite": "extended-v2",
    "clips_root": "E:\\ApolloDev\\sbs_bench\\datasets\\prepared\\extended-v2",
    "extra_args": [],
    "conf": "tools\\sbsbench\\bench.conf",
    "model": "depth_anything_v2_fp16",
    "profile": "apollo",
    "warp": "apollo",
    "literal_bestv2": false,
    "depth_compensation": "none",
    "eval_schema": 15,
    "depth_step": "current-once",
    "depth_reuse_interval": 1,
    "conf_sha256": "679341c6d0d9db4d",
    "metric_sha256": "dbe6b364336d0f4a",
    "gpu_contention": false,
    "timestamp": "2026-07-12T17:26:42",
    "run_name": "evalv15-matched-only-extended",
    "name": "sintel-ambush",
    "description": "Cinematic non-rigid action, layered silhouettes and rapid motion.",
    "dataset": "MPI Sintel Stereo Training Dataset",
    "homepage": "https://sintel.is.tue.mpg.de/stereo",
    "citation": "Butler et al., A Naturalistic Open Source Movie for Optical Flow Evaluation, ECCV 2012",
    "license_note": "Official research dataset derived from the open Sintel film; prepared media remains external to Git.",
    "gt_depth_kind": "disparity",
    "clip_sha1": "eb33a2b52c5f"
  }
}