{
  "aggregate": {
    "depth_gt_edge_f1": 23.2464789147094,
    "depth_gt_si_rmse": 11.507943967978159,
    "depth_spread": 0.8564007716874281,
    "disocc_frac": 0.06353069153765291,
    "disocc_smear": 0.006950829012586947,
    "edge_acc_p50": 19.458333333333332,
    "edge_acc_p95": 24.0,
    "flicker": 7.104868754096653,
    "flicker_disocc": 19.55719524881114,
    "flow_depth": 17.170736001885455,
    "flow_support": 0.7742882429198247,
    "flow_temporal": 6.222429088924242,
    "image_integrity_pct": 98.17909287736634,
    "negative_disparity_pct": 1.1607269106048705,
    "pop_pct_p50": 0.9558995395780974,
    "pop_px_p50": 9.87904472310638,
    "pop_px_p95": 11.639171987909492,
    "pop_spread_pct": 0.7945327021792167,
    "pop_spread_px": 8.211348341336615,
    "positive_disparity_pct": 0.0014246890110171623,
    "rim_over_p50": 0.0,
    "rim_over_p95": 3.2970758030811944,
    "source_coverage_pct": 99.81133471441255,
    "source_halo_p95": 3.391666501760483,
    "source_residual_p50": 1.4282472381989162,
    "source_residual_p95": 10.763911684354147,
    "source_stretch_pct": 4.551356841512868,
    "source_stretch_support": 7.331983467125382,
    "static_jitter": 1.9342522413834282,
    "static_support": 0.283851602232499,
    "stretch_area": 4.687761312595566,
    "swim": 1.504145182993101,
    "vmisalign_pct": 0.004773233683967809,
    "vmisalign_px": 0.010945251395848269,
    "_n": 24,
    "_models": [
      ""
    ],
    "flicker_p50": 7.411205768585205,
    "flicker_p95": 9.509114265441895,
    "flicker_disocc_p50": 20.315523147583008,
    "flicker_disocc_p95": 26.75100975036621,
    "swim_p50": 1.3307342529296875,
    "swim_p95": 3.6089468479156475,
    "static_jitter_p50": 1.927799940109253,
    "static_jitter_p95": 1.9999998807907104,
    "flow_temporal_p50": 6.190422534942627,
    "flow_temporal_p95": 6.857139921188354,
    "flow_depth_p50": 17.504600524902344,
    "flow_depth_p95": 29.829044914245596,
    "q_clean": 78.9,
    "q_depth": 31.8,
    "score": 78.9
  },
  "perf_ms": {
    "depth_infer": 3.17997,
    "sbs_composite_cpu": 0.0067,
    "warp_infer": 0.019136
  },
  "meta": {
    "git_sha": "8a5564a9",
    "git_dirty": true,
    "clip_set_sha1": {
      "bonn_person_close": "9833f080aed3",
      "bonn_person_walk": "d50a574dc05a",
      "sintel_ambush": "eb33a2b52c5f",
      "sintel_market": "eaa7b4a85487",
      "tartanair_house_easy": "28eb837aa364",
      "tartanair_house_motion": "d01e8c02d4c8",
      "vkitti_drive_clone": "87ece81615b1",
      "vkitti_drive_rain": "ab987283ebd2"
    },
    "mode": "profile",
    "suite": "extended-v2",
    "clips_root": "E:\\ApolloDev\\sbs_bench\\datasets\\prepared\\extended-v2",
    "extra_args": [],
    "conf": "tools\\sbsbench\\bench.conf",
    "model": "depth_anything_v2_fp16",
    "profile": "vd3d",
    "warp": "vd3d",
    "eval_schema": 9,
    "depth_step": "current-once",
    "conf_sha256": "9d32d1467ef6e8c2",
    "metric_sha256": "424bb4a8bb87c29f",
    "gpu_contention": false,
    "timestamp": "2026-07-11T23:08:22",
    "run_name": "vd3d-default-baseline-extended",
    "name": "sintel-market",
    "description": "Cinematic market scene with people, clutter and depth layering.",
    "dataset": "MPI Sintel Stereo Training Dataset",
    "homepage": "https://sintel.is.tue.mpg.de/stereo",
    "citation": "Butler et al., A Naturalistic Open Source Movie for Optical Flow Evaluation, ECCV 2012",
    "license_note": "Official research dataset derived from the open Sintel film; prepared media remains external to Git.",
    "gt_depth_kind": "disparity",
    "clip_sha1": "eaa7b4a85487"
  }
}