{
  "aggregate": {
    "artifact_in_hole_pct": 22.123590982286633,
    "depth_gt_edge_f1": 37.973235374487125,
    "depth_gt_ghost_edge_pct": 22.247569454711353,
    "depth_gt_lag_f1": 0.5850177496712495,
    "depth_gt_si_rmse": 18.15642821788788,
    "depth_spread": 0.8456811594466368,
    "disocc_frac": 0.05937320814220184,
    "disocc_smear": 0.0,
    "edge_acc_p50": 1.5833333333333333,
    "edge_acc_p95": 23.875,
    "flicker": 25.906949105470076,
    "flicker_disocc": 56.86957433949346,
    "flow_depth": 34.26179504394531,
    "flow_support": 0.5400706147786198,
    "flow_temporal": 8.35991676993992,
    "hole_bad_fill_pct": 0.18179585146808827,
    "hole_source_residual_p95": 14.087019320329027,
    "image_integrity_pct": 98.7153134635149,
    "negative_disparity_pct": 1.3852835331676068,
    "pop_pct_p50": 0.7695732560607275,
    "pop_px_p50": 7.95339708782168,
    "pop_px_p95": 13.418956455899673,
    "pop_spread_pct": 1.300813707734983,
    "pop_spread_px": 13.44366877801369,
    "positive_disparity_pct": 0.0036696486909069924,
    "rim_over_p50": 0.0,
    "rim_over_p95": 1.1555892725785573,
    "source_coverage_pct": 99.91121633619414,
    "source_halo_p95": 1.3520832459131877,
    "source_residual_p50": 0.5786971890678009,
    "source_residual_p95": 5.041675478219986,
    "source_stretch_pct": 4.24393686464931,
    "source_stretch_support": 5.322862910932722,
    "static_jitter": 2.3667941774640764,
    "static_support": 0.1377776990052852,
    "stereo_gt_coverage_pct": 82.90776771635048,
    "stereo_gt_global_shift_px": 44.166666666666664,
    "stereo_gt_psnr": 16.675531766459027,
    "stereo_gt_residual_p95": 77.50522764523824,
    "stereo_gt_ssim": 0.5942701833943526,
    "stretch_area": 1.21025062117737,
    "swim": 5.904922386874324,
    "vmisalign_pct": 0.006874767986527823,
    "vmisalign_px": 0.013940947877320772,
    "warp_hole_pct": 0.6398281049620204,
    "_n": 24,
    "_models": [
      ""
    ],
    "flicker_p50": 27.130809783935547,
    "flicker_p95": 36.36351127624511,
    "flicker_disocc_p50": 56.592559814453125,
    "flicker_disocc_p95": 72.59730072021485,
    "swim_p50": 5.066146373748779,
    "swim_p95": 10.653695964813231,
    "static_jitter_p50": 2.284794569015503,
    "static_jitter_p95": 2.8365317940711976,
    "flow_temporal_p50": 8.4766845703125,
    "flow_temporal_p95": 9.450052070617675,
    "flow_depth_p50": 32.07438659667969,
    "flow_depth_p95": 62.51467399597168,
    "depth_gt_lag_f1_p50": 0.0,
    "depth_gt_lag_f1_p95": 5.656346711881649,
    "depth_gt_ghost_edge_pct_p50": 21.89010989010989,
    "depth_gt_ghost_edge_pct_p95": 40.62824185331154,
    "q_clean": 82.4,
    "q_depth": 52.0,
    "score": 82.4
  },
  "perf_ms": {
    "depth_infer": 2.2585,
    "depth_postprocess_gpu": 0.071072,
    "depth_preprocess_gpu": 0.15184,
    "sbs_composite_cpu": 0.0051,
    "warp_infer": 0.04784
  },
  "meta": {
    "git_sha": "54fbc592",
    "git_dirty": true,
    "clip_set_sha1": {
      "bonn_person_close": "9833f080aed3",
      "bonn_person_walk": "d50a574dc05a",
      "sintel_ambush": "bb5125caa90f",
      "sintel_market": "064b8ba8f8b3",
      "tartanair_house_easy": "28eb837aa364",
      "tartanair_house_motion": "d01e8c02d4c8",
      "vkitti_drive_clone": "87ece81615b1",
      "vkitti_drive_rain": "ab987283ebd2"
    },
    "mode": "profile",
    "suite": "extended-v2",
    "clips_root": "E:\\ApolloDev\\sbs_bench\\datasets\\prepared\\extended-v2",
    "extra_args": [],
    "conf": "tools\\sbsbench\\bench.conf",
    "model": "depth_anything_v2_fp16",
    "profile": "apollo",
    "literal_bestv2": false,
    "depth_compensation": "none",
    "eval_schema": 19,
    "depth_step": "current-once",
    "depth_reuse_interval": 1,
    "conf_sha256": "679341c6d0d9db4d",
    "metric_sha256": "4611fd0af2195166",
    "gpu_contention": false,
    "timestamp": "2026-07-14T12:22:00",
    "run_name": "gt-stereo-baseline-extended-2",
    "cuda_graph": true,
    "cuda_graph_captured": true,
    "name": "sintel-ambush",
    "description": "Cinematic non-rigid action, layered silhouettes and rapid motion.",
    "dataset": "MPI Sintel Stereo Training Dataset",
    "homepage": "https://sintel.is.tue.mpg.de/stereo",
    "citation": "Butler et al., A Naturalistic Open Source Movie for Optical Flow Evaluation, ECCV 2012",
    "license_note": "Official research dataset derived from the open Sintel film; prepared media remains external to Git.",
    "gt_depth_kind": "disparity",
    "required_gt_depth": true,
    "required_gt_flow": false,
    "required_gt_stereo": true,
    "clip_sha1": "bb5125caa90f"
  }
}