{
  "aggregate": {
    "artifact_in_hole_pct": 40.14907764907765,
    "depth_gt_edge_f1": 38.342500877570025,
    "depth_gt_si_rmse": 18.22226806481679,
    "depth_spread": 0.8455533621211847,
    "disocc_frac": 0.06224102055260894,
    "disocc_smear": 0.0,
    "edge_acc_p50": 2.4166666666666665,
    "edge_acc_p95": 23.875,
    "flicker": 25.869331795236338,
    "flicker_disocc": 53.9671576126762,
    "flow_depth": 34.32476653223453,
    "flow_support": 0.5400706147786198,
    "flow_temporal": 8.370433123215385,
    "hole_bad_fill_pct": 0.12404860007032457,
    "hole_source_residual_p95": 14.863210511207578,
    "image_integrity_pct": 98.73627511912161,
    "negative_disparity_pct": 1.3690213183658797,
    "pop_pct_p50": 0.816165222578571,
    "pop_px_p50": 8.434916433641645,
    "pop_px_p95": 13.397719413352982,
    "pop_spread_pct": 1.2971311709935762,
    "pop_spread_px": 13.405610442742498,
    "positive_disparity_pct": 0.003733825551850514,
    "rim_over_p50": 0.0,
    "rim_over_p95": 1.2427714814742405,
    "source_coverage_pct": 99.92971293282037,
    "source_halo_p95": 1.249999925494194,
    "source_residual_p50": 0.5786981725444397,
    "source_residual_p95": 5.208365350961685,
    "source_stretch_pct": 4.1969698542352605,
    "source_stretch_support": 4.7078077217125385,
    "static_jitter": 2.371666601725987,
    "static_support": 0.1377776990052852,
    "stretch_area": 1.1443625167240061,
    "swim": 5.927761720574421,
    "vmisalign_pct": 0.004604476965417009,
    "vmisalign_px": 0.011357523806509562,
    "warp_hole_pct": 0.6006769754365197,
    "warp_unresolved_pct": 0.0,
    "_n": 24,
    "_models": [
      ""
    ],
    "flicker_p50": 27.109590530395508,
    "flicker_p95": 36.26531906127929,
    "flicker_disocc_p50": 53.65253829956055,
    "flicker_disocc_p95": 66.2951904296875,
    "swim_p50": 5.108949184417725,
    "swim_p95": 10.666536140441893,
    "static_jitter_p50": 2.284794569015503,
    "static_jitter_p95": 2.8365317940711976,
    "flow_temporal_p50": 8.539429664611816,
    "flow_temporal_p95": 9.468807506561278,
    "flow_depth_p50": 32.0991325378418,
    "flow_depth_p95": 62.31796798706055,
    "q_clean": 82.4,
    "q_depth": 51.9,
    "score": 82.4
  },
  "perf_ms": {
    "depth_infer": 2.84314,
    "sbs_composite_cpu": 0.0078,
    "warp_infer": 0.019328
  },
  "meta": {
    "git_sha": "1e1ff805",
    "git_dirty": true,
    "clip_set_sha1": {
      "bonn_person_close": "9833f080aed3",
      "bonn_person_walk": "d50a574dc05a",
      "sintel_ambush": "eb33a2b52c5f",
      "sintel_market": "eaa7b4a85487",
      "tartanair_house_easy": "28eb837aa364",
      "tartanair_house_motion": "d01e8c02d4c8",
      "vkitti_drive_clone": "87ece81615b1",
      "vkitti_drive_rain": "ab987283ebd2"
    },
    "mode": "profile",
    "suite": "extended-v2",
    "clips_root": "E:\\ApolloDev\\sbs_bench\\datasets\\prepared\\extended-v2",
    "extra_args": [],
    "conf": "tools\\sbsbench\\bench.conf",
    "model": "depth_anything_v2_fp16",
    "profile": "vd3d",
    "warp": "vd3d",
    "literal_bestv2": false,
    "eval_schema": 12,
    "depth_step": "current-once",
    "depth_reuse_interval": 1,
    "conf_sha256": "da08885f8dd3cd82",
    "metric_sha256": "a326ddae1c56ee7b",
    "gpu_contention": false,
    "timestamp": "2026-07-12T10:10:33",
    "run_name": "evalv12-baseline-extended",
    "name": "sintel-ambush",
    "description": "Cinematic non-rigid action, layered silhouettes and rapid motion.",
    "dataset": "MPI Sintel Stereo Training Dataset",
    "homepage": "https://sintel.is.tue.mpg.de/stereo",
    "citation": "Butler et al., A Naturalistic Open Source Movie for Optical Flow Evaluation, ECCV 2012",
    "license_note": "Official research dataset derived from the open Sintel film; prepared media remains external to Git.",
    "gt_depth_kind": "disparity",
    "clip_sha1": "eb33a2b52c5f"
  }
}