{
  "aggregate": {
    "artifact_in_hole_pct": 17.52759810258757,
    "depth_gt_edge_f1": 27.96526351115021,
    "depth_gt_ghost_edge_pct": 6.452519203343778,
    "depth_gt_lag_f1": 0.1486116720812675,
    "depth_gt_si_rmse": 11.467631300290426,
    "depth_spread": 0.8560580722987652,
    "disocc_frac": 0.05775260342005926,
    "disocc_smear": 0.030728923204700626,
    "edge_acc_p50": 19.6875,
    "edge_acc_p95": 24.0,
    "exact_pop_spread_pct": 0.9792829834997073,
    "flicker": 7.071344997571862,
    "flicker_disocc": 20.504905990932297,
    "flow_depth": 16.864606152410094,
    "flow_support": 0.7742882429198247,
    "flow_temporal": 6.147204979606297,
    "hole_bad_fill_pct": 0.2559867393831254,
    "hole_source_residual_p95": 11.352736198902127,
    "image_integrity_pct": 98.1041077665059,
    "image_negative_disparity_pct": 1.1499398388725757,
    "image_positive_disparity_pct": 0.0003992606866818162,
    "negative_disparity_pct": 1.1677615823002037,
    "pop_pct_p50": 0.9602665060684235,
    "pop_px_p50": 9.924176513086401,
    "pop_px_p95": 11.64764528590346,
    "pop_spread_pct": 0.8698206614771907,
    "pop_spread_px": 8.989435458466494,
    "positive_disparity_pct": 0.0,
    "rim_over_p50": 0.0,
    "rim_over_p95": 3.5510134051243463,
    "source_coverage_pct": 99.87792246226694,
    "source_halo_p95": 3.3749996150533357,
    "source_residual_p50": 1.4213133056958516,
    "source_residual_p95": 10.916667501131693,
    "source_stretch_pct": 4.388394706792636,
    "source_stretch_support": 7.820264717125382,
    "static_jitter": 1.9124006084773852,
    "static_support": 0.283851602232499,
    "stereo_art_ddc_iou": 3.0453656808338843,
    "stereo_art_polarity_ok": 100.0,
    "stereo_art_scale_error_pct": 3.3807227346682573,
    "stereo_art_scale_pct": 0.9803319005550332,
    "stereo_art_support_pct": 80.82607630925077,
    "stereo_art_zero_error_pct": 1.5325440763612015,
    "stereo_art_zero_pct": -0.9009648822621917,
    "stereo_gt_coverage_pct": 92.42505124874778,
    "stereo_gt_global_shift_px": 19.333333333333332,
    "stereo_gt_psnr": 20.374234313245154,
    "stereo_gt_residual_p95": 30.15636412302653,
    "stereo_gt_ssim": 0.6281955602268378,
    "stereo_ref_ddc_iou": 8.26354688877854,
    "stereo_ref_scale_pct": 4.36105463522329,
    "stereo_ref_zero_pct": 0.6315791940990098,
    "stretch_area": 4.683654971808104,
    "swim": 1.5056675698446191,
    "vmisalign_pct": 0.004913952680082496,
    "vmisalign_px": 0.01209291493675361,
    "warp_hole_pct": 0.6416777646246424,
    "_n": 24,
    "_models": [
      ""
    ],
    "flicker_p50": 7.387425422668457,
    "flicker_p95": 9.482616233825684,
    "flicker_disocc_p50": 21.286540985107422,
    "flicker_disocc_p95": 29.363966178894042,
    "swim_p50": 1.3229578733444214,
    "swim_p95": 3.594552755355833,
    "static_jitter_p50": 1.9277961254119873,
    "static_jitter_p95": 1.9999998807907104,
    "flow_temporal_p50": 6.123231410980225,
    "flow_temporal_p95": 6.8183482646942135,
    "flow_depth_p50": 16.43967628479004,
    "flow_depth_p95": 29.756214141845692,
    "depth_gt_lag_f1_p50": 0.0,
    "depth_gt_lag_f1_p95": 0.7674017108407658,
    "depth_gt_ghost_edge_pct_p50": 5.731990704879938,
    "depth_gt_ghost_edge_pct_p95": 16.613656709462187,
    "stereo_art_scale_pct_std": 0.27277987866090897,
    "stereo_art_zero_pct_std": 0.054092738798862124,
    "stereo_ref_scale_pct_std": 1.0229490809267894,
    "stereo_ref_zero_pct_std": 0.06596044519903424,
    "stereo_art_scale_std_error_pct": 0.7501692022658804,
    "stereo_art_zero_std_error_pct": 0.011867706400172116,
    "q_clean": 79.0,
    "q_depth": 39.2,
    "score": 79.0
  },
  "perf_ms": {
    "depth_infer": 2.2424,
    "depth_postprocess_gpu": 0.077472,
    "depth_preprocess_gpu": 0.128896,
    "sbs_composite_cpu": 4.854,
    "warp_infer": 4.68861
  },
  "meta": {
    "git_sha": "e15f08f1",
    "git_dirty": true,
    "run_kind": "baseline_gate",
    "baseline_identities": {},
    "clip_set_sha1": {
      "bonn_person_close": "3dbbc6790aa2",
      "bonn_person_walk": "29cacb5ce074",
      "sintel_ambush": "bb5125caa90f",
      "sintel_market": "064b8ba8f8b3",
      "spring_character_close": "079ea7bbb6e4",
      "spring_daylight_path": "d127cf6db91a",
      "spring_forest_seeds": "990d0ca3dff9",
      "spring_skeleton_cave": "aba9df0a540e",
      "tartanair_house_easy": "3dcc51c9c695",
      "tartanair_house_motion": "5a55318f726a",
      "vkitti_drive_clone": "f5357826fe51",
      "vkitti_drive_rain": "ea09d6efe71f"
    },
    "mode": "profile",
    "suite": "extended-v3",
    "clips_root": "E:\\ApolloDev\\sbs_bench\\datasets\\prepared\\extended-v3",
    "extra_args": [],
    "conf": "tools\\sbsbench\\bench.conf",
    "model": "depth_anything_v2_fp16",
    "profile": "apollo",
    "adaptive_pop": true,
    "adaptive_pop_max": 1.3,
    "pop_strength": 1.25,
    "ema": 0.5,
    "ema_edge_change": 0.05,
    "ema_edge_gradient": 0.02,
    "ema_edge_strength": 0.25,
    "minmax_ema": 0.18,
    "subject_lock": 0.5,
    "subject_recenter": 0.35,
    "subject_stretch": true,
    "depth_short_side": 432,
    "depth_max_aspect": 4,
    "zero_plane": "legacy",
    "cuda_graph": true,
    "artistic_style": "immersive",
    "artistic_policy": true,
    "artistic_policy_consumed": false,
    "artistic_policy_authorization": "none",
    "model_onnx_sha256": "",
    "policy_metadata_sha256": "",
    "deployment_geometry_allowlist_sha256": "",
    "artistic_scale_override": 0,
    "output_interval": 1,
    "output_gt_right_only": false,
    "literal_bestv2": false,
    "depth_compensation": "none",
    "eval_schema": 29,
    "depth_step": "current-once",
    "depth_reuse_interval": 1,
    "conf_sha256": "679341c6d0d9db4d",
    "metric_sha256": "88028fadef928b53",
    "policy_warp_source_sha256": "86889c3f389a4c54ebcf0262f479ec71aadd81c42847a50bb39bf2fcce2fd132",
    "gpu_contention": false,
    "timestamp": "2026-07-15T13:11:32",
    "run_name": "eval29-required-evidence-extended-baseline",
    "depth_override_frames": 0,
    "harness_schema": 24,
    "source_width": 1024,
    "source_height": 436,
    "model_input_width": 980,
    "model_input_height": 420,
    "eye_width": 1024,
    "eye_height": 436,
    "color_mode": "sdr-srgb-8bit",
    "content_scale_x": 1,
    "content_scale_y": 1,
    "disparity_raster_width": 1024,
    "disparity_raster_height": 436,
    "artifact_mode": "full",
    "warp_disparity": "exact_clamped_full_binocular_normalized_at_output_eye_raster_zero_bars",
    "warp_unclamped_disparity": "unclamped_full_binocular_normalized_at_artistic_scale_1_output_eye_raster_zero_bars",
    "artistic_disparity_contract": "clamp(raw_baseline_times_scale_to_plus_or_minus_0.142_times_aspect_scale_times_content_scale_x)",
    "artistic_full_clamp_abs": 0.143314838,
    "warp_mask": {
      "red": "forward_disocclusion_before_fill"
    },
    "cuda_graph_captured": true,
    "name": "sintel-market",
    "description": "Cinematic market scene with people, clutter and depth layering.",
    "dataset": "MPI Sintel Stereo Training Dataset",
    "homepage": "https://sintel.is.tue.mpg.de/stereo",
    "citation": "Butler et al., A Naturalistic Open Source Movie for Optical Flow Evaluation, ECCV 2012",
    "license_note": "Official research dataset derived from the open Sintel film; prepared media remains external to Git.",
    "required_gt_depth": true,
    "required_gt_flow": false,
    "gt_depth_kind": "disparity",
    "required_gt_stereo": true,
    "clip_sha1": "064b8ba8f8b3"
  }
}