{
  "aggregate": {
    "artifact_in_hole_pct": 21.945045695045696,
    "depth_gt_edge_f1": 37.9734602244757,
    "depth_gt_lag_f1": 0.6011375270658565,
    "depth_gt_si_rmse": 18.156294107437134,
    "depth_spread": 0.8457777661581835,
    "disocc_frac": 0.0594130583130256,
    "disocc_smear": 0.0,
    "edge_acc_p50": 1.5833333333333333,
    "edge_acc_p95": 23.875,
    "flicker": 25.90669745984285,
    "flicker_disocc": 56.84779374495797,
    "flow_depth": 34.27606748498005,
    "flow_support": 0.5400706147786198,
    "flow_temporal": 8.363332872805389,
    "hole_bad_fill_pct": 0.2207110231736283,
    "hole_source_residual_p95": 14.161136039098098,
    "image_integrity_pct": 98.71610517666393,
    "negative_disparity_pct": 1.3852179149772392,
    "pop_pct_p50": 0.778024238912096,
    "pop_px_p50": 8.04073643059375,
    "pop_px_p95": 13.411977977609576,
    "pop_spread_pct": 1.2998805650847538,
    "pop_spread_px": 13.434024921527765,
    "positive_disparity_pct": 0.003993017819026118,
    "rim_over_p50": 0.0,
    "rim_over_p95": 1.1551970367630322,
    "source_coverage_pct": 99.91121633619414,
    "source_halo_p95": 1.2708334078391392,
    "source_residual_p50": 0.5786918432762226,
    "source_residual_p95": 5.050879846016566,
    "source_stretch_pct": 4.263091043450838,
    "source_stretch_support": 5.3179353019877675,
    "static_jitter": 2.3667941774640764,
    "static_support": 0.1377776990052852,
    "stretch_area": 1.2195832138761469,
    "swim": 5.907036838324173,
    "vmisalign_pct": 0.007522923427574131,
    "vmisalign_px": 0.013806438514923988,
    "warp_hole_pct": 0.728920045378317,
    "_n": 24,
    "_models": [
      ""
    ],
    "flicker_p50": 27.131790161132812,
    "flicker_p95": 36.3637638092041,
    "flicker_disocc_p50": 56.49459457397461,
    "flicker_disocc_p95": 72.50199279785156,
    "swim_p50": 5.062255382537842,
    "swim_p95": 10.66069631576538,
    "static_jitter_p50": 2.284794569015503,
    "static_jitter_p95": 2.8365317940711976,
    "flow_temporal_p50": 8.487417221069336,
    "flow_temporal_p95": 9.451524066925048,
    "flow_depth_p50": 32.09440612792969,
    "flow_depth_p95": 62.486088562011716,
    "depth_gt_lag_f1_p50": 0.0,
    "depth_gt_lag_f1_p95": 5.923782944837129,
    "q_clean": 82.4,
    "q_depth": 52.0,
    "score": 82.4
  },
  "perf_ms": {
    "depth_infer": 2.36288,
    "sbs_composite_cpu": 0.0049,
    "warp_infer": 0.108608
  },
  "meta": {
    "git_sha": "c3ecd6d9",
    "git_dirty": true,
    "clip_set_sha1": {
      "bonn_person_close": "9833f080aed3",
      "bonn_person_walk": "d50a574dc05a",
      "sintel_ambush": "eb33a2b52c5f",
      "sintel_market": "eaa7b4a85487",
      "tartanair_house_easy": "28eb837aa364",
      "tartanair_house_motion": "d01e8c02d4c8",
      "vkitti_drive_clone": "87ece81615b1",
      "vkitti_drive_rain": "ab987283ebd2"
    },
    "mode": "profile",
    "suite": "extended-v2",
    "clips_root": "E:\\ApolloDev\\sbs_bench\\datasets\\prepared\\extended-v2",
    "extra_args": [],
    "conf": "tools\\sbsbench\\bench.conf",
    "model": "depth_anything_v2_fp16",
    "profile": "apollo",
    "literal_bestv2": false,
    "depth_compensation": "none",
    "eval_schema": 19,
    "depth_step": "current-once",
    "depth_reuse_interval": 1,
    "conf_sha256": "679341c6d0d9db4d",
    "metric_sha256": "0e55e6ee073ec1ac",
    "gpu_contention": false,
    "timestamp": "2026-07-12T21:17:10",
    "run_name": "cuda-graph-baseline-extended",
    "cuda_graph": true,
    "cuda_graph_captured": true,
    "name": "sintel-ambush",
    "description": "Cinematic non-rigid action, layered silhouettes and rapid motion.",
    "dataset": "MPI Sintel Stereo Training Dataset",
    "homepage": "https://sintel.is.tue.mpg.de/stereo",
    "citation": "Butler et al., A Naturalistic Open Source Movie for Optical Flow Evaluation, ECCV 2012",
    "license_note": "Official research dataset derived from the open Sintel film; prepared media remains external to Git.",
    "gt_depth_kind": "disparity",
    "clip_sha1": "eb33a2b52c5f"
  }
}