{
  "aggregate": {
    "artifact_in_hole_pct": 9.968867623892267,
    "depth_gt_edge_f1": 28.22601497233465,
    "depth_gt_ghost_edge_pct": 8.184701378173944,
    "depth_gt_lag_f1": 0.030217476208828194,
    "depth_gt_si_rmse": 11.549949129422506,
    "depth_spread": 0.8959908237059911,
    "disocc_frac": 0.05793206917765673,
    "disocc_smear": 0.03261204320126818,
    "edge_acc_p50": 19.666666666666668,
    "edge_acc_p95": 24.0,
    "flicker": 7.070393469022668,
    "flicker_disocc": 20.495340222897738,
    "flow_depth": 12.774379979009213,
    "flow_support": 0.7742882429198247,
    "flow_temporal": 6.088472677313763,
    "hole_bad_fill_pct": 0.10210534133736171,
    "hole_source_residual_p95": 10.588415537277855,
    "image_integrity_pct": 98.20143884892086,
    "negative_disparity_pct": 1.160637161400692,
    "pop_pct_p50": 0.9614596430628296,
    "pop_px_p50": 9.936507362972295,
    "pop_px_p95": 11.63152014951694,
    "pop_spread_pct": 0.810406343714842,
    "pop_spread_px": 8.375399487044055,
    "positive_disparity_pct": 0.0014950026842511293,
    "rim_over_p50": 0.0,
    "rim_over_p95": 3.601327881217003,
    "source_coverage_pct": 99.90381769754364,
    "source_halo_p95": 3.420829507211844,
    "source_residual_p50": 1.444509486357371,
    "source_residual_p95": 10.957840720812479,
    "source_stretch_pct": 4.5535637988851265,
    "source_stretch_support": 8.008111142966362,
    "static_jitter": 1.8998435632042263,
    "static_support": 0.283851602232499,
    "stereo_art_ddc_iou": 2.9218723502955455,
    "stereo_art_polarity_ok": 100.0,
    "stereo_art_scale_error_pct": 3.169143010460728,
    "stereo_art_scale_pct": 0.8947031706527366,
    "stereo_art_support_pct": 80.8266735951835,
    "stereo_art_zero_error_pct": 1.526891853976873,
    "stereo_art_zero_pct": -0.8950631290775025,
    "stereo_gt_coverage_pct": 92.49697931076365,
    "stereo_gt_global_shift_px": 19.5,
    "stereo_gt_psnr": 20.358378693176288,
    "stereo_gt_residual_p95": 30.006767352422077,
    "stereo_gt_ssim": 0.6264196907480558,
    "stereo_ref_ddc_iou": 8.297447833086396,
    "stereo_ref_scale_pct": 4.0638461811134645,
    "stereo_ref_zero_pct": 0.6318287248993707,
    "stretch_area": 4.691121045967125,
    "swim": 1.123329688673434,
    "vmisalign_pct": 0.004278780003889985,
    "vmisalign_px": 0.012411823709650585,
    "warp_hole_pct": 0.6353580941106837,
    "_n": 24,
    "_models": [
      ""
    ],
    "flicker_p50": 7.389341354370117,
    "flicker_p95": 9.48487367630005,
    "flicker_disocc_p50": 22.3997802734375,
    "flicker_disocc_p95": 29.362461280822753,
    "swim_p50": 1.0311260223388672,
    "swim_p95": 2.0268478274345396,
    "static_jitter_p50": 1.9277961254119873,
    "static_jitter_p95": 1.9999998807907104,
    "flow_temporal_p50": 6.07752799987793,
    "flow_temporal_p95": 6.807254886627197,
    "flow_depth_p50": 12.236223220825195,
    "flow_depth_p95": 22.56454448699951,
    "depth_gt_lag_f1_p50": 0.0,
    "depth_gt_lag_f1_p95": 0.0,
    "depth_gt_ghost_edge_pct_p50": 7.450157397691501,
    "depth_gt_ghost_edge_pct_p95": 20.672209906319672,
    "stereo_art_scale_pct_std": 0.16868163816825418,
    "stereo_art_zero_pct_std": 0.04363190503952001,
    "stereo_ref_scale_pct_std": 0.2638206227254539,
    "stereo_ref_zero_pct_std": 0.06640820738293778,
    "stereo_art_scale_std_error_pct": 0.09513898455719974,
    "stereo_art_zero_std_error_pct": 0.022776302343417765,
    "q_clean": 78.8,
    "q_depth": 32.4,
    "score": 78.8
  },
  "perf_ms": {
    "depth_infer": 2.26182,
    "depth_postprocess_gpu": 0.0912,
    "depth_preprocess_gpu": 0.143808,
    "sbs_composite_cpu": 0.0049,
    "warp_infer": 0.048
  },
  "meta": {
    "git_sha": "e15f08f1",
    "git_dirty": true,
    "clip_set_sha1": {
      "bonn_person_close": "3dbbc6790aa2",
      "bonn_person_walk": "29cacb5ce074",
      "sintel_ambush": "bb5125caa90f",
      "sintel_market": "064b8ba8f8b3",
      "spring_character_close": "079ea7bbb6e4",
      "spring_daylight_path": "d127cf6db91a",
      "spring_forest_seeds": "990d0ca3dff9",
      "spring_skeleton_cave": "aba9df0a540e",
      "tartanair_house_easy": "3dcc51c9c695",
      "tartanair_house_motion": "5a55318f726a",
      "vkitti_drive_clone": "f5357826fe51",
      "vkitti_drive_rain": "ea09d6efe71f"
    },
    "mode": "profile",
    "suite": "extended",
    "clips_root": "E:\\ApolloDev\\sbs_bench\\datasets\\prepared\\extended-v3",
    "extra_args": [],
    "conf": "tools\\sbsbench\\bench.conf",
    "model": "depth_anything_v2_fp16",
    "profile": "apollo",
    "adaptive_pop": true,
    "adaptive_pop_max": 1.3,
    "zero_plane": "legacy",
    "literal_bestv2": false,
    "depth_compensation": "none",
    "eval_schema": 26,
    "depth_step": "current-once",
    "depth_reuse_interval": 1,
    "conf_sha256": "679341c6d0d9db4d",
    "metric_sha256": "bb8f6540c80451a4",
    "executable_sha256": "486322e71404be5f24c8875968b343f18ebb2856304aab6198a02d15b8db4f5b",
    "runtime_shader_sha256": "0d7165f0f96f77ed197bcb0ac5641fcba1d044df1268ea5ed8be90e65e1365ca",
    "engine_name": "depth_anything_v2_fp16.trt-opt770x434-level5-v2.trt11_1_0-sm120-gpuec0860237209d3fe-onnx2df6223f206b5164e21f664ace61dabeb9bb6a49b8b5a3e00510b4807d0f5b04.engine",
    "engine_sha256": "e54fe5b921df85b65cba29be6ef7e4cbb0c51b90b0f850947eba22521a290f28",
    "onnx_sha256": "2df6223f206b5164e21f664ace61dabeb9bb6a49b8b5a3e00510b4807d0f5b04",
    "gpu_contention": false,
    "run_kind": "baseline-update",
    "timestamp": "2026-07-17T19:08:24",
    "run_name": "review-fix26-baseline-extended-v2",
    "cuda_graph": true,
    "cuda_graph_captured": true,
    "source_frame_count": 24,
    "name": "sintel-market",
    "description": "Cinematic market scene with people, clutter and depth layering.",
    "gt_depth_kind": "disparity",
    "required_gt_depth": true,
    "required_gt_flow": false,
    "required_gt_stereo": true,
    "dataset": "MPI Sintel Stereo Training Dataset",
    "homepage": "https://sintel.is.tue.mpg.de/stereo",
    "citation": "Butler et al., A Naturalistic Open Source Movie for Optical Flow Evaluation, ECCV 2012",
    "license_note": "Official research dataset derived from the open Sintel film; prepared media remains external to Git.",
    "source_suite": "extended-v3",
    "clip_sha1": "064b8ba8f8b3"
  }
}