{
  "aggregate": {
    "artifact_in_hole_pct": 17.935285349355276,
    "depth_gt_edge_f1": 27.97444385662935,
    "depth_gt_ghost_edge_pct": 6.436536316819159,
    "depth_gt_lag_f1": 0.15253453306251222,
    "depth_gt_si_rmse": 11.46786916255951,
    "depth_spread": 0.8560200147330761,
    "disocc_frac": 0.05777014869433295,
    "disocc_smear": 0.03096200265837781,
    "edge_acc_p50": 19.666666666666668,
    "edge_acc_p95": 24.0,
    "flicker": 7.071322565493376,
    "flicker_disocc": 20.497840591098953,
    "flow_depth": 16.865701509558637,
    "flow_support": 0.7742882429198247,
    "flow_temporal": 6.14785849529764,
    "hole_bad_fill_pct": 0.27520129858937176,
    "hole_source_residual_p95": 11.48239448567231,
    "image_integrity_pct": 98.10421286031043,
    "negative_disparity_pct": 1.161712840811719,
    "pop_pct_p50": 0.9599757105317831,
    "pop_px_p50": 9.921171195066249,
    "pop_px_p95": 11.611449672653528,
    "pop_spread_pct": 0.8610071282651156,
    "pop_spread_px": 8.898349224855474,
    "positive_disparity_pct": 0.0032573846220032097,
    "rim_over_p50": 0.0,
    "rim_over_p95": 3.546116496125857,
    "source_coverage_pct": 99.87792246226694,
    "source_halo_p95": 3.3333329831560454,
    "source_residual_p50": 1.4213127096494038,
    "source_residual_p95": 10.916662653287252,
    "source_stretch_pct": 4.401539101744022,
    "source_stretch_support": 7.829671970565749,
    "static_jitter": 1.9124009298241658,
    "static_support": 0.283851602232499,
    "stereo_art_ddc_iou": 3.051772111487786,
    "stereo_art_polarity_ok": 100.0,
    "stereo_art_scale_error_pct": 3.380508705246356,
    "stereo_art_scale_pct": 0.9803089764450549,
    "stereo_art_support_pct": 80.82607630925077,
    "stereo_art_zero_error_pct": 1.5325787667431197,
    "stereo_art_zero_pct": -0.900925208921334,
    "stereo_gt_coverage_pct": 92.42549980584515,
    "stereo_gt_global_shift_px": 19.333333333333332,
    "stereo_gt_psnr": 20.374153337046284,
    "stereo_gt_residual_p95": 30.163208325703938,
    "stereo_gt_ssim": 0.6281876539190611,
    "stereo_ref_ddc_iou": 8.28026649141407,
    "stereo_ref_scale_pct": 4.360817681691411,
    "stereo_ref_zero_pct": 0.6316535578217858,
    "stretch_area": 4.687481334814603,
    "swim": 1.5061750243539396,
    "vmisalign_pct": 0.004787363727158362,
    "vmisalign_px": 0.012098350562155247,
    "warp_hole_pct": 0.6376701686889613,
    "_n": 24,
    "_models": [
      ""
    ],
    "flicker_p50": 7.387432098388672,
    "flicker_p95": 9.482997703552247,
    "flicker_disocc_p50": 21.273853302001953,
    "flicker_disocc_p95": 29.35813159942627,
    "swim_p50": 1.3229578733444214,
    "swim_p95": 3.591051721572874,
    "static_jitter_p50": 1.9277961254119873,
    "static_jitter_p95": 1.9999998807907104,
    "flow_temporal_p50": 6.123231410980225,
    "flow_temporal_p95": 6.81858115196228,
    "flow_depth_p50": 16.44211196899414,
    "flow_depth_p95": 29.7602647781372,
    "depth_gt_lag_f1_p50": 0.0,
    "depth_gt_lag_f1_p95": 0.7866102848244225,
    "depth_gt_ghost_edge_pct_p50": 5.731990704879938,
    "depth_gt_ghost_edge_pct_p95": 16.619682620881292,
    "stereo_art_scale_pct_std": 0.2731198565054537,
    "stereo_art_zero_pct_std": 0.05412000238130691,
    "stereo_ref_scale_pct_std": 1.0229973797921885,
    "stereo_ref_zero_pct_std": 0.06591974687622355,
    "stereo_art_scale_std_error_pct": 0.7498775232867348,
    "stereo_art_zero_std_error_pct": 0.011799744494916643,
    "q_clean": 79.0,
    "q_depth": 34.4,
    "score": 79.0
  },
  "perf_ms": {
    "depth_infer": 2.45738,
    "depth_postprocess_gpu": 0.077408,
    "depth_preprocess_gpu": 0.065344,
    "sbs_composite_cpu": 0.0044,
    "warp_infer": 0.04832
  },
  "meta": {
    "git_sha": "d638e752",
    "git_dirty": true,
    "clip_set_sha1": {
      "bonn_person_close": "9833f080aed3",
      "bonn_person_walk": "d50a574dc05a",
      "sintel_ambush": "bb5125caa90f",
      "sintel_market": "064b8ba8f8b3",
      "tartanair_house_easy": "28eb837aa364",
      "tartanair_house_motion": "d01e8c02d4c8",
      "vkitti_drive_clone": "87ece81615b1",
      "vkitti_drive_rain": "ab987283ebd2"
    },
    "mode": "profile",
    "suite": "extended-v2",
    "clips_root": "E:\\ApolloDev\\sbs_bench\\datasets\\prepared\\extended-v2",
    "extra_args": [],
    "conf": "tools\\sbsbench\\bench.conf",
    "model": "depth_anything_v2_fp16",
    "profile": "apollo",
    "adaptive_pop": true,
    "adaptive_pop_max": 1.3,
    "literal_bestv2": false,
    "depth_compensation": "none",
    "eval_schema": 21,
    "depth_step": "current-once",
    "depth_reuse_interval": 1,
    "conf_sha256": "679341c6d0d9db4d",
    "metric_sha256": "f9d0ac49d0cceb1b",
    "gpu_contention": false,
    "timestamp": "2026-07-14T14:23:20",
    "run_name": "art-style-extended",
    "cuda_graph": true,
    "cuda_graph_captured": true,
    "name": "sintel-market",
    "description": "Cinematic market scene with people, clutter and depth layering.",
    "dataset": "MPI Sintel Stereo Training Dataset",
    "homepage": "https://sintel.is.tue.mpg.de/stereo",
    "citation": "Butler et al., A Naturalistic Open Source Movie for Optical Flow Evaluation, ECCV 2012",
    "license_note": "Official research dataset derived from the open Sintel film; prepared media remains external to Git.",
    "gt_depth_kind": "disparity",
    "required_gt_depth": true,
    "required_gt_flow": false,
    "required_gt_stereo": true,
    "clip_sha1": "064b8ba8f8b3"
  }
}