{
  "aggregate": {
    "artifact_in_hole_pct": 22.371031746031747,
    "depth_gt_edge_f1": 37.967978162981765,
    "depth_gt_ghost_edge_pct": 22.259910771062977,
    "depth_gt_lag_f1": 0.591849804995462,
    "depth_gt_si_rmse": 18.156314770380657,
    "depth_spread": 0.8456290500859419,
    "disocc_frac": 0.0593574360605409,
    "disocc_smear": 0.0,
    "edge_acc_p50": 1.5625,
    "edge_acc_p95": 23.875,
    "exact_pop_spread_pct": 1.039375179322274,
    "flicker": 25.894726276397705,
    "flicker_disocc": 56.899813113005266,
    "flow_depth": 34.26495485720427,
    "flow_support": 0.5400706147786198,
    "flow_temporal": 8.430873186691947,
    "hole_bad_fill_pct": 0.1966755587460699,
    "hole_source_residual_p95": 14.108781685431799,
    "image_integrity_pct": 98.86142168427531,
    "image_negative_disparity_pct": 1.3886757731254402,
    "image_positive_disparity_pct": 0.0010482008062007912,
    "negative_disparity_pct": 1.4675967156066807,
    "pop_pct_p50": 0.7352861789871851,
    "pop_px_p50": 7.599046495725339,
    "pop_px_p95": 13.961989956146473,
    "pop_spread_pct": 1.3553265851336789,
    "pop_spread_px": 14.007049270951915,
    "positive_disparity_pct": 0.0,
    "rim_over_p50": 0.0,
    "rim_over_p95": 1.1579382593433063,
    "source_coverage_pct": 99.92231429416987,
    "source_halo_p95": 1.4166665747761726,
    "source_residual_p50": 0.5093071106821299,
    "source_residual_p95": 4.608508100112279,
    "source_stretch_pct": 4.015459965252749,
    "source_stretch_support": 5.333016771788991,
    "static_jitter": 2.362015119620732,
    "static_support": 0.1377776990052852,
    "stereo_art_polarity_ok": 66.66666666666667,
    "stereo_gt_coverage_pct": 82.98846677989188,
    "stereo_gt_global_shift_px": 44.5,
    "stereo_gt_psnr": 16.70708233529569,
    "stereo_gt_residual_p95": 76.92180037498474,
    "stereo_gt_ssim": 0.5940387832621733,
    "stretch_area": 1.2251827694954127,
    "swim": 5.905345450276914,
    "vmisalign_pct": 0.006797902046813877,
    "vmisalign_px": 0.01545118807310549,
    "warp_hole_pct": 0.6675729999013514,
    "_n": 24,
    "_models": [
      ""
    ],
    "flicker_p50": 27.106576919555664,
    "flicker_p95": 36.35844841003418,
    "flicker_disocc_p50": 56.59426498413086,
    "flicker_disocc_p95": 72.594278717041,
    "swim_p50": 5.070037364959717,
    "swim_p95": 10.649808311462401,
    "static_jitter_p50": 2.284794569015503,
    "static_jitter_p95": 2.836537134647369,
    "flow_temporal_p50": 8.573466300964355,
    "flow_temporal_p95": 9.492505741119384,
    "flow_depth_p50": 32.07310485839844,
    "flow_depth_p95": 62.502807235717775,
    "depth_gt_lag_f1_p50": 0.0,
    "depth_gt_lag_f1_p95": 5.85338691105673,
    "depth_gt_ghost_edge_pct_p50": 21.923561528769426,
    "depth_gt_ghost_edge_pct_p95": 40.65800730558492,
    "q_clean": 82.8,
    "q_depth": 41.6,
    "score": 82.8
  },
  "perf_ms": {
    "depth_infer": 2.23229,
    "depth_postprocess_gpu": 0.071328,
    "depth_preprocess_gpu": 0.12496,
    "sbs_composite_cpu": 4.8207,
    "warp_infer": 4.60454
  },
  "meta": {
    "git_sha": "e15f08f1",
    "git_dirty": true,
    "run_kind": "baseline_gate",
    "baseline_identities": {},
    "clip_set_sha1": {
      "bonn_person_close": "3dbbc6790aa2",
      "bonn_person_walk": "29cacb5ce074",
      "sintel_ambush": "bb5125caa90f",
      "sintel_market": "064b8ba8f8b3",
      "spring_character_close": "079ea7bbb6e4",
      "spring_daylight_path": "d127cf6db91a",
      "spring_forest_seeds": "990d0ca3dff9",
      "spring_skeleton_cave": "aba9df0a540e",
      "tartanair_house_easy": "3dcc51c9c695",
      "tartanair_house_motion": "5a55318f726a",
      "vkitti_drive_clone": "f5357826fe51",
      "vkitti_drive_rain": "ea09d6efe71f"
    },
    "mode": "profile",
    "suite": "extended-v3",
    "clips_root": "E:\\ApolloDev\\sbs_bench\\datasets\\prepared\\extended-v3",
    "extra_args": [],
    "conf": "tools\\sbsbench\\bench.conf",
    "model": "depth_anything_v2_fp16",
    "profile": "apollo",
    "adaptive_pop": true,
    "adaptive_pop_max": 1.3,
    "pop_strength": 1.25,
    "ema": 0.5,
    "ema_edge_change": 0.05,
    "ema_edge_gradient": 0.02,
    "ema_edge_strength": 0.25,
    "minmax_ema": 0.18,
    "subject_lock": 0.5,
    "subject_recenter": 0.35,
    "subject_stretch": true,
    "depth_short_side": 432,
    "depth_max_aspect": 4,
    "zero_plane": "legacy",
    "cuda_graph": true,
    "artistic_style": "immersive",
    "artistic_policy": true,
    "artistic_policy_consumed": false,
    "artistic_policy_authorization": "none",
    "model_onnx_sha256": "",
    "policy_metadata_sha256": "",
    "deployment_geometry_allowlist_sha256": "",
    "artistic_scale_override": 0,
    "output_interval": 1,
    "output_gt_right_only": false,
    "literal_bestv2": false,
    "depth_compensation": "none",
    "eval_schema": 29,
    "depth_step": "current-once",
    "depth_reuse_interval": 1,
    "conf_sha256": "679341c6d0d9db4d",
    "metric_sha256": "88028fadef928b53",
    "policy_warp_source_sha256": "86889c3f389a4c54ebcf0262f479ec71aadd81c42847a50bb39bf2fcce2fd132",
    "gpu_contention": false,
    "timestamp": "2026-07-15T13:11:32",
    "run_name": "eval29-required-evidence-extended-baseline",
    "depth_override_frames": 0,
    "harness_schema": 24,
    "source_width": 1024,
    "source_height": 436,
    "model_input_width": 980,
    "model_input_height": 420,
    "eye_width": 1024,
    "eye_height": 436,
    "color_mode": "sdr-srgb-8bit",
    "content_scale_x": 1,
    "content_scale_y": 1,
    "disparity_raster_width": 1024,
    "disparity_raster_height": 436,
    "artifact_mode": "full",
    "warp_disparity": "exact_clamped_full_binocular_normalized_at_output_eye_raster_zero_bars",
    "warp_unclamped_disparity": "unclamped_full_binocular_normalized_at_artistic_scale_1_output_eye_raster_zero_bars",
    "artistic_disparity_contract": "clamp(raw_baseline_times_scale_to_plus_or_minus_0.142_times_aspect_scale_times_content_scale_x)",
    "artistic_full_clamp_abs": 0.143314838,
    "warp_mask": {
      "red": "forward_disocclusion_before_fill"
    },
    "cuda_graph_captured": true,
    "name": "sintel-ambush",
    "description": "Cinematic non-rigid action, layered silhouettes and rapid motion.",
    "dataset": "MPI Sintel Stereo Training Dataset",
    "homepage": "https://sintel.is.tue.mpg.de/stereo",
    "citation": "Butler et al., A Naturalistic Open Source Movie for Optical Flow Evaluation, ECCV 2012",
    "license_note": "Official research dataset derived from the open Sintel film; prepared media remains external to Git.",
    "required_gt_depth": true,
    "required_gt_flow": false,
    "gt_depth_kind": "disparity",
    "required_gt_stereo": true,
    "clip_sha1": "bb5125caa90f"
  }
}