{
  "aggregate": {
    "artifact_in_hole_pct": 10.16762047263377,
    "depth_gt_edge_f1": 23.2464789147094,
    "depth_gt_lag_f1": 0.10174568337455811,
    "depth_gt_si_rmse": 11.507943967978159,
    "depth_spread": 0.8564007716874281,
    "disocc_frac": 0.06353069153765291,
    "disocc_smear": 0.006174147627731964,
    "edge_acc_p50": 19.458333333333332,
    "edge_acc_p95": 24.0,
    "flicker": 7.070385051810223,
    "flicker_disocc": 19.506071422411047,
    "flow_depth": 17.170736001885455,
    "flow_support": 0.7742882429198247,
    "flow_temporal": 6.133090827776038,
    "hole_bad_fill_pct": 0.0826701311337444,
    "hole_source_residual_p95": 10.037999055782949,
    "image_integrity_pct": 98.1737686773658,
    "negative_disparity_pct": 1.1601463039310858,
    "pop_pct_p50": 0.9576836345255977,
    "pop_px_p50": 9.897483014000843,
    "pop_px_p95": 11.485378695882204,
    "pop_spread_pct": 0.8576559399295259,
    "pop_spread_px": 8.86371531399759,
    "positive_disparity_pct": 0.002099776508871018,
    "rim_over_p50": 0.0,
    "rim_over_p95": 3.596424544850985,
    "source_coverage_pct": 99.78543947913585,
    "source_halo_p95": 3.3708335012197495,
    "source_residual_p50": 1.3796169012784958,
    "source_residual_p95": 10.619948546091715,
    "source_stretch_pct": 4.511210092210166,
    "source_stretch_support": 7.339300219801224,
    "static_jitter": 1.921694330547167,
    "static_support": 0.283851602232499,
    "stretch_area": 4.741890350248471,
    "swim": 1.504145182993101,
    "vmisalign_pct": 0.004277225165123786,
    "vmisalign_px": 0.01251349450709919,
    "warp_hole_pct": 0.6137787313800928,
    "warp_unresolved_pct": 0.0,
    "_n": 24,
    "_models": [
      ""
    ],
    "flicker_p50": 7.385256290435791,
    "flicker_p95": 9.480475425720215,
    "flicker_disocc_p50": 20.36899185180664,
    "flicker_disocc_p95": 26.56650791168213,
    "swim_p50": 1.3307342529296875,
    "swim_p95": 3.6089468479156475,
    "static_jitter_p50": 1.9277961254119873,
    "static_jitter_p95": 1.9999998807907104,
    "flow_temporal_p50": 6.082174301147461,
    "flow_temporal_p95": 6.827246284484863,
    "flow_depth_p50": 17.504600524902344,
    "flow_depth_p95": 29.829044914245596,
    "depth_gt_lag_f1_p50": 0.0,
    "depth_gt_lag_f1_p95": 0.8861145648272801,
    "q_clean": 79.1,
    "q_depth": 34.3,
    "score": 79.1
  },
  "perf_ms": {
    "depth_infer": 2.86451,
    "sbs_composite_cpu": 0.0074,
    "warp_infer": 0.109088
  },
  "meta": {
    "git_sha": "1e25968c",
    "git_dirty": true,
    "clip_set_sha1": {
      "bonn_person_close": "9833f080aed3",
      "bonn_person_walk": "d50a574dc05a",
      "sintel_ambush": "eb33a2b52c5f",
      "sintel_market": "eaa7b4a85487",
      "tartanair_house_easy": "28eb837aa364",
      "tartanair_house_motion": "d01e8c02d4c8",
      "vkitti_drive_clone": "87ece81615b1",
      "vkitti_drive_rain": "ab987283ebd2"
    },
    "mode": "profile",
    "suite": "extended-v2",
    "clips_root": "E:\\ApolloDev\\sbs_bench\\datasets\\prepared\\extended-v2",
    "extra_args": [],
    "conf": "tools\\sbsbench\\bench.conf",
    "model": "depth_anything_v2_fp16",
    "profile": "apollo",
    "warp": "apollo",
    "literal_bestv2": false,
    "depth_compensation": "none",
    "eval_schema": 16,
    "depth_step": "current-once",
    "depth_reuse_interval": 1,
    "conf_sha256": "679341c6d0d9db4d",
    "metric_sha256": "29b003a5cf912acb",
    "gpu_contention": false,
    "timestamp": "2026-07-12T18:19:50",
    "run_name": "evalv16-emaedge-defaultoff-extended",
    "name": "sintel-market",
    "description": "Cinematic market scene with people, clutter and depth layering.",
    "dataset": "MPI Sintel Stereo Training Dataset",
    "homepage": "https://sintel.is.tue.mpg.de/stereo",
    "citation": "Butler et al., A Naturalistic Open Source Movie for Optical Flow Evaluation, ECCV 2012",
    "license_note": "Official research dataset derived from the open Sintel film; prepared media remains external to Git.",
    "gt_depth_kind": "disparity",
    "clip_sha1": "eaa7b4a85487"
  }
}