{
  "aggregate": {
    "artifact_in_hole_pct": 23.03644018583043,
    "depth_gt_edge_f1": 37.973235374487125,
    "depth_gt_ghost_edge_pct": 22.247569454711353,
    "depth_gt_lag_f1": 0.5850177496712495,
    "depth_gt_si_rmse": 18.15642821788788,
    "depth_spread": 0.8456811594466368,
    "disocc_frac": 0.05937320814220184,
    "disocc_smear": 0.0,
    "edge_acc_p50": 1.5833333333333333,
    "edge_acc_p95": 23.875,
    "flicker": 25.894739461981732,
    "flicker_disocc": 56.906515204388164,
    "flow_depth": 34.26179504394531,
    "flow_support": 0.5400706147786198,
    "flow_temporal": 8.431190656579059,
    "hole_bad_fill_pct": 0.19615294406395115,
    "hole_source_residual_p95": 14.105080501238502,
    "image_integrity_pct": 98.85163539423768,
    "negative_disparity_pct": 1.5193129447502418,
    "pop_pct_p50": 0.7352923150985561,
    "pop_px_p50": 7.59910991130004,
    "pop_px_p95": 13.96600256168855,
    "pop_spread_pct": 1.355408359349208,
    "pop_spread_px": 14.007894392326035,
    "positive_disparity_pct": 0.0035529583912469924,
    "rim_over_p50": 0.0,
    "rim_over_p95": 1.1605026225248973,
    "source_coverage_pct": 99.92231429416987,
    "source_halo_p95": 1.3791665745278199,
    "source_residual_p50": 0.5093114705135425,
    "source_residual_p95": 4.608500470717748,
    "source_stretch_pct": 3.996614386369364,
    "source_stretch_support": 5.333166093272172,
    "static_jitter": 2.367170904363905,
    "static_support": 0.1377776990052852,
    "stereo_art_polarity_ok": 66.66666666666667,
    "stereo_gt_coverage_pct": 82.9894429571903,
    "stereo_gt_global_shift_px": 44.5,
    "stereo_gt_psnr": 16.707090687895278,
    "stereo_gt_residual_p95": 76.91805100440979,
    "stereo_gt_ssim": 0.5940385187665621,
    "stretch_area": 1.219116584241208,
    "swim": 5.904922386874324,
    "vmisalign_pct": 0.006889124452179179,
    "vmisalign_px": 0.015571851787778238,
    "warp_hole_pct": 0.668343691427444,
    "_n": 24,
    "_models": [
      ""
    ],
    "flicker_p50": 27.106704711914062,
    "flicker_p95": 36.35836219787598,
    "flicker_disocc_p50": 56.64724349975586,
    "flicker_disocc_p95": 72.6604377746582,
    "swim_p50": 5.066146373748779,
    "swim_p95": 10.653695964813231,
    "static_jitter_p50": 2.284794569015503,
    "static_jitter_p95": 2.836537134647369,
    "flow_temporal_p50": 8.57199764251709,
    "flow_temporal_p95": 9.492505741119384,
    "flow_depth_p50": 32.07438659667969,
    "flow_depth_p95": 62.51467399597168,
    "depth_gt_lag_f1_p50": 0.0,
    "depth_gt_lag_f1_p95": 5.656346711881649,
    "depth_gt_ghost_edge_pct_p50": 21.89010989010989,
    "depth_gt_ghost_edge_pct_p95": 40.62824185331154,
    "q_clean": 82.8,
    "q_depth": 54.2,
    "score": 82.8
  },
  "perf_ms": {
    "depth_infer": 2.2671,
    "depth_postprocess_gpu": 0.072864,
    "depth_preprocess_gpu": 0.140384,
    "sbs_composite_cpu": 0.0051,
    "warp_infer": 0.047936
  },
  "meta": {
    "git_sha": "e7c92d9d",
    "git_dirty": true,
    "clip_set_sha1": {
      "bonn_person_close": "3dbbc6790aa2",
      "bonn_person_walk": "29cacb5ce074",
      "sintel_ambush": "bb5125caa90f",
      "sintel_market": "064b8ba8f8b3",
      "spring_character_close": "079ea7bbb6e4",
      "spring_daylight_path": "d127cf6db91a",
      "spring_forest_seeds": "990d0ca3dff9",
      "spring_skeleton_cave": "aba9df0a540e",
      "tartanair_house_easy": "3dcc51c9c695",
      "tartanair_house_motion": "5a55318f726a",
      "vkitti_drive_clone": "f5357826fe51",
      "vkitti_drive_rain": "ea09d6efe71f"
    },
    "mode": "profile",
    "suite": "extended-v3",
    "clips_root": "E:\\ApolloDev\\sbs_bench\\datasets\\prepared\\extended-v3",
    "extra_args": [],
    "conf": "tools\\sbsbench\\bench.conf",
    "model": "depth_anything_v2_fp16",
    "profile": "apollo",
    "adaptive_pop": true,
    "adaptive_pop_max": 1.3,
    "zero_plane": "legacy",
    "literal_bestv2": false,
    "depth_compensation": "none",
    "eval_schema": 24,
    "depth_step": "current-once",
    "depth_reuse_interval": 1,
    "conf_sha256": "679341c6d0d9db4d",
    "metric_sha256": "de3a107791d5f662",
    "gpu_contention": false,
    "timestamp": "2026-07-14T16:21:06",
    "run_name": "evalv24-extended-v3",
    "cuda_graph": true,
    "cuda_graph_captured": true,
    "name": "sintel-ambush",
    "description": "Cinematic non-rigid action, layered silhouettes and rapid motion.",
    "dataset": "MPI Sintel Stereo Training Dataset",
    "homepage": "https://sintel.is.tue.mpg.de/stereo",
    "citation": "Butler et al., A Naturalistic Open Source Movie for Optical Flow Evaluation, ECCV 2012",
    "license_note": "Official research dataset derived from the open Sintel film; prepared media remains external to Git.",
    "required_gt_depth": true,
    "required_gt_flow": false,
    "gt_depth_kind": "disparity",
    "required_gt_stereo": true,
    "clip_sha1": "bb5125caa90f"
  }
}