{
  "aggregate": {
    "artifact_in_hole_pct": 12.1047131958166,
    "depth_gt_edge_f1": 27.97444385662935,
    "depth_gt_ghost_edge_pct": 6.436536316819159,
    "depth_gt_lag_f1": 0.15253453306251222,
    "depth_gt_si_rmse": 11.46786916255951,
    "depth_spread": 0.8560200147330761,
    "disocc_frac": 0.05777014869433295,
    "disocc_smear": 0.031100205204635457,
    "edge_acc_p50": 19.666666666666668,
    "edge_acc_p95": 24.0,
    "flicker": 7.068632664887802,
    "flicker_disocc": 20.495420455932617,
    "flow_depth": 16.865701509558637,
    "flow_support": 0.7742882429198247,
    "flow_temporal": 6.130786750627601,
    "hole_bad_fill_pct": 0.09606370776516578,
    "hole_source_residual_p95": 10.155342270930605,
    "image_integrity_pct": 98.17417284497067,
    "negative_disparity_pct": 1.1603149532057706,
    "pop_pct_p50": 0.9576757169544096,
    "pop_px_p50": 9.89740118736883,
    "pop_px_p95": 11.466491045755168,
    "pop_spread_pct": 0.8313947343911403,
    "pop_spread_px": 8.592310617944586,
    "positive_disparity_pct": 0.003401923136401504,
    "rim_over_p50": 0.0,
    "rim_over_p95": 3.578938603401184,
    "source_coverage_pct": 99.89641905889316,
    "source_halo_p95": 3.329166633387407,
    "source_residual_p50": 1.3796413093805313,
    "source_residual_p95": 10.627057433128357,
    "source_stretch_pct": 4.270759003085965,
    "source_stretch_support": 7.8325090787461775,
    "static_jitter": 1.9187291705090066,
    "static_support": 0.283851602232499,
    "stretch_area": 4.688974549646407,
    "swim": 1.5061750243539396,
    "vmisalign_pct": 0.004259426010037781,
    "vmisalign_px": 0.012500203214585781,
    "warp_hole_pct": 0.619019433757522,
    "_n": 24,
    "_models": [
      ""
    ],
    "flicker_p50": 7.3852996826171875,
    "flicker_p95": 9.478522491455077,
    "flicker_disocc_p50": 21.28893280029297,
    "flicker_disocc_p95": 29.3573184967041,
    "swim_p50": 1.3229578733444214,
    "swim_p95": 3.591051721572874,
    "static_jitter_p50": 1.9277961254119873,
    "static_jitter_p95": 1.9999998807907104,
    "flow_temporal_p50": 6.090496063232422,
    "flow_temporal_p95": 6.821677207946777,
    "flow_depth_p50": 16.44211196899414,
    "flow_depth_p95": 29.7602647781372,
    "depth_gt_lag_f1_p50": 0.0,
    "depth_gt_lag_f1_p95": 0.7866102848244225,
    "depth_gt_ghost_edge_pct_p50": 5.731990704879938,
    "depth_gt_ghost_edge_pct_p95": 16.619682620881292,
    "q_clean": 79.3,
    "q_depth": 33.3,
    "score": 79.3
  },
  "perf_ms": {
    "depth_infer": 2.27856,
    "depth_postprocess_gpu": 0.076288,
    "depth_preprocess_gpu": 0.154336,
    "sbs_composite_cpu": 0.0054,
    "warp_infer": 0.047936
  },
  "meta": {
    "git_sha": "fd376159",
    "git_dirty": true,
    "clip_set_sha1": {
      "bonn_person_close": "9833f080aed3",
      "bonn_person_walk": "d50a574dc05a",
      "sintel_ambush": "eb33a2b52c5f",
      "sintel_market": "eaa7b4a85487",
      "tartanair_house_easy": "28eb837aa364",
      "tartanair_house_motion": "d01e8c02d4c8",
      "vkitti_drive_clone": "87ece81615b1",
      "vkitti_drive_rain": "ab987283ebd2"
    },
    "mode": "profile",
    "suite": "extended-v2",
    "clips_root": "E:\\ApolloDev\\sbs_bench\\datasets\\prepared\\extended-v2",
    "extra_args": [],
    "conf": "tools\\sbsbench\\bench.conf",
    "model": "depth_anything_v2_fp16",
    "profile": "apollo",
    "literal_bestv2": false,
    "depth_compensation": "none",
    "eval_schema": 19,
    "depth_step": "current-once",
    "depth_reuse_interval": 1,
    "conf_sha256": "679341c6d0d9db4d",
    "metric_sha256": "feb8f76d5485f999",
    "gpu_contention": false,
    "timestamp": "2026-07-14T11:25:35",
    "run_name": "ghost-metric-extended-baseline-final",
    "cuda_graph": true,
    "cuda_graph_captured": true,
    "name": "sintel-market",
    "description": "Cinematic market scene with people, clutter and depth layering.",
    "dataset": "MPI Sintel Stereo Training Dataset",
    "homepage": "https://sintel.is.tue.mpg.de/stereo",
    "citation": "Butler et al., A Naturalistic Open Source Movie for Optical Flow Evaluation, ECCV 2012",
    "license_note": "Official research dataset derived from the open Sintel film; prepared media remains external to Git.",
    "gt_depth_kind": "disparity",
    "clip_sha1": "eaa7b4a85487"
  }
}