{
  "aggregate": {
    "artifact_in_hole_pct": 35.62485622268231,
    "depth_gt_edge_f1": 37.65179537136569,
    "depth_gt_ghost_edge_pct": 31.773947708468402,
    "depth_gt_lag_f1": 0.5569484277269894,
    "depth_gt_affine_nrmse_pct": 18.319881518681843,
    "depth_spread": 0.8833219135800997,
    "disocc_frac": 0.05956060660359327,
    "disocc_smear": 0.0,
    "edge_acc_p50": 1.5,
    "edge_acc_p95": 23.875,
    "flicker": 25.893503914708678,
    "flicker_disocc": 57.083164049231485,
    "flow_depth": 33.42886551566746,
    "flow_support": 0.5400706147786198,
    "flow_temporal": 8.44123131295909,
    "hole_bad_fill_pct": 0.3143336879093506,
    "hole_source_residual_p95": 14.97946961720784,
    "image_integrity_pct": 98.68610141654692,
    "negative_disparity_pct": 1.4511947609858542,
    "pop_pct_p50": 0.7810530879382341,
    "pop_px_p50": 8.07203902438092,
    "pop_px_p95": 13.769159355109073,
    "pop_spread_pct": 1.3266948429366145,
    "pop_spread_px": 13.711145517519737,
    "positive_disparity_pct": 0.0034379740998527527,
    "rim_over_p50": 0.0,
    "rim_over_p95": 1.1816671590010326,
    "source_coverage_pct": 99.91121633619414,
    "source_halo_p95": 1.3749999105930328,
    "source_residual_p50": 0.5045833593855301,
    "source_residual_p95": 4.666676680246989,
    "source_stretch_pct": 3.736033836195651,
    "source_stretch_support": 5.410514621559632,
    "static_jitter": 2.3564826420375278,
    "static_support": 0.1377776990052852,
    "stereo_art_polarity_ok": 66.66666666666667,
    "stereo_gt_coverage_pct": 82.79316252156694,
    "stereo_gt_global_shift_px": 43.166666666666664,
    "stereo_gt_psnr": 16.60813004464181,
    "stereo_gt_residual_p95": 79.43216689427693,
    "stereo_gt_ssim": 0.5971777103841305,
    "stretch_area": 1.2176233694094036,
    "swim": 5.2953812246737275,
    "vmisalign_pct": 0.008990962929818607,
    "vmisalign_px": 0.01769433747782993,
    "warp_hole_pct": 0.6105418269705041,
    "_n": 24,
    "_models": [
      ""
    ],
    "flicker_p50": 27.10289192199707,
    "flicker_p95": 36.33933448791504,
    "flicker_disocc_p50": 56.666038513183594,
    "flicker_disocc_p95": 72.67200775146485,
    "swim_p50": 5.22957181930542,
    "swim_p95": 9.598836898803711,
    "static_jitter_p50": 2.284794569015503,
    "static_jitter_p95": 2.8365317940711976,
    "flow_temporal_p50": 8.609577178955078,
    "flow_temporal_p95": 9.752815151214598,
    "flow_depth_p50": 31.726566314697266,
    "flow_depth_p95": 61.10676383972166,
    "depth_gt_lag_f1_p50": 0.0,
    "depth_gt_lag_f1_p95": 5.708637182967366,
    "depth_gt_ghost_edge_pct_p50": 29.986672589960016,
    "depth_gt_ghost_edge_pct_p95": 59.14659609559642,
    "q_clean": 82.7,
    "q_depth": 53.1,
    "score": 82.7
  },
  "perf_ms": {
    "depth_infer": 2.26275,
    "depth_postprocess_gpu": 0.087232,
    "depth_preprocess_gpu": 0.138656,
    "sbs_composite_cpu": 0.0049,
    "warp_infer": 0.047968
  },
  "meta": {
    "git_sha": "e15f08f1",
    "git_dirty": true,
    "clip_set_sha1": {
      "bonn_person_close": "3dbbc6790aa2",
      "bonn_person_walk": "29cacb5ce074",
      "sintel_ambush": "bb5125caa90f",
      "sintel_market": "064b8ba8f8b3",
      "spring_character_close": "079ea7bbb6e4",
      "spring_daylight_path": "d127cf6db91a",
      "spring_forest_seeds": "990d0ca3dff9",
      "spring_skeleton_cave": "aba9df0a540e",
      "tartanair_house_easy": "3dcc51c9c695",
      "tartanair_house_motion": "5a55318f726a",
      "vkitti_drive_clone": "f5357826fe51",
      "vkitti_drive_rain": "ea09d6efe71f"
    },
    "mode": "profile",
    "suite": "extended",
    "clips_root": "E:\\ApolloDev\\sbs_bench\\datasets\\prepared\\extended-v3",
    "extra_args": [],
    "conf": "tools\\sbsbench\\bench.conf",
    "model": "depth_anything_v2_fp16",
    "profile": "apollo",
    "adaptive_pop": true,
    "adaptive_pop_max": 1.3,
    "zero_plane": "legacy",
    "literal_bestv2": false,
    "depth_compensation": "none",
    "eval_schema": 26,
    "depth_step": "current-once",
    "depth_reuse_interval": 1,
    "conf_sha256": "679341c6d0d9db4d",
    "metric_sha256": "bb8f6540c80451a4",
    "executable_sha256": "486322e71404be5f24c8875968b343f18ebb2856304aab6198a02d15b8db4f5b",
    "runtime_shader_sha256": "0d7165f0f96f77ed197bcb0ac5641fcba1d044df1268ea5ed8be90e65e1365ca",
    "engine_name": "depth_anything_v2_fp16.trt-opt770x434-level5-v2.trt11_1_0-sm120-gpuec0860237209d3fe-onnx2df6223f206b5164e21f664ace61dabeb9bb6a49b8b5a3e00510b4807d0f5b04.engine",
    "engine_sha256": "e54fe5b921df85b65cba29be6ef7e4cbb0c51b90b0f850947eba22521a290f28",
    "onnx_sha256": "2df6223f206b5164e21f664ace61dabeb9bb6a49b8b5a3e00510b4807d0f5b04",
    "gpu_contention": false,
    "run_kind": "baseline-update",
    "timestamp": "2026-07-17T19:08:24",
    "run_name": "review-fix26-baseline-extended-v2",
    "cuda_graph": true,
    "cuda_graph_captured": true,
    "source_frame_count": 24,
    "name": "sintel-ambush",
    "description": "Cinematic non-rigid action, layered silhouettes and rapid motion.",
    "gt_depth_kind": "disparity",
    "required_gt_depth": true,
    "required_gt_flow": false,
    "required_gt_stereo": true,
    "dataset": "MPI Sintel Stereo Training Dataset",
    "homepage": "https://sintel.is.tue.mpg.de/stereo",
    "citation": "Butler et al., A Naturalistic Open Source Movie for Optical Flow Evaluation, ECCV 2012",
    "license_note": "Official research dataset derived from the open Sintel film; prepared media remains external to Git.",
    "source_suite": "extended-v3",
    "clip_sha1": "bb5125caa90f"
  }
}
