{
  "aggregate": {
    "artifact_in_hole_pct": 0.0,
    "depth_spread": 0.907805785536766,
    "disocc_frac": 0.025236042791923874,
    "disocc_smear": 0.0,
    "edge_acc_p50": 11.791666666666666,
    "edge_acc_p95": 24.0,
    "flicker": 4.633704683055049,
    "flicker_disocc": 5.872605240863303,
    "flow_depth": 1.427320703216221,
    "flow_support": 0.983114196482488,
    "flow_temporal": 2.704774286435998,
    "hole_bad_fill_pct": 0.0,
    "hole_source_residual_p95": 8.311266525586445,
    "image_integrity_pct": 99.16144578313254,
    "negative_disparity_pct": 1.3311379868537188,
    "pop_pct_p50": 0.8914069380868321,
    "pop_px_p50": 22.820017615022902,
    "pop_px_p95": 34.02805159811401,
    "pop_spread_pct": 0.9495209032802121,
    "pop_spread_px": 24.30773512397343,
    "positive_disparity_pct": 0.0,
    "rim_over_p50": 0.0,
    "rim_over_p95": 7.6492553154627485,
    "source_coverage_pct": 100.0,
    "source_halo_p95": 6.974998156229655,
    "source_residual_p50": 1.4492079665263493,
    "source_residual_p95": 5.865813414255778,
    "source_stretch_pct": 10.275981169651144,
    "source_stretch_support": 3.1824182581018516,
    "static_support": 0.0009560562600644124,
    "stereo_art_ddc_iou": 0.2838732055077784,
    "stereo_art_polarity_ok": 100.0,
    "stereo_art_scale_error_pct": 0.6917977488292739,
    "stereo_art_scale_pct": 1.1631728239051993,
    "stereo_art_support_pct": 87.9791259765625,
    "stereo_art_zero_error_pct": 2.0281414495397216,
    "stereo_art_zero_pct": -1.739681099461204,
    "stereo_gt_coverage_pct": 99.99988043311907,
    "stereo_gt_global_shift_px": 37.5,
    "stereo_gt_psnr": 28.639884907023728,
    "stereo_gt_residual_p95": 6.0832434097925825,
    "stereo_gt_ssim": 0.8327421570817629,
    "stereo_ref_ddc_iou": 1.1260193492106294,
    "stereo_ref_scale_pct": 1.8549705727344732,
    "stereo_ref_zero_pct": 0.2884603500785173,
    "stretch_area": 0.07808481224279835,
    "swim": 0.514297946639683,
    "vmisalign_pct": 0.0006535730359179002,
    "vmisalign_px": 0.005728580891930808,
    "warp_hole_pct": 0.25726646505376344,
    "_n": 24,
    "_models": [
      ""
    ],
    "flicker_p50": 4.627227306365967,
    "flicker_p95": 4.6706053733825685,
    "flicker_disocc_p50": 5.90169095993042,
    "flicker_disocc_p95": 6.2357663154602045,
    "swim_p50": 0.49805447459220886,
    "swim_p95": 0.8883283019065855,
    "flow_temporal_p50": 2.70133113861084,
    "flow_temporal_p95": 2.8439969778060914,
    "flow_depth_p50": 1.378727912902832,
    "flow_depth_p95": 2.063102293014526,
    "stereo_art_scale_pct_std": 0.011007761938382779,
    "stereo_art_zero_pct_std": 0.0063807195512518315,
    "stereo_ref_scale_pct_std": 0.016956370275873604,
    "stereo_ref_zero_pct_std": 0.013149719021426302,
    "stereo_art_scale_std_error_pct": 0.0059486083374908245,
    "stereo_art_zero_std_error_pct": 0.006768999470174471,
    "q_clean": 80.3,
    "q_depth": 38.0,
    "score": 80.3
  },
  "perf_ms": {
    "depth_infer": 1.4608,
    "depth_postprocess_gpu": 0.081024,
    "depth_preprocess_gpu": 0.191232,
    "sbs_composite_cpu": 0.005,
    "warp_infer": 0.246272
  },
  "meta": {
    "git_sha": "e15f08f1",
    "git_dirty": true,
    "clip_set_sha1": {
      "bonn_person_close": "3dbbc6790aa2",
      "bonn_person_walk": "29cacb5ce074",
      "sintel_ambush": "bb5125caa90f",
      "sintel_market": "064b8ba8f8b3",
      "spring_character_close": "079ea7bbb6e4",
      "spring_daylight_path": "d127cf6db91a",
      "spring_forest_seeds": "990d0ca3dff9",
      "spring_skeleton_cave": "aba9df0a540e",
      "tartanair_house_easy": "3dcc51c9c695",
      "tartanair_house_motion": "5a55318f726a",
      "vkitti_drive_clone": "f5357826fe51",
      "vkitti_drive_rain": "ea09d6efe71f"
    },
    "mode": "profile",
    "suite": "extended",
    "clips_root": "E:\\ApolloDev\\sbs_bench\\datasets\\prepared\\extended-v3",
    "extra_args": [],
    "conf": "tools\\sbsbench\\bench.conf",
    "model": "depth_anything_v2_fp16",
    "profile": "apollo",
    "adaptive_pop": true,
    "adaptive_pop_max": 1.3,
    "zero_plane": "legacy",
    "literal_bestv2": false,
    "depth_compensation": "none",
    "eval_schema": 26,
    "depth_step": "current-once",
    "depth_reuse_interval": 1,
    "conf_sha256": "679341c6d0d9db4d",
    "metric_sha256": "bb8f6540c80451a4",
    "executable_sha256": "486322e71404be5f24c8875968b343f18ebb2856304aab6198a02d15b8db4f5b",
    "runtime_shader_sha256": "0d7165f0f96f77ed197bcb0ac5641fcba1d044df1268ea5ed8be90e65e1365ca",
    "engine_name": "depth_anything_v2_fp16.trt-opt770x434-level5-v2.trt11_1_0-sm120-gpuec0860237209d3fe-onnx2df6223f206b5164e21f664ace61dabeb9bb6a49b8b5a3e00510b4807d0f5b04.engine",
    "engine_sha256": "e54fe5b921df85b65cba29be6ef7e4cbb0c51b90b0f850947eba22521a290f28",
    "onnx_sha256": "2df6223f206b5164e21f664ace61dabeb9bb6a49b8b5a3e00510b4807d0f5b04",
    "gpu_contention": false,
    "run_kind": "baseline-update",
    "timestamp": "2026-07-17T19:08:24",
    "run_name": "review-fix26-baseline-extended-v2",
    "cuda_graph": true,
    "cuda_graph_captured": true,
    "source_frame_count": 24,
    "name": "spring-daylight-path",
    "description": "Bright outdoor ground plane with rocks, vegetation, long depth range and moving camera parallax.",
    "required_gt_depth": false,
    "required_gt_flow": false,
    "required_gt_stereo": true,
    "dataset": "Spring Stereo Test Dataset",
    "homepage": "https://spring-benchmark.org/",
    "citation": "Mehl et al., Spring: A High-Resolution High-Detail Dataset and Benchmark for Scene Flow, Optical Flow and Stereo, CVPR 2023",
    "license_note": "Dataset and Spring movie assets are CC BY 4.0; prepared media remains external to Git.",
    "source_artifacts": "The source includes baked sun bloom and fine high-contrast gravel texture; the original frame is required when reviewing halo and stretch evidence.",
    "source_suite": "extended-v3",
    "clip_sha1": "d127cf6db91a"
  }
}