{
  "aggregate": {
    "artifact_in_hole_pct": 62.90249844972352,
    "depth_spread": 0.8975983845690886,
    "disocc_frac": 0.05721271781764403,
    "disocc_smear": 0.0,
    "edge_acc_p50": 0.0,
    "edge_acc_p95": 24.0,
    "flicker": 0.9251298139924589,
    "flicker_disocc": 3.2873757662980454,
    "flow_depth": 6.345219777977985,
    "flow_support": 0.9763938424667876,
    "flow_temporal": 2.047013282775879,
    "hole_bad_fill_pct": 0.5386752895522794,
    "hole_source_residual_p95": 17.32912419835726,
    "image_integrity_pct": 99.05897114178168,
    "negative_disparity_pct": 1.3337759335990995,
    "pop_pct_p50": 0.5644662713077283,
    "pop_px_p50": 14.450336545477844,
    "pop_px_p95": 20.86288327467807,
    "pop_spread_pct": 0.8053210383261171,
    "pop_spread_px": 20.6162185811486,
    "positive_disparity_pct": 0.001795380414927885,
    "rim_over_p50": 0.0,
    "rim_over_p95": 1.1551370720068614,
    "source_coverage_pct": 99.94679659498208,
    "source_halo_p95": 9.629166662693024,
    "source_residual_p50": 0.18055061561365923,
    "source_residual_p95": 6.467632551987966,
    "source_stretch_pct": 7.9283700954895755,
    "source_stretch_support": 6.685836226851852,
    "static_jitter": 0.8113657488771107,
    "static_support": 0.7508352623456789,
    "stereo_art_ddc_iou": 13.074047226732825,
    "stereo_art_polarity_ok": 100.0,
    "stereo_art_scale_error_pct": 0.42874351534255367,
    "stereo_art_scale_pct": 1.5791322738365405,
    "stereo_art_support_pct": 38.97241663049768,
    "stereo_art_zero_error_pct": 5.056269892700657,
    "stereo_art_zero_pct": -1.6060149191780326,
    "stereo_gt_coverage_pct": 96.95224544671159,
    "stereo_gt_global_shift_px": 111.25,
    "stereo_gt_psnr": 23.966224957466313,
    "stereo_gt_residual_p95": 18.021527687708538,
    "stereo_gt_ssim": 0.794103612502416,
    "stereo_ref_ddc_iou": 12.520945483449777,
    "stereo_ref_scale_pct": 2.0078757891790944,
    "stereo_ref_zero_pct": 3.450254973522624,
    "stretch_area": 0.4931640625,
    "swim": 0.3364912085235119,
    "vmisalign_pct": 0.0021207435229034337,
    "vmisalign_px": 0.016266966122202575,
    "warp_hole_pct": 1.0162317054958183,
    "_n": 24,
    "_models": [
      ""
    ],
    "flicker_p50": 0.6865761876106262,
    "flicker_p95": 1.676945698261261,
    "flicker_disocc_p50": 2.508159875869751,
    "flicker_disocc_p95": 6.42480206489563,
    "swim_p50": 0.15564201772212982,
    "swim_p95": 1.1544747173786156,
    "static_jitter_p50": 0.8595993518829346,
    "static_jitter_p95": 0.9999999403953552,
    "flow_temporal_p50": 1.6766098737716675,
    "flow_temporal_p95": 3.271693706512451,
    "flow_depth_p50": 1.6500797271728516,
    "flow_depth_p95": 29.429831314086893,
    "stereo_art_scale_pct_std": 0.3297476198721311,
    "stereo_art_zero_pct_std": 0.04070839268212725,
    "stereo_ref_scale_pct_std": 0.3602670356956301,
    "stereo_ref_zero_pct_std": 0.034550529048940924,
    "stereo_art_scale_std_error_pct": 0.03051941582349904,
    "stereo_art_zero_std_error_pct": 0.006157863633186322,
    "q_clean": 78.4,
    "q_depth": 32.2,
    "score": 78.4
  },
  "perf_ms": {
    "depth_infer": 1.45648,
    "depth_postprocess_gpu": 0.070944,
    "depth_preprocess_gpu": 0.170368,
    "sbs_composite_cpu": 0.0053,
    "warp_infer": 0.245856
  },
  "meta": {
    "git_sha": "e7c92d9d",
    "git_dirty": true,
    "clip_set_sha1": {
      "bonn_person_close": "3dbbc6790aa2",
      "bonn_person_walk": "29cacb5ce074",
      "sintel_ambush": "bb5125caa90f",
      "sintel_market": "064b8ba8f8b3",
      "spring_character_close": "079ea7bbb6e4",
      "spring_daylight_path": "d127cf6db91a",
      "spring_forest_seeds": "990d0ca3dff9",
      "spring_skeleton_cave": "aba9df0a540e",
      "tartanair_house_easy": "3dcc51c9c695",
      "tartanair_house_motion": "5a55318f726a",
      "vkitti_drive_clone": "f5357826fe51",
      "vkitti_drive_rain": "ea09d6efe71f"
    },
    "mode": "profile",
    "suite": "extended-v3",
    "clips_root": "E:\\ApolloDev\\sbs_bench\\datasets\\prepared\\extended-v3",
    "extra_args": [],
    "conf": "tools\\sbsbench\\bench.conf",
    "model": "depth_anything_v2_fp16",
    "profile": "apollo",
    "adaptive_pop": true,
    "adaptive_pop_max": 1.3,
    "zero_plane": "legacy",
    "literal_bestv2": false,
    "depth_compensation": "none",
    "eval_schema": 24,
    "depth_step": "current-once",
    "depth_reuse_interval": 1,
    "conf_sha256": "679341c6d0d9db4d",
    "metric_sha256": "de3a107791d5f662",
    "gpu_contention": false,
    "timestamp": "2026-07-14T16:21:06",
    "run_name": "evalv24-extended-v3",
    "cuda_graph": true,
    "cuda_graph_captured": true,
    "name": "spring-character-close",
    "description": "Bright character close-up with facial features, hair, a thin wooden prop and strong foreground separation.",
    "dataset": "Spring Stereo Test Dataset",
    "homepage": "https://spring-benchmark.org/",
    "citation": "Mehl et al., Spring: A High-Resolution High-Detail Dataset and Benchmark for Scene Flow, Optical Flow and Stereo, CVPR 2023",
    "license_note": "Dataset and Spring movie assets are CC BY 4.0; prepared media remains external to Git.",
    "required_gt_depth": false,
    "required_gt_flow": false,
    "required_gt_stereo": true,
    "source_artifacts": "The rendered source intentionally uses shallow depth of field around the character and prop; naturally blurred edges must not be counted as warp blur.",
    "clip_sha1": "079ea7bbb6e4"
  }
}