{
  "aggregate": {
    "artifact_in_hole_pct": 14.728869786325555,
    "depth_spread": 0.9113375470042229,
    "disocc_frac": 0.05002758889531892,
    "disocc_smear": 0.0,
    "edge_acc_p50": 2.7708333333333335,
    "edge_acc_p95": 24.0,
    "exact_pop_spread_pct": 1.043766289803898,
    "flicker": 19.496274201766305,
    "flicker_disocc": 34.72180134317149,
    "flow_depth": 13.222585968349291,
    "flow_support": 0.8148317198822462,
    "flow_temporal": 8.291367738143258,
    "hole_bad_fill_pct": 0.29110449972279545,
    "hole_source_residual_p95": 14.773863921562828,
    "image_integrity_pct": 99.09423571609724,
    "image_negative_disparity_pct": 1.2484431301926477,
    "image_positive_disparity_pct": 0.0001093840025467936,
    "negative_disparity_pct": 1.3488465920090675,
    "pop_pct_p50": 0.35406725361597013,
    "pop_px_p50": 9.064121692568836,
    "pop_px_p95": 28.19739275243261,
    "pop_spread_pct": 0.8917351866719572,
    "pop_spread_px": 22.82842077880211,
    "positive_disparity_pct": 0.0,
    "rim_over_p50": 0.0,
    "rim_over_p95": 2.71305517355601,
    "source_coverage_pct": 99.9075940860215,
    "source_halo_p95": 6.710416316986084,
    "source_residual_p50": 1.356571987271309,
    "source_residual_p95": 9.263870120048523,
    "source_stretch_pct": 7.865205229903872,
    "source_stretch_support": 8.994773582175926,
    "static_support": 0.002913500570316693,
    "stereo_art_ddc_iou": 1.8412549547541233,
    "stereo_art_polarity_ok": 100.0,
    "stereo_art_scale_error_pct": 1.051964446654002,
    "stereo_art_scale_pct": 1.909791574078574,
    "stereo_art_support_pct": 83.15384476273148,
    "stereo_art_zero_error_pct": 2.182726423513136,
    "stereo_art_zero_pct": -1.7535338424594162,
    "stereo_gt_coverage_pct": 99.89202042948254,
    "stereo_gt_global_shift_px": 24.375,
    "stereo_gt_psnr": 28.84680131963056,
    "stereo_gt_residual_p95": 10.106509804725647,
    "stereo_gt_ssim": 0.9339624072114626,
    "stereo_ref_ddc_iou": 18.208899363605727,
    "stereo_ref_scale_pct": 0.8578271274245722,
    "stereo_ref_zero_pct": 0.4291925810537194,
    "stretch_area": 0.37824717078189307,
    "swim": 1.9588899405106255,
    "vmisalign_pct": 0.0009448675835436141,
    "vmisalign_px": 0.00710089979111217,
    "warp_hole_pct": 0.9126250746714456,
    "_n": 24,
    "_models": [
      ""
    ],
    "flicker_p50": 19.650156021118164,
    "flicker_p95": 20.46023025512695,
    "flicker_disocc_p50": 35.50119400024414,
    "flicker_disocc_p95": 37.69917945861816,
    "swim_p50": 1.560313105583191,
    "swim_p95": 3.6626458644866933,
    "flow_temporal_p50": 8.255523681640625,
    "flow_temporal_p95": 8.636079025268554,
    "flow_depth_p50": 8.108739852905273,
    "flow_depth_p95": 27.134250068664546,
    "stereo_art_scale_pct_std": 0.42534464304960845,
    "stereo_art_zero_pct_std": 0.08163637306787108,
    "stereo_ref_scale_pct_std": 0.16244071619843248,
    "stereo_ref_zero_pct_std": 0.020673699031986487,
    "stereo_art_scale_std_error_pct": 0.262903926851176,
    "stereo_art_zero_std_error_pct": 0.060962674035884595,
    "q_clean": 75.1,
    "q_depth": 41.8,
    "score": 75.1
  },
  "perf_ms": {
    "depth_infer": 1.49613,
    "depth_postprocess_gpu": 0.072288,
    "depth_preprocess_gpu": 0.162624,
    "sbs_composite_cpu": 12.9293,
    "warp_infer": 13.0424
  },
  "meta": {
    "git_sha": "e15f08f1",
    "git_dirty": true,
    "run_kind": "baseline_gate",
    "baseline_identities": {},
    "clip_set_sha1": {
      "bonn_person_close": "3dbbc6790aa2",
      "bonn_person_walk": "29cacb5ce074",
      "sintel_ambush": "bb5125caa90f",
      "sintel_market": "064b8ba8f8b3",
      "spring_character_close": "079ea7bbb6e4",
      "spring_daylight_path": "d127cf6db91a",
      "spring_forest_seeds": "990d0ca3dff9",
      "spring_skeleton_cave": "aba9df0a540e",
      "tartanair_house_easy": "3dcc51c9c695",
      "tartanair_house_motion": "5a55318f726a",
      "vkitti_drive_clone": "f5357826fe51",
      "vkitti_drive_rain": "ea09d6efe71f"
    },
    "mode": "profile",
    "suite": "extended-v3",
    "clips_root": "E:\\ApolloDev\\sbs_bench\\datasets\\prepared\\extended-v3",
    "extra_args": [],
    "conf": "tools\\sbsbench\\bench.conf",
    "model": "depth_anything_v2_fp16",
    "profile": "apollo",
    "adaptive_pop": true,
    "adaptive_pop_max": 1.3,
    "pop_strength": 1.25,
    "ema": 0.5,
    "ema_edge_change": 0.05,
    "ema_edge_gradient": 0.02,
    "ema_edge_strength": 0.25,
    "minmax_ema": 0.18,
    "subject_lock": 0.5,
    "subject_recenter": 0.35,
    "subject_stretch": true,
    "depth_short_side": 432,
    "depth_max_aspect": 4,
    "zero_plane": "legacy",
    "cuda_graph": true,
    "artistic_style": "immersive",
    "artistic_policy": true,
    "artistic_policy_consumed": false,
    "artistic_policy_authorization": "none",
    "model_onnx_sha256": "",
    "policy_metadata_sha256": "",
    "deployment_geometry_allowlist_sha256": "",
    "artistic_scale_override": 0,
    "output_interval": 1,
    "output_gt_right_only": false,
    "literal_bestv2": false,
    "depth_compensation": "none",
    "eval_schema": 29,
    "depth_step": "current-once",
    "depth_reuse_interval": 1,
    "conf_sha256": "679341c6d0d9db4d",
    "metric_sha256": "88028fadef928b53",
    "policy_warp_source_sha256": "86889c3f389a4c54ebcf0262f479ec71aadd81c42847a50bb39bf2fcce2fd132",
    "gpu_contention": false,
    "timestamp": "2026-07-15T13:11:32",
    "run_name": "eval29-required-evidence-extended-baseline",
    "depth_override_frames": 0,
    "harness_schema": 24,
    "source_width": 1920,
    "source_height": 1080,
    "model_input_width": 770,
    "model_input_height": 434,
    "eye_width": 1920,
    "eye_height": 1080,
    "color_mode": "sdr-srgb-8bit",
    "content_scale_x": 1,
    "content_scale_y": 1,
    "disparity_raster_width": 1920,
    "disparity_raster_height": 1080,
    "artifact_mode": "full",
    "warp_disparity": "exact_clamped_full_binocular_normalized_at_output_eye_raster_zero_bars",
    "warp_unclamped_disparity": "unclamped_full_binocular_normalized_at_artistic_scale_1_output_eye_raster_zero_bars",
    "artistic_disparity_contract": "clamp(raw_baseline_times_scale_to_plus_or_minus_0.142_times_aspect_scale_times_content_scale_x)",
    "artistic_full_clamp_abs": 0.189333349,
    "warp_mask": {
      "red": "forward_disocclusion_before_fill"
    },
    "cuda_graph_captured": true,
    "name": "spring-skeleton-cave",
    "description": "Cinematic cave scene with a moving character, skeletal foreground structure, volumetric light and deep layering.",
    "dataset": "Spring Stereo Test Dataset",
    "homepage": "https://spring-benchmark.org/",
    "citation": "Mehl et al., Spring: A High-Resolution High-Detail Dataset and Benchmark for Scene Flow, Optical Flow and Stereo, CVPR 2023",
    "license_note": "Dataset and Spring movie assets are CC BY 4.0; prepared media remains external to Git.",
    "required_gt_depth": false,
    "required_gt_flow": false,
    "required_gt_stereo": true,
    "source_artifacts": "The source contains strong volumetric haze, bright skeletal highlights and depth-of-field softness; compare the original before attributing these edges to the stereo warp.",
    "clip_sha1": "aba9df0a540e"
  }
}