{
  "aggregate": {
    "artifact_in_hole_pct": 14.102600522379783,
    "depth_spread": 0.9115683063864708,
    "disocc_frac": 0.05000369727366255,
    "disocc_smear": 0.0,
    "edge_acc_p50": 2.7291666666666665,
    "edge_acc_p95": 24.0,
    "flicker": 19.496146492336106,
    "flicker_disocc": 34.72663738416589,
    "flow_depth": 13.227579863175102,
    "flow_support": 0.8148317198822462,
    "flow_temporal": 8.291840698408043,
    "hole_bad_fill_pct": 0.3002346412429995,
    "hole_source_residual_p95": 14.766719877719877,
    "image_integrity_pct": 99.09426853126585,
    "negative_disparity_pct": 1.327352013419331,
    "pop_pct_p50": 0.3540556108396696,
    "pop_px_p50": 9.06382363749554,
    "pop_px_p95": 28.155149052667355,
    "pop_spread_pct": 0.890826128957821,
    "pop_spread_px": 22.80514890132022,
    "positive_disparity_pct": 0.0014086443727285357,
    "rim_over_p50": 0.0,
    "rim_over_p95": 2.713852415482203,
    "source_coverage_pct": 99.9075940860215,
    "source_halo_p95": 6.702083011468251,
    "source_residual_p50": 1.365541473031044,
    "source_residual_p95": 9.263928512732187,
    "source_stretch_pct": 7.864675183717473,
    "source_stretch_support": 8.984601056134258,
    "static_support": 0.002913500570316693,
    "stereo_art_ddc_iou": 1.8393280302694341,
    "stereo_art_polarity_ok": 100.0,
    "stereo_art_scale_error_pct": 1.0514732516227008,
    "stereo_art_scale_pct": 1.9090216552396704,
    "stereo_art_support_pct": 83.15384476273148,
    "stereo_art_zero_error_pct": 2.18260371974958,
    "stereo_art_zero_pct": -1.753260698259755,
    "stereo_gt_coverage_pct": 99.89237522583558,
    "stereo_gt_global_shift_px": 24.375,
    "stereo_gt_psnr": 28.84611368581837,
    "stereo_gt_residual_p95": 10.111041903495789,
    "stereo_gt_ssim": 0.9339550162355105,
    "stereo_ref_ddc_iou": 18.209914423605365,
    "stereo_ref_scale_pct": 0.8575484036169696,
    "stereo_ref_zero_pct": 0.42934302148982506,
    "stretch_area": 0.37929205246913583,
    "swim": 1.9548303536746814,
    "vmisalign_pct": 0.000956326774838898,
    "vmisalign_px": 0.007156425369127343,
    "warp_hole_pct": 0.9156586021505376,
    "_n": 24,
    "_models": [
      ""
    ],
    "flicker_p50": 19.65013313293457,
    "flicker_p95": 20.460309982299805,
    "flicker_disocc_p50": 35.49129867553711,
    "flicker_disocc_p95": 37.70394515991211,
    "swim_p50": 1.5758742094039917,
    "swim_p95": 3.638132619857787,
    "flow_temporal_p50": 8.250808715820312,
    "flow_temporal_p95": 8.63545503616333,
    "flow_depth_p50": 8.1168212890625,
    "flow_depth_p95": 27.14730892181396,
    "stereo_art_scale_pct_std": 0.4256139171845923,
    "stereo_art_zero_pct_std": 0.08165764887299758,
    "stereo_ref_scale_pct_std": 0.16243193151592242,
    "stereo_ref_zero_pct_std": 0.020816077140933646,
    "stereo_art_scale_std_error_pct": 0.2631819856686699,
    "stereo_art_zero_std_error_pct": 0.060841571732063934,
    "q_clean": 75.1,
    "q_depth": 35.6,
    "score": 75.1
  },
  "perf_ms": {
    "depth_infer": 1.45475,
    "depth_postprocess_gpu": 0.071744,
    "depth_preprocess_gpu": 0.204672,
    "sbs_composite_cpu": 0.0046,
    "warp_infer": 0.246272
  },
  "meta": {
    "git_sha": "e7c92d9d",
    "git_dirty": true,
    "clip_set_sha1": {
      "bonn_person_close": "3dbbc6790aa2",
      "bonn_person_walk": "29cacb5ce074",
      "sintel_ambush": "bb5125caa90f",
      "sintel_market": "064b8ba8f8b3",
      "spring_character_close": "079ea7bbb6e4",
      "spring_daylight_path": "d127cf6db91a",
      "spring_forest_seeds": "990d0ca3dff9",
      "spring_skeleton_cave": "aba9df0a540e",
      "tartanair_house_easy": "3dcc51c9c695",
      "tartanair_house_motion": "5a55318f726a",
      "vkitti_drive_clone": "f5357826fe51",
      "vkitti_drive_rain": "ea09d6efe71f"
    },
    "mode": "profile",
    "suite": "extended-v3",
    "clips_root": "E:\\ApolloDev\\sbs_bench\\datasets\\prepared\\extended-v3",
    "extra_args": [],
    "conf": "tools\\sbsbench\\bench.conf",
    "model": "depth_anything_v2_fp16",
    "profile": "apollo",
    "adaptive_pop": true,
    "adaptive_pop_max": 1.3,
    "zero_plane": "legacy",
    "literal_bestv2": false,
    "depth_compensation": "none",
    "eval_schema": 24,
    "depth_step": "current-once",
    "depth_reuse_interval": 1,
    "conf_sha256": "679341c6d0d9db4d",
    "metric_sha256": "de3a107791d5f662",
    "gpu_contention": false,
    "timestamp": "2026-07-14T16:21:06",
    "run_name": "evalv24-extended-v3",
    "cuda_graph": true,
    "cuda_graph_captured": true,
    "name": "spring-skeleton-cave",
    "description": "Cinematic cave scene with a moving character, skeletal foreground structure, volumetric light and deep layering.",
    "dataset": "Spring Stereo Test Dataset",
    "homepage": "https://spring-benchmark.org/",
    "citation": "Mehl et al., Spring: A High-Resolution High-Detail Dataset and Benchmark for Scene Flow, Optical Flow and Stereo, CVPR 2023",
    "license_note": "Dataset and Spring movie assets are CC BY 4.0; prepared media remains external to Git.",
    "required_gt_depth": false,
    "required_gt_flow": false,
    "required_gt_stereo": true,
    "source_artifacts": "The source contains strong volumetric haze, bright skeletal highlights and depth-of-field softness; compare the original before attributing these edges to the stereo warp.",
    "clip_sha1": "aba9df0a540e"
  }
}