{
  "aggregate": {
    "artifact_in_hole_pct": 0.0,
    "depth_spread": 0.8706058139602343,
    "disocc_frac": 0.025119478202160494,
    "disocc_smear": 0.0,
    "edge_acc_p50": 11.666666666666666,
    "edge_acc_p95": 24.0,
    "exact_pop_spread_pct": 1.0526111922808923,
    "flicker": 4.844426362410836,
    "flicker_disocc": 6.366953331491222,
    "flow_depth": 6.265945115815038,
    "flow_support": 0.983114196482488,
    "flow_temporal": 3.0612544391466225,
    "hole_bad_fill_pct": 0.0,
    "hole_source_residual_p95": 7.988429470856982,
    "image_integrity_pct": 99.06848259026081,
    "image_negative_disparity_pct": 1.3531235543936553,
    "image_positive_disparity_pct": 0.0,
    "negative_disparity_pct": 1.3865208718925714,
    "pop_pct_p50": 0.9004790225418775,
    "pop_px_p50": 23.052262977072065,
    "pop_px_p95": 34.53198150239578,
    "pop_spread_pct": 1.0180152351938514,
    "pop_spread_px": 26.061190020962602,
    "positive_disparity_pct": 0.0,
    "rim_over_p50": 0.0,
    "rim_over_p95": 7.5041995247205096,
    "source_coverage_pct": 100.0,
    "source_halo_p95": 7.162499964237213,
    "source_residual_p50": 1.5693039645751317,
    "source_residual_p95": 6.15739764769872,
    "source_stretch_pct": 11.262120649076735,
    "source_stretch_support": 3.264928747106481,
    "static_support": 0.0009560562600644124,
    "stereo_art_ddc_iou": 0.6761052025542463,
    "stereo_art_polarity_ok": 100.0,
    "stereo_art_scale_error_pct": 0.580239784241598,
    "stereo_art_scale_pct": 1.4015837617648437,
    "stereo_art_support_pct": 87.9791259765625,
    "stereo_art_zero_error_pct": 2.054012215018106,
    "stereo_art_zero_pct": -1.764914652906014,
    "stereo_gt_coverage_pct": 99.99359631147541,
    "stereo_gt_global_shift_px": 35.0,
    "stereo_gt_psnr": 28.68770930908212,
    "stereo_gt_residual_p95": 6.097297966480255,
    "stereo_gt_ssim": 0.8383759831388792,
    "stereo_ref_ddc_iou": 1.1109175036863117,
    "stereo_ref_scale_pct": 1.980372123927838,
    "stereo_ref_zero_pct": 0.28909756211209153,
    "stretch_area": 0.07605533050411523,
    "swim": 2.3811523564483807,
    "vmisalign_pct": 0.0006509345904406575,
    "vmisalign_px": 0.0058723989156230045,
    "warp_hole_pct": 0.2865516726403823,
    "_n": 24,
    "_models": [
      ""
    ],
    "flicker_p50": 4.606642246246338,
    "flicker_p95": 4.789510440826416,
    "flicker_disocc_p50": 6.206998825073242,
    "flicker_disocc_p95": 7.078934288024902,
    "swim_p50": 0.5408477783203125,
    "swim_p95": 11.481716012954703,
    "flow_temporal_p50": 2.7190775871276855,
    "flow_temporal_p95": 3.4158138990402223,
    "flow_depth_p50": 1.4455115795135498,
    "flow_depth_p95": 29.593922519683815,
    "stereo_art_scale_pct_std": 0.4094026267096396,
    "stereo_art_zero_pct_std": 0.04699356711173834,
    "stereo_ref_scale_pct_std": 0.4037832353801378,
    "stereo_ref_zero_pct_std": 0.012764868243951122,
    "stereo_art_scale_std_error_pct": 0.005619391329501844,
    "stereo_art_zero_std_error_pct": 0.03422869886778722,
    "q_clean": 78.8,
    "q_depth": 42.1,
    "score": 78.8
  },
  "perf_ms": {
    "depth_infer": 1.49728,
    "depth_postprocess_gpu": 0.070432,
    "depth_preprocess_gpu": 0.169888,
    "sbs_composite_cpu": 13.113,
    "warp_infer": 13.2142
  },
  "meta": {
    "git_sha": "e15f08f1",
    "git_dirty": true,
    "run_kind": "baseline_gate",
    "baseline_identities": {},
    "clip_set_sha1": {
      "bonn_person_close": "3dbbc6790aa2",
      "bonn_person_walk": "29cacb5ce074",
      "sintel_ambush": "bb5125caa90f",
      "sintel_market": "064b8ba8f8b3",
      "spring_character_close": "079ea7bbb6e4",
      "spring_daylight_path": "d127cf6db91a",
      "spring_forest_seeds": "990d0ca3dff9",
      "spring_skeleton_cave": "aba9df0a540e",
      "tartanair_house_easy": "3dcc51c9c695",
      "tartanair_house_motion": "5a55318f726a",
      "vkitti_drive_clone": "f5357826fe51",
      "vkitti_drive_rain": "ea09d6efe71f"
    },
    "mode": "profile",
    "suite": "extended-v3",
    "clips_root": "E:\\ApolloDev\\sbs_bench\\datasets\\prepared\\extended-v3",
    "extra_args": [],
    "conf": "tools\\sbsbench\\bench.conf",
    "model": "depth_anything_v2_fp16",
    "profile": "apollo",
    "adaptive_pop": true,
    "adaptive_pop_max": 1.3,
    "pop_strength": 1.25,
    "ema": 0.5,
    "ema_edge_change": 0.05,
    "ema_edge_gradient": 0.02,
    "ema_edge_strength": 0.25,
    "minmax_ema": 0.18,
    "subject_lock": 0.5,
    "subject_recenter": 0.35,
    "subject_stretch": true,
    "depth_short_side": 432,
    "depth_max_aspect": 4,
    "zero_plane": "legacy",
    "cuda_graph": true,
    "artistic_style": "immersive",
    "artistic_policy": true,
    "artistic_policy_consumed": false,
    "artistic_policy_authorization": "none",
    "model_onnx_sha256": "",
    "policy_metadata_sha256": "",
    "deployment_geometry_allowlist_sha256": "",
    "artistic_scale_override": 0,
    "output_interval": 1,
    "output_gt_right_only": false,
    "literal_bestv2": false,
    "depth_compensation": "none",
    "eval_schema": 29,
    "depth_step": "current-once",
    "depth_reuse_interval": 1,
    "conf_sha256": "679341c6d0d9db4d",
    "metric_sha256": "88028fadef928b53",
    "policy_warp_source_sha256": "86889c3f389a4c54ebcf0262f479ec71aadd81c42847a50bb39bf2fcce2fd132",
    "gpu_contention": false,
    "timestamp": "2026-07-15T13:11:32",
    "run_name": "eval29-required-evidence-extended-baseline",
    "depth_override_frames": 0,
    "harness_schema": 24,
    "source_width": 1920,
    "source_height": 1080,
    "model_input_width": 770,
    "model_input_height": 434,
    "eye_width": 1920,
    "eye_height": 1080,
    "color_mode": "sdr-srgb-8bit",
    "content_scale_x": 1,
    "content_scale_y": 1,
    "disparity_raster_width": 1920,
    "disparity_raster_height": 1080,
    "artifact_mode": "full",
    "warp_disparity": "exact_clamped_full_binocular_normalized_at_output_eye_raster_zero_bars",
    "warp_unclamped_disparity": "unclamped_full_binocular_normalized_at_artistic_scale_1_output_eye_raster_zero_bars",
    "artistic_disparity_contract": "clamp(raw_baseline_times_scale_to_plus_or_minus_0.142_times_aspect_scale_times_content_scale_x)",
    "artistic_full_clamp_abs": 0.189333349,
    "warp_mask": {
      "red": "forward_disocclusion_before_fill"
    },
    "cuda_graph_captured": true,
    "name": "spring-daylight-path",
    "description": "Bright outdoor ground plane with rocks, vegetation, long depth range and moving camera parallax.",
    "dataset": "Spring Stereo Test Dataset",
    "homepage": "https://spring-benchmark.org/",
    "citation": "Mehl et al., Spring: A High-Resolution High-Detail Dataset and Benchmark for Scene Flow, Optical Flow and Stereo, CVPR 2023",
    "license_note": "Dataset and Spring movie assets are CC BY 4.0; prepared media remains external to Git.",
    "required_gt_depth": false,
    "required_gt_flow": false,
    "required_gt_stereo": true,
    "source_artifacts": "The source includes baked sun bloom and fine high-contrast gravel texture; the original frame is required when reviewing halo and stretch evidence.",
    "clip_sha1": "d127cf6db91a"
  }
}