{
  "aggregate": {
    "artifact_in_hole_pct": 11.160607679265544,
    "depth_spread": 0.9517396241426468,
    "disocc_frac": 0.050128902231224286,
    "disocc_smear": 0.0,
    "edge_acc_p50": 2.6666666666666665,
    "edge_acc_p95": 24.0,
    "flicker": 19.50654253752335,
    "flicker_disocc": 35.051300712253735,
    "flow_depth": 10.3112472658572,
    "flow_support": 0.8148317198822462,
    "flow_temporal": 8.303631989852242,
    "hole_bad_fill_pct": 0.2623877743264009,
    "hole_source_residual_p95": 14.033234910170236,
    "image_integrity_pct": 99.04645388794934,
    "negative_disparity_pct": 1.3266107767622692,
    "pop_pct_p50": 0.3671299609239376,
    "pop_px_p50": 9.398526999652804,
    "pop_px_p95": 28.724757548405254,
    "pop_spread_pct": 0.8899310391401231,
    "pop_spread_px": 22.782234601987152,
    "positive_disparity_pct": 0.0008759263011012684,
    "rim_over_p50": 0.0,
    "rim_over_p95": 2.765410284201304,
    "source_coverage_pct": 99.90479390681004,
    "source_halo_p95": 5.9208320279916125,
    "source_residual_p50": 1.3425367921590805,
    "source_residual_p95": 9.643558303515116,
    "source_stretch_pct": 7.950631312911668,
    "source_stretch_support": 9.046766493055555,
    "static_support": 0.002913500570316693,
    "stereo_art_ddc_iou": 1.0281829817677253,
    "stereo_art_polarity_ok": 100.0,
    "stereo_art_scale_error_pct": 0.9997153263137841,
    "stereo_art_scale_pct": 1.803389947204855,
    "stereo_art_support_pct": 83.15090603298611,
    "stereo_art_zero_error_pct": 2.2155070691310015,
    "stereo_art_zero_pct": -1.7857664639836182,
    "stereo_gt_coverage_pct": 99.89825057631269,
    "stereo_gt_global_shift_px": 24.375,
    "stereo_gt_psnr": 28.35344035926933,
    "stereo_gt_residual_p95": 10.023378729820251,
    "stereo_gt_ssim": 0.9262053966522217,
    "stereo_ref_ddc_iou": 18.183173095559727,
    "stereo_ref_scale_pct": 0.803674620891071,
    "stereo_ref_zero_pct": 0.4297406051473831,
    "stretch_area": 0.38389355066872427,
    "swim": 1.413041845611904,
    "vmisalign_pct": 0.0009755366395607038,
    "vmisalign_px": 0.00661088742587405,
    "warp_hole_pct": 0.9142585125448028,
    "_n": 24,
    "_models": [
      ""
    ],
    "flicker_p50": 19.64511489868164,
    "flicker_p95": 20.458670616149902,
    "flicker_disocc_p50": 35.52215576171875,
    "flicker_disocc_p95": 37.761536788940425,
    "swim_p50": 1.5252913236618042,
    "swim_p95": 2.1342391967773438,
    "flow_temporal_p50": 8.244401931762695,
    "flow_temporal_p95": 8.644035243988037,
    "flow_depth_p50": 7.980594158172607,
    "flow_depth_p95": 22.48236122131347,
    "stereo_art_scale_pct_std": 0.15410249812338617,
    "stereo_art_zero_pct_std": 0.04467743069330072,
    "stereo_ref_scale_pct_std": 0.03119826836751871,
    "stereo_ref_zero_pct_std": 0.021123482835881884,
    "stereo_art_scale_std_error_pct": 0.12290422975586746,
    "stereo_art_zero_std_error_pct": 0.023553947857418836,
    "q_clean": 75.4,
    "q_depth": 35.6,
    "score": 75.4
  },
  "perf_ms": {
    "depth_infer": 1.46125,
    "depth_postprocess_gpu": 0.082784,
    "depth_preprocess_gpu": 0.150816,
    "sbs_composite_cpu": 0.0053,
    "warp_infer": 0.245888
  },
  "meta": {
    "git_sha": "e15f08f1",
    "git_dirty": true,
    "clip_set_sha1": {
      "bonn_person_close": "3dbbc6790aa2",
      "bonn_person_walk": "29cacb5ce074",
      "sintel_ambush": "bb5125caa90f",
      "sintel_market": "064b8ba8f8b3",
      "spring_character_close": "079ea7bbb6e4",
      "spring_daylight_path": "d127cf6db91a",
      "spring_forest_seeds": "990d0ca3dff9",
      "spring_skeleton_cave": "aba9df0a540e",
      "tartanair_house_easy": "3dcc51c9c695",
      "tartanair_house_motion": "5a55318f726a",
      "vkitti_drive_clone": "f5357826fe51",
      "vkitti_drive_rain": "ea09d6efe71f"
    },
    "mode": "profile",
    "suite": "extended",
    "clips_root": "E:\\ApolloDev\\sbs_bench\\datasets\\prepared\\extended-v3",
    "extra_args": [],
    "conf": "tools\\sbsbench\\bench.conf",
    "model": "depth_anything_v2_fp16",
    "profile": "apollo",
    "adaptive_pop": true,
    "adaptive_pop_max": 1.3,
    "zero_plane": "legacy",
    "literal_bestv2": false,
    "depth_compensation": "none",
    "eval_schema": 26,
    "depth_step": "current-once",
    "depth_reuse_interval": 1,
    "conf_sha256": "679341c6d0d9db4d",
    "metric_sha256": "bb8f6540c80451a4",
    "executable_sha256": "486322e71404be5f24c8875968b343f18ebb2856304aab6198a02d15b8db4f5b",
    "runtime_shader_sha256": "0d7165f0f96f77ed197bcb0ac5641fcba1d044df1268ea5ed8be90e65e1365ca",
    "engine_name": "depth_anything_v2_fp16.trt-opt770x434-level5-v2.trt11_1_0-sm120-gpuec0860237209d3fe-onnx2df6223f206b5164e21f664ace61dabeb9bb6a49b8b5a3e00510b4807d0f5b04.engine",
    "engine_sha256": "e54fe5b921df85b65cba29be6ef7e4cbb0c51b90b0f850947eba22521a290f28",
    "onnx_sha256": "2df6223f206b5164e21f664ace61dabeb9bb6a49b8b5a3e00510b4807d0f5b04",
    "gpu_contention": false,
    "run_kind": "baseline-update",
    "timestamp": "2026-07-17T19:08:24",
    "run_name": "review-fix26-baseline-extended-v2",
    "cuda_graph": true,
    "cuda_graph_captured": true,
    "source_frame_count": 24,
    "name": "spring-skeleton-cave",
    "description": "Cinematic cave scene with a moving character, skeletal foreground structure, volumetric light and deep layering.",
    "required_gt_depth": false,
    "required_gt_flow": false,
    "required_gt_stereo": true,
    "dataset": "Spring Stereo Test Dataset",
    "homepage": "https://spring-benchmark.org/",
    "citation": "Mehl et al., Spring: A High-Resolution High-Detail Dataset and Benchmark for Scene Flow, Optical Flow and Stereo, CVPR 2023",
    "license_note": "Dataset and Spring movie assets are CC BY 4.0; prepared media remains external to Git.",
    "source_artifacts": "The source contains strong volumetric haze, bright skeletal highlights and depth-of-field softness; compare the original before attributing these edges to the stereo warp.",
    "source_suite": "extended-v3",
    "clip_sha1": "aba9df0a540e"
  }
}