{
  "aggregate": {
    "artifact_in_hole_pct": 87.36088295773679,
    "depth_spread": 0.7740579520662626,
    "disocc_frac": 0.05284471048739712,
    "disocc_smear": 0.0,
    "edge_acc_p50": 0.08333333333333333,
    "edge_acc_p95": 10.754170735677084,
    "flicker": 2.600261260633883,
    "flicker_disocc": 8.988476898359215,
    "flow_depth": 11.672445141750833,
    "flow_support": 0.9356141021286232,
    "flow_temporal": 3.2871835283611133,
    "hole_bad_fill_pct": 1.715151657281469,
    "hole_source_residual_p95": 17.255338333050407,
    "image_integrity_pct": 99.43006411778676,
    "negative_disparity_pct": 1.2504576591535583,
    "pop_pct_p50": 0.2582654603101555,
    "pop_px_p50": 6.61159578393998,
    "pop_px_p95": 28.10670902391696,
    "pop_spread_pct": 1.0602567932164606,
    "pop_spread_px": 27.142573906341394,
    "positive_disparity_pct": 0.0036861678865293683,
    "rim_over_p50": 0.0,
    "rim_over_p95": 2.386281706392765,
    "source_coverage_pct": 99.78438620071685,
    "source_halo_p95": 15.270833720763525,
    "source_residual_p50": 0.3379666656255722,
    "source_residual_p95": 4.249994824330012,
    "source_stretch_pct": 5.2431169606456125,
    "source_stretch_support": 4.5255307798032405,
    "static_jitter": 1.2872263918752256,
    "static_support": 0.7337396839774557,
    "stereo_art_ddc_iou": 12.865499801854506,
    "stereo_art_polarity_ok": 100.0,
    "stereo_art_scale_error_pct": 2.763090689096036,
    "stereo_art_scale_pct": 1.9846968246185035,
    "stereo_art_support_pct": 61.17316351996527,
    "stereo_art_zero_error_pct": 3.339344000641893,
    "stereo_art_zero_pct": -1.6122191963028587,
    "stereo_gt_coverage_pct": 91.6935748731566,
    "stereo_gt_global_shift_px": 44.0625,
    "stereo_gt_psnr": 22.531694765843074,
    "stereo_gt_residual_p95": 31.68598707516988,
    "stereo_gt_ssim": 0.7102394849061966,
    "stereo_ref_ddc_iou": 14.332547824216553,
    "stereo_ref_scale_pct": 4.747787513714539,
    "stereo_ref_zero_pct": 1.7271248043390344,
    "stretch_area": 1.169503922325103,
    "swim": 0.4161731561888819,
    "vmisalign_pct": 0.0011109421029686928,
    "vmisalign_px": 0.008709325455129147,
    "warp_hole_pct": 1.2810819892473118,
    "_n": 24,
    "_models": [
      ""
    ],
    "flicker_p50": 1.1592658758163452,
    "flicker_p95": 5.902162504196167,
    "flicker_disocc_p50": 6.739482879638672,
    "flicker_disocc_p95": 18.718027305603027,
    "swim_p50": 0.31906601786613464,
    "swim_p95": 0.9178989768028258,
    "static_jitter_p50": 1.2126023769378662,
    "static_jitter_p95": 1.7152013778686523,
    "flow_temporal_p50": 2.00004243850708,
    "flow_temporal_p95": 6.152854681015015,
    "flow_depth_p50": 7.962149620056152,
    "flow_depth_p95": 33.64025840759277,
    "stereo_art_scale_pct_std": 0.2631361067579216,
    "stereo_art_zero_pct_std": 0.021591136837389818,
    "stereo_ref_scale_pct_std": 1.2508649942361714,
    "stereo_ref_zero_pct_std": 0.7396864063803775,
    "stereo_art_scale_std_error_pct": 0.9877288874782497,
    "stereo_art_zero_std_error_pct": 0.7180952695429877,
    "q_clean": 74.9,
    "q_depth": 42.4,
    "score": 74.9
  },
  "perf_ms": {
    "depth_infer": 1.4607,
    "depth_postprocess_gpu": 0.08448,
    "depth_preprocess_gpu": 0.19232,
    "sbs_composite_cpu": 0.005,
    "warp_infer": 0.245792
  },
  "meta": {
    "git_sha": "e15f08f1",
    "git_dirty": true,
    "clip_set_sha1": {
      "bonn_person_close": "3dbbc6790aa2",
      "bonn_person_walk": "29cacb5ce074",
      "sintel_ambush": "bb5125caa90f",
      "sintel_market": "064b8ba8f8b3",
      "spring_character_close": "079ea7bbb6e4",
      "spring_daylight_path": "d127cf6db91a",
      "spring_forest_seeds": "990d0ca3dff9",
      "spring_skeleton_cave": "aba9df0a540e",
      "tartanair_house_easy": "3dcc51c9c695",
      "tartanair_house_motion": "5a55318f726a",
      "vkitti_drive_clone": "f5357826fe51",
      "vkitti_drive_rain": "ea09d6efe71f"
    },
    "mode": "profile",
    "suite": "extended",
    "clips_root": "E:\\ApolloDev\\sbs_bench\\datasets\\prepared\\extended-v3",
    "extra_args": [],
    "conf": "tools\\sbsbench\\bench.conf",
    "model": "depth_anything_v2_fp16",
    "profile": "apollo",
    "adaptive_pop": true,
    "adaptive_pop_max": 1.3,
    "zero_plane": "legacy",
    "literal_bestv2": false,
    "depth_compensation": "none",
    "eval_schema": 26,
    "depth_step": "current-once",
    "depth_reuse_interval": 1,
    "conf_sha256": "679341c6d0d9db4d",
    "metric_sha256": "bb8f6540c80451a4",
    "executable_sha256": "486322e71404be5f24c8875968b343f18ebb2856304aab6198a02d15b8db4f5b",
    "runtime_shader_sha256": "0d7165f0f96f77ed197bcb0ac5641fcba1d044df1268ea5ed8be90e65e1365ca",
    "engine_name": "depth_anything_v2_fp16.trt-opt770x434-level5-v2.trt11_1_0-sm120-gpuec0860237209d3fe-onnx2df6223f206b5164e21f664ace61dabeb9bb6a49b8b5a3e00510b4807d0f5b04.engine",
    "engine_sha256": "e54fe5b921df85b65cba29be6ef7e4cbb0c51b90b0f850947eba22521a290f28",
    "onnx_sha256": "2df6223f206b5164e21f664ace61dabeb9bb6a49b8b5a3e00510b4807d0f5b04",
    "gpu_contention": false,
    "run_kind": "baseline-update",
    "timestamp": "2026-07-17T19:08:24",
    "run_name": "review-fix26-baseline-extended-v2",
    "cuda_graph": true,
    "cuda_graph_captured": true,
    "source_frame_count": 24,
    "name": "spring-forest-seeds",
    "description": "Cinematic forest shot with thin airborne structures, defocus, transparency-like edges and strong depth layering.",
    "required_gt_depth": false,
    "required_gt_flow": false,
    "required_gt_stereo": true,
    "dataset": "Spring Stereo Test Dataset",
    "homepage": "https://spring-benchmark.org/",
    "citation": "Mehl et al., Spring: A High-Resolution High-Detail Dataset and Benchmark for Scene Flow, Optical Flow and Stereo, CVPR 2023",
    "license_note": "Dataset and Spring movie assets are CC BY 4.0; prepared media remains external to Git.",
    "source_artifacts": "The source deliberately contains heavy depth-of-field blur and translucent motion-softened seed edges; these are baked into both rendered views.",
    "source_suite": "extended-v3",
    "clip_sha1": "990d0ca3dff9"
  }
}