{
  "aggregate": {
    "artifact_in_hole_pct": 90.72830998891898,
    "depth_spread": 0.7345779339472452,
    "disocc_frac": 0.05263026861496913,
    "disocc_smear": 0.0,
    "edge_acc_p50": 0.041666666666666664,
    "edge_acc_p95": 10.714583347241083,
    "flicker": 2.602029536081397,
    "flicker_disocc": 8.91969919204712,
    "flow_depth": 14.341825298641039,
    "flow_support": 0.9356141021286232,
    "flow_temporal": 3.2485652540041055,
    "hole_bad_fill_pct": 1.6282665014411004,
    "hole_source_residual_p95": 17.55629725257555,
    "image_integrity_pct": 99.4556341861731,
    "negative_disparity_pct": 1.249696209075966,
    "pop_pct_p50": 0.22445393395497412,
    "pop_px_p50": 5.746020709247337,
    "pop_px_p95": 27.216803941941226,
    "pop_spread_pct": 1.0254821536065133,
    "pop_spread_px": 26.25234313232674,
    "positive_disparity_pct": 0.0011564051801781902,
    "rim_over_p50": 0.0,
    "rim_over_p95": 2.422663152217865,
    "source_coverage_pct": 99.78158602150538,
    "source_halo_p95": 15.500000417232513,
    "source_residual_p50": 0.3657597828035553,
    "source_residual_p95": 4.189750055472056,
    "source_stretch_pct": 5.09392689944853,
    "source_stretch_support": 4.522139937789352,
    "static_jitter": 1.3029738198155942,
    "static_support": 0.7337396839774557,
    "stereo_art_ddc_iou": 13.8232939827775,
    "stereo_art_polarity_ok": 100.0,
    "stereo_art_scale_error_pct": 2.712905420120482,
    "stereo_art_scale_pct": 2.172420918075264,
    "stereo_art_support_pct": 61.17305049189815,
    "stereo_art_zero_error_pct": 3.3252755222873485,
    "stereo_art_zero_pct": -1.5984699381010952,
    "stereo_gt_coverage_pct": 91.72693292353006,
    "stereo_gt_global_shift_px": 44.0625,
    "stereo_gt_psnr": 22.558946992650444,
    "stereo_gt_residual_p95": 31.607617060343426,
    "stereo_gt_ssim": 0.7108419338862101,
    "stereo_ref_ddc_iou": 14.292887655306822,
    "stereo_ref_scale_pct": 4.87654053186698,
    "stereo_ref_zero_pct": 1.726805584186253,
    "stretch_area": 1.1857397762345678,
    "swim": 0.4493316379578217,
    "vmisalign_pct": 0.001341583190002927,
    "vmisalign_px": 0.009575935914957276,
    "warp_hole_pct": 1.2899492234169652,
    "_n": 24,
    "_models": [
      ""
    ],
    "flicker_p50": 1.1591016054153442,
    "flicker_p95": 5.905554008483887,
    "flicker_disocc_p50": 6.73778772354126,
    "flicker_disocc_p95": 18.31999225616455,
    "swim_p50": 0.36575886607170105,
    "swim_p95": 0.9073928713798523,
    "static_jitter_p50": 1.2126004695892334,
    "static_jitter_p95": 1.7151975631713867,
    "flow_temporal_p50": 2.0014073848724365,
    "flow_temporal_p95": 6.036424398422241,
    "flow_depth_p50": 7.9629950523376465,
    "flow_depth_p95": 33.113121795654294,
    "stereo_art_scale_pct_std": 0.2887313958143822,
    "stereo_art_zero_pct_std": 0.01875534450717137,
    "stereo_ref_scale_pct_std": 1.004085231410433,
    "stereo_ref_zero_pct_std": 0.7392974988293847,
    "stereo_art_scale_std_error_pct": 0.7153538355960507,
    "stereo_art_zero_std_error_pct": 0.7205421543222132,
    "q_clean": 75.2,
    "q_depth": 41.0,
    "score": 75.2
  },
  "perf_ms": {
    "depth_infer": 1.45955,
    "depth_postprocess_gpu": 0.073856,
    "depth_preprocess_gpu": 0.18032,
    "sbs_composite_cpu": 0.0053,
    "warp_infer": 0.24608
  },
  "meta": {
    "git_sha": "e7c92d9d",
    "git_dirty": true,
    "clip_set_sha1": {
      "bonn_person_close": "3dbbc6790aa2",
      "bonn_person_walk": "29cacb5ce074",
      "sintel_ambush": "bb5125caa90f",
      "sintel_market": "064b8ba8f8b3",
      "spring_character_close": "079ea7bbb6e4",
      "spring_daylight_path": "d127cf6db91a",
      "spring_forest_seeds": "990d0ca3dff9",
      "spring_skeleton_cave": "aba9df0a540e",
      "tartanair_house_easy": "3dcc51c9c695",
      "tartanair_house_motion": "5a55318f726a",
      "vkitti_drive_clone": "f5357826fe51",
      "vkitti_drive_rain": "ea09d6efe71f"
    },
    "mode": "profile",
    "suite": "extended-v3",
    "clips_root": "E:\\ApolloDev\\sbs_bench\\datasets\\prepared\\extended-v3",
    "extra_args": [],
    "conf": "tools\\sbsbench\\bench.conf",
    "model": "depth_anything_v2_fp16",
    "profile": "apollo",
    "adaptive_pop": true,
    "adaptive_pop_max": 1.3,
    "zero_plane": "legacy",
    "literal_bestv2": false,
    "depth_compensation": "none",
    "eval_schema": 24,
    "depth_step": "current-once",
    "depth_reuse_interval": 1,
    "conf_sha256": "679341c6d0d9db4d",
    "metric_sha256": "de3a107791d5f662",
    "gpu_contention": false,
    "timestamp": "2026-07-14T16:21:06",
    "run_name": "evalv24-extended-v3",
    "cuda_graph": true,
    "cuda_graph_captured": true,
    "name": "spring-forest-seeds",
    "description": "Cinematic forest shot with thin airborne structures, defocus, transparency-like edges and strong depth layering.",
    "dataset": "Spring Stereo Test Dataset",
    "homepage": "https://spring-benchmark.org/",
    "citation": "Mehl et al., Spring: A High-Resolution High-Detail Dataset and Benchmark for Scene Flow, Optical Flow and Stereo, CVPR 2023",
    "license_note": "Dataset and Spring movie assets are CC BY 4.0; prepared media remains external to Git.",
    "required_gt_depth": false,
    "required_gt_flow": false,
    "required_gt_stereo": true,
    "source_artifacts": "The source deliberately contains heavy depth-of-field blur and translucent motion-softened seed edges; these are baked into both rendered views.",
    "clip_sha1": "990d0ca3dff9"
  }
}