{
  "aggregate": {
    "artifact_in_hole_pct": 64.05481275924284,
    "depth_spread": 0.897960559775432,
    "disocc_frac": 0.05721460664223251,
    "disocc_smear": 0.0,
    "edge_acc_p50": 0.0,
    "edge_acc_p95": 24.0,
    "exact_pop_spread_pct": 1.024998185603181,
    "flicker": 0.9250503817330236,
    "flicker_disocc": 3.285674546075904,
    "flow_depth": 6.341367498688076,
    "flow_support": 0.9763938424667876,
    "flow_temporal": 2.047158842501433,
    "hole_bad_fill_pct": 0.5480526030435676,
    "hole_source_residual_p95": 17.329906002680456,
    "image_integrity_pct": 99.05905547092033,
    "image_negative_disparity_pct": 1.2484388184878012,
    "image_positive_disparity_pct": 0.00041631203467855203,
    "negative_disparity_pct": 1.315166987478733,
    "pop_pct_p50": 0.5643547032579503,
    "pop_px_p50": 14.447480403403532,
    "pop_px_p95": 20.83957151437832,
    "pop_spread_pct": 0.8014593989060175,
    "pop_spread_px": 20.517360611994047,
    "positive_disparity_pct": 0.0,
    "rim_over_p50": 0.0,
    "rim_over_p95": 1.1593855371077855,
    "source_coverage_pct": 99.94679659498208,
    "source_halo_p95": 9.706249515215555,
    "source_residual_p50": 0.17593893005202213,
    "source_residual_p95": 6.472212791442871,
    "source_stretch_pct": 7.926336426049089,
    "source_stretch_support": 6.690131293402778,
    "static_jitter": 0.8111906284871309,
    "static_support": 0.7508352623456789,
    "stereo_art_ddc_iou": 13.08210039720737,
    "stereo_art_polarity_ok": 100.0,
    "stereo_art_scale_error_pct": 0.42801255519052245,
    "stereo_art_scale_pct": 1.578901313677689,
    "stereo_art_support_pct": 38.97241663049768,
    "stereo_art_zero_error_pct": 5.056381087756996,
    "stereo_art_zero_pct": -1.6060609616281643,
    "stereo_gt_coverage_pct": 96.95251077900816,
    "stereo_gt_global_shift_px": 111.25,
    "stereo_gt_psnr": 23.966125197126065,
    "stereo_gt_residual_p95": 18.012380520502727,
    "stereo_gt_ssim": 0.7941032275557518,
    "stereo_ref_ddc_iou": 12.499234207685012,
    "stereo_ref_scale_pct": 2.0069138688682115,
    "stereo_ref_zero_pct": 3.450320126128832,
    "stretch_area": 0.49382716049382713,
    "swim": 0.3361532670324263,
    "vmisalign_pct": 0.002177084485689799,
    "vmisalign_px": 0.016121677588671446,
    "warp_hole_pct": 1.0173984468339308,
    "_n": 24,
    "_models": [
      ""
    ],
    "flicker_p50": 0.6861357688903809,
    "flicker_p95": 1.6772057056427,
    "flicker_disocc_p50": 2.4832727909088135,
    "flicker_disocc_p95": 6.430920362472534,
    "swim_p50": 0.15564201772212982,
    "swim_p95": 1.1544747650623313,
    "static_jitter_p50": 0.8596012592315674,
    "static_jitter_p95": 0.9999999403953552,
    "flow_temporal_p50": 1.6789995431900024,
    "flow_temporal_p95": 3.27248523235321,
    "flow_depth_p50": 1.6349003314971924,
    "flow_depth_p95": 29.45218210220335,
    "stereo_art_scale_pct_std": 0.3306937427480123,
    "stereo_art_zero_pct_std": 0.04067883098060246,
    "stereo_ref_scale_pct_std": 0.35874790304913534,
    "stereo_ref_zero_pct_std": 0.034606501715069626,
    "stereo_art_scale_std_error_pct": 0.028054160301123066,
    "stereo_art_zero_std_error_pct": 0.006072329265532833,
    "q_clean": 78.3,
    "q_depth": 41.0,
    "score": 78.3
  },
  "perf_ms": {
    "depth_infer": 1.49587,
    "depth_postprocess_gpu": 0.071808,
    "depth_preprocess_gpu": 0.180128,
    "sbs_composite_cpu": 12.4334,
    "warp_infer": 12.6258
  },
  "meta": {
    "git_sha": "e15f08f1",
    "git_dirty": true,
    "run_kind": "baseline_gate",
    "baseline_identities": {},
    "clip_set_sha1": {
      "bonn_person_close": "3dbbc6790aa2",
      "bonn_person_walk": "29cacb5ce074",
      "sintel_ambush": "bb5125caa90f",
      "sintel_market": "064b8ba8f8b3",
      "spring_character_close": "079ea7bbb6e4",
      "spring_daylight_path": "d127cf6db91a",
      "spring_forest_seeds": "990d0ca3dff9",
      "spring_skeleton_cave": "aba9df0a540e",
      "tartanair_house_easy": "3dcc51c9c695",
      "tartanair_house_motion": "5a55318f726a",
      "vkitti_drive_clone": "f5357826fe51",
      "vkitti_drive_rain": "ea09d6efe71f"
    },
    "mode": "profile",
    "suite": "extended-v3",
    "clips_root": "E:\\ApolloDev\\sbs_bench\\datasets\\prepared\\extended-v3",
    "extra_args": [],
    "conf": "tools\\sbsbench\\bench.conf",
    "model": "depth_anything_v2_fp16",
    "profile": "apollo",
    "adaptive_pop": true,
    "adaptive_pop_max": 1.3,
    "pop_strength": 1.25,
    "ema": 0.5,
    "ema_edge_change": 0.05,
    "ema_edge_gradient": 0.02,
    "ema_edge_strength": 0.25,
    "minmax_ema": 0.18,
    "subject_lock": 0.5,
    "subject_recenter": 0.35,
    "subject_stretch": true,
    "depth_short_side": 432,
    "depth_max_aspect": 4,
    "zero_plane": "legacy",
    "cuda_graph": true,
    "artistic_style": "immersive",
    "artistic_policy": true,
    "artistic_policy_consumed": false,
    "artistic_policy_authorization": "none",
    "model_onnx_sha256": "",
    "policy_metadata_sha256": "",
    "deployment_geometry_allowlist_sha256": "",
    "artistic_scale_override": 0,
    "output_interval": 1,
    "output_gt_right_only": false,
    "literal_bestv2": false,
    "depth_compensation": "none",
    "eval_schema": 29,
    "depth_step": "current-once",
    "depth_reuse_interval": 1,
    "conf_sha256": "679341c6d0d9db4d",
    "metric_sha256": "88028fadef928b53",
    "policy_warp_source_sha256": "86889c3f389a4c54ebcf0262f479ec71aadd81c42847a50bb39bf2fcce2fd132",
    "gpu_contention": false,
    "timestamp": "2026-07-15T13:11:32",
    "run_name": "eval29-required-evidence-extended-baseline",
    "depth_override_frames": 0,
    "harness_schema": 24,
    "source_width": 1920,
    "source_height": 1080,
    "model_input_width": 770,
    "model_input_height": 434,
    "eye_width": 1920,
    "eye_height": 1080,
    "color_mode": "sdr-srgb-8bit",
    "content_scale_x": 1,
    "content_scale_y": 1,
    "disparity_raster_width": 1920,
    "disparity_raster_height": 1080,
    "artifact_mode": "full",
    "warp_disparity": "exact_clamped_full_binocular_normalized_at_output_eye_raster_zero_bars",
    "warp_unclamped_disparity": "unclamped_full_binocular_normalized_at_artistic_scale_1_output_eye_raster_zero_bars",
    "artistic_disparity_contract": "clamp(raw_baseline_times_scale_to_plus_or_minus_0.142_times_aspect_scale_times_content_scale_x)",
    "artistic_full_clamp_abs": 0.189333349,
    "warp_mask": {
      "red": "forward_disocclusion_before_fill"
    },
    "cuda_graph_captured": true,
    "name": "spring-character-close",
    "description": "Bright character close-up with facial features, hair, a thin wooden prop and strong foreground separation.",
    "dataset": "Spring Stereo Test Dataset",
    "homepage": "https://spring-benchmark.org/",
    "citation": "Mehl et al., Spring: A High-Resolution High-Detail Dataset and Benchmark for Scene Flow, Optical Flow and Stereo, CVPR 2023",
    "license_note": "Dataset and Spring movie assets are CC BY 4.0; prepared media remains external to Git.",
    "required_gt_depth": false,
    "required_gt_flow": false,
    "required_gt_stereo": true,
    "source_artifacts": "The rendered source intentionally uses shallow depth of field around the character and prop; naturally blurred edges must not be counted as warp blur.",
    "clip_sha1": "079ea7bbb6e4"
  }
}