{
  "aggregate": {
    "artifact_in_hole_pct": 90.94951149930394,
    "depth_spread": 0.7344862843553225,
    "disocc_frac": 0.052632559317129624,
    "disocc_smear": 0.0,
    "edge_acc_p50": 0.041666666666666664,
    "edge_acc_p95": 10.677083313465118,
    "exact_pop_spread_pct": 0.9625995600799797,
    "flicker": 2.602042817551157,
    "flicker_disocc": 8.917049677475639,
    "flow_depth": 14.345429005830184,
    "flow_support": 0.9356141021286232,
    "flow_temporal": 3.2490890959034795,
    "hole_bad_fill_pct": 1.6301547764639508,
    "hole_source_residual_p95": 17.603495778640106,
    "image_integrity_pct": 99.44656142260932,
    "image_negative_disparity_pct": 1.0854394713615168,
    "image_positive_disparity_pct": 0.00044486198714676874,
    "negative_disparity_pct": 1.2397315353155136,
    "pop_pct_p50": 0.224618880607338,
    "pop_px_p50": 5.7502433435478535,
    "pop_px_p95": 27.216924423260185,
    "pop_spread_pct": 1.0255031609654497,
    "pop_spread_px": 26.252880920715512,
    "positive_disparity_pct": 0.0,
    "rim_over_p50": 0.0,
    "rim_over_p95": 2.423614422480265,
    "source_coverage_pct": 99.78158602150538,
    "source_halo_p95": 15.504167258739471,
    "source_residual_p50": 0.3657585174466173,
    "source_residual_p95": 4.185213168462117,
    "source_stretch_pct": 5.092593603880389,
    "source_stretch_support": 4.517053674768518,
    "static_jitter": 1.3029147853022036,
    "static_support": 0.7337396839774557,
    "stereo_art_ddc_iou": 13.752142355391626,
    "stereo_art_polarity_ok": 100.0,
    "stereo_art_scale_error_pct": 2.714434547734187,
    "stereo_art_scale_pct": 2.1717633393199596,
    "stereo_art_support_pct": 61.17316351996528,
    "stereo_art_zero_error_pct": 3.3247555608206993,
    "stereo_art_zero_pct": -1.5982217198600968,
    "stereo_gt_coverage_pct": 91.72705535641376,
    "stereo_gt_global_shift_px": 44.0625,
    "stereo_gt_psnr": 22.559053858133765,
    "stereo_gt_residual_p95": 31.600791851679485,
    "stereo_gt_ssim": 0.71084263920784,
    "stereo_ref_ddc_iou": 14.295376255500281,
    "stereo_ref_scale_pct": 4.877449698688403,
    "stereo_ref_zero_pct": 1.7265338409606017,
    "stretch_area": 1.184714988425926,
    "swim": 0.4486551427322885,
    "vmisalign_pct": 0.0013525301969989582,
    "vmisalign_px": 0.00954089309864988,
    "warp_hole_pct": 1.2920493578255676,
    "_n": 24,
    "_models": [
      ""
    ],
    "flicker_p50": 1.1590626239776611,
    "flicker_p95": 5.905625677108764,
    "flicker_disocc_p50": 6.735179424285889,
    "flicker_disocc_p95": 18.31515884399414,
    "swim_p50": 0.3657588064670563,
    "swim_p95": 0.9073924422264099,
    "static_jitter_p50": 1.2126004695892334,
    "static_jitter_p95": 1.7151975631713867,
    "flow_temporal_p50": 2.0014102458953857,
    "flow_temporal_p95": 6.039384126663208,
    "flow_depth_p50": 7.950557231903076,
    "flow_depth_p95": 33.091176986694336,
    "stereo_art_scale_pct_std": 0.2883383526101679,
    "stereo_art_zero_pct_std": 0.01895182017560665,
    "stereo_ref_scale_pct_std": 1.0047558892682722,
    "stereo_ref_zero_pct_std": 0.7394154128896923,
    "stereo_art_scale_std_error_pct": 0.7164175366581043,
    "stereo_art_zero_std_error_pct": 0.7204635927140857,
    "q_clean": 75.2,
    "q_depth": 38.5,
    "score": 75.2
  },
  "perf_ms": {
    "depth_infer": 1.49734,
    "depth_postprocess_gpu": 0.073824,
    "depth_preprocess_gpu": 0.180032,
    "sbs_composite_cpu": 13.2861,
    "warp_infer": 13.3704
  },
  "meta": {
    "git_sha": "e15f08f1",
    "git_dirty": true,
    "run_kind": "baseline_gate",
    "baseline_identities": {},
    "clip_set_sha1": {
      "bonn_person_close": "3dbbc6790aa2",
      "bonn_person_walk": "29cacb5ce074",
      "sintel_ambush": "bb5125caa90f",
      "sintel_market": "064b8ba8f8b3",
      "spring_character_close": "079ea7bbb6e4",
      "spring_daylight_path": "d127cf6db91a",
      "spring_forest_seeds": "990d0ca3dff9",
      "spring_skeleton_cave": "aba9df0a540e",
      "tartanair_house_easy": "3dcc51c9c695",
      "tartanair_house_motion": "5a55318f726a",
      "vkitti_drive_clone": "f5357826fe51",
      "vkitti_drive_rain": "ea09d6efe71f"
    },
    "mode": "profile",
    "suite": "extended-v3",
    "clips_root": "E:\\ApolloDev\\sbs_bench\\datasets\\prepared\\extended-v3",
    "extra_args": [],
    "conf": "tools\\sbsbench\\bench.conf",
    "model": "depth_anything_v2_fp16",
    "profile": "apollo",
    "adaptive_pop": true,
    "adaptive_pop_max": 1.3,
    "pop_strength": 1.25,
    "ema": 0.5,
    "ema_edge_change": 0.05,
    "ema_edge_gradient": 0.02,
    "ema_edge_strength": 0.25,
    "minmax_ema": 0.18,
    "subject_lock": 0.5,
    "subject_recenter": 0.35,
    "subject_stretch": true,
    "depth_short_side": 432,
    "depth_max_aspect": 4,
    "zero_plane": "legacy",
    "cuda_graph": true,
    "artistic_style": "immersive",
    "artistic_policy": true,
    "artistic_policy_consumed": false,
    "artistic_policy_authorization": "none",
    "model_onnx_sha256": "",
    "policy_metadata_sha256": "",
    "deployment_geometry_allowlist_sha256": "",
    "artistic_scale_override": 0,
    "output_interval": 1,
    "output_gt_right_only": false,
    "literal_bestv2": false,
    "depth_compensation": "none",
    "eval_schema": 29,
    "depth_step": "current-once",
    "depth_reuse_interval": 1,
    "conf_sha256": "679341c6d0d9db4d",
    "metric_sha256": "88028fadef928b53",
    "policy_warp_source_sha256": "86889c3f389a4c54ebcf0262f479ec71aadd81c42847a50bb39bf2fcce2fd132",
    "gpu_contention": false,
    "timestamp": "2026-07-15T13:11:32",
    "run_name": "eval29-required-evidence-extended-baseline",
    "depth_override_frames": 0,
    "harness_schema": 24,
    "source_width": 1920,
    "source_height": 1080,
    "model_input_width": 770,
    "model_input_height": 434,
    "eye_width": 1920,
    "eye_height": 1080,
    "color_mode": "sdr-srgb-8bit",
    "content_scale_x": 1,
    "content_scale_y": 1,
    "disparity_raster_width": 1920,
    "disparity_raster_height": 1080,
    "artifact_mode": "full",
    "warp_disparity": "exact_clamped_full_binocular_normalized_at_output_eye_raster_zero_bars",
    "warp_unclamped_disparity": "unclamped_full_binocular_normalized_at_artistic_scale_1_output_eye_raster_zero_bars",
    "artistic_disparity_contract": "clamp(raw_baseline_times_scale_to_plus_or_minus_0.142_times_aspect_scale_times_content_scale_x)",
    "artistic_full_clamp_abs": 0.189333349,
    "warp_mask": {
      "red": "forward_disocclusion_before_fill"
    },
    "cuda_graph_captured": true,
    "name": "spring-forest-seeds",
    "description": "Cinematic forest shot with thin airborne structures, defocus, transparency-like edges and strong depth layering.",
    "dataset": "Spring Stereo Test Dataset",
    "homepage": "https://spring-benchmark.org/",
    "citation": "Mehl et al., Spring: A High-Resolution High-Detail Dataset and Benchmark for Scene Flow, Optical Flow and Stereo, CVPR 2023",
    "license_note": "Dataset and Spring movie assets are CC BY 4.0; prepared media remains external to Git.",
    "required_gt_depth": false,
    "required_gt_flow": false,
    "required_gt_stereo": true,
    "source_artifacts": "The source deliberately contains heavy depth-of-field blur and translucent motion-softened seed edges; these are baked into both rendered views.",
    "clip_sha1": "990d0ca3dff9"
  }
}