{
  "aggregate": {
    "artifact_in_hole_pct": 0.0,
    "depth_spread": 0.8705898548165957,
    "disocc_frac": 0.02511132008744856,
    "disocc_smear": 0.0,
    "edge_acc_p50": 11.645833333333334,
    "edge_acc_p95": 24.0,
    "flicker": 4.84446152396824,
    "flicker_disocc": 6.369565362515657,
    "flow_depth": 6.267879683038463,
    "flow_support": 0.983114196482488,
    "flow_temporal": 3.0634831449259883,
    "hole_bad_fill_pct": 0.0,
    "hole_source_residual_p95": 8.084328165650366,
    "image_integrity_pct": 99.07782276203328,
    "negative_disparity_pct": 1.3983048405498266,
    "pop_pct_p50": 0.9002832830739661,
    "pop_px_p50": 23.04725204669353,
    "pop_px_p95": 34.52786459283893,
    "pop_spread_pct": 1.0177520778662288,
    "pop_spread_px": 26.054453193375462,
    "positive_disparity_pct": 0.0,
    "rim_over_p50": 0.0,
    "rim_over_p95": 7.515582005182902,
    "source_coverage_pct": 100.0,
    "source_halo_p95": 7.262500007947286,
    "source_residual_p50": 1.5624641825755436,
    "source_residual_p95": 6.155055304368337,
    "source_stretch_pct": 11.259460456054654,
    "source_stretch_support": 3.254982277199074,
    "static_support": 0.0009560562600644124,
    "stereo_art_ddc_iou": 0.6907321686425378,
    "stereo_art_polarity_ok": 100.0,
    "stereo_art_scale_error_pct": 0.5810639006833053,
    "stereo_art_scale_pct": 1.4008207423058938,
    "stereo_art_support_pct": 87.9791259765625,
    "stereo_art_zero_error_pct": 2.0535769436271747,
    "stereo_art_zero_pct": -1.7647893754039552,
    "stereo_gt_coverage_pct": 99.99359631147541,
    "stereo_gt_global_shift_px": 35.0,
    "stereo_gt_psnr": 28.68743803078702,
    "stereo_gt_residual_p95": 6.0928739706675215,
    "stereo_gt_ssim": 0.8383628452817599,
    "stereo_ref_ddc_iou": 1.1270335422954572,
    "stereo_ref_scale_pct": 1.9806030178135199,
    "stereo_ref_zero_pct": 0.28878756822321977,
    "stretch_area": 0.07647730195473251,
    "swim": 2.383183266805566,
    "vmisalign_pct": 0.0006363252652119154,
    "vmisalign_px": 0.00591794047310638,
    "warp_hole_pct": 0.29191868279569894,
    "_n": 24,
    "_models": [
      ""
    ],
    "flicker_p50": 4.606661796569824,
    "flicker_p95": 4.789742183685303,
    "flicker_disocc_p50": 6.22539758682251,
    "flicker_disocc_p95": 7.07899284362793,
    "swim_p50": 0.5408554077148438,
    "swim_p95": 11.478207254409782,
    "flow_temporal_p50": 2.7190775871276855,
    "flow_temporal_p95": 3.4215049028396605,
    "flow_depth_p50": 1.434411644935608,
    "flow_depth_p95": 29.588217353820777,
    "stereo_art_scale_pct_std": 0.40825584272090687,
    "stereo_art_zero_pct_std": 0.0467792143710665,
    "stereo_ref_scale_pct_std": 0.40374392623893984,
    "stereo_ref_zero_pct_std": 0.012752247919735742,
    "stereo_art_scale_std_error_pct": 0.0045119164819670265,
    "stereo_art_zero_std_error_pct": 0.03402696645133076,
    "q_clean": 78.7,
    "q_depth": 40.7,
    "score": 78.7
  },
  "perf_ms": {
    "depth_infer": 1.45731,
    "depth_postprocess_gpu": 0.070048,
    "depth_preprocess_gpu": 0.213024,
    "sbs_composite_cpu": 0.0055,
    "warp_infer": 0.246656
  },
  "meta": {
    "git_sha": "e7c92d9d",
    "git_dirty": true,
    "clip_set_sha1": {
      "bonn_person_close": "3dbbc6790aa2",
      "bonn_person_walk": "29cacb5ce074",
      "sintel_ambush": "bb5125caa90f",
      "sintel_market": "064b8ba8f8b3",
      "spring_character_close": "079ea7bbb6e4",
      "spring_daylight_path": "d127cf6db91a",
      "spring_forest_seeds": "990d0ca3dff9",
      "spring_skeleton_cave": "aba9df0a540e",
      "tartanair_house_easy": "3dcc51c9c695",
      "tartanair_house_motion": "5a55318f726a",
      "vkitti_drive_clone": "f5357826fe51",
      "vkitti_drive_rain": "ea09d6efe71f"
    },
    "mode": "profile",
    "suite": "extended-v3",
    "clips_root": "E:\\ApolloDev\\sbs_bench\\datasets\\prepared\\extended-v3",
    "extra_args": [],
    "conf": "tools\\sbsbench\\bench.conf",
    "model": "depth_anything_v2_fp16",
    "profile": "apollo",
    "adaptive_pop": true,
    "adaptive_pop_max": 1.3,
    "zero_plane": "legacy",
    "literal_bestv2": false,
    "depth_compensation": "none",
    "eval_schema": 24,
    "depth_step": "current-once",
    "depth_reuse_interval": 1,
    "conf_sha256": "679341c6d0d9db4d",
    "metric_sha256": "de3a107791d5f662",
    "gpu_contention": false,
    "timestamp": "2026-07-14T16:21:06",
    "run_name": "evalv24-extended-v3",
    "cuda_graph": true,
    "cuda_graph_captured": true,
    "name": "spring-daylight-path",
    "description": "Bright outdoor ground plane with rocks, vegetation, long depth range and moving camera parallax.",
    "dataset": "Spring Stereo Test Dataset",
    "homepage": "https://spring-benchmark.org/",
    "citation": "Mehl et al., Spring: A High-Resolution High-Detail Dataset and Benchmark for Scene Flow, Optical Flow and Stereo, CVPR 2023",
    "license_note": "Dataset and Spring movie assets are CC BY 4.0; prepared media remains external to Git.",
    "required_gt_depth": false,
    "required_gt_flow": false,
    "required_gt_stereo": true,
    "source_artifacts": "The source includes baked sun bloom and fine high-contrast gravel texture; the original frame is required when reviewing halo and stretch evidence.",
    "clip_sha1": "d127cf6db91a"
  }
}