{
  "aggregate": {
    "artifact_in_hole_pct": 35.507439276112116,
    "depth_spread": 0.9366804858048757,
    "disocc_frac": 0.0571774731545782,
    "disocc_smear": 0.0,
    "edge_acc_p50": 0.0,
    "edge_acc_p95": 24.0,
    "flicker": 0.8548349180947179,
    "flicker_disocc": 3.185274134511533,
    "flow_depth": 1.349590003490448,
    "flow_support": 0.9763938424667876,
    "flow_temporal": 1.8371703676555469,
    "hole_bad_fill_pct": 0.32360635634542556,
    "hole_source_residual_p95": 17.07922399838765,
    "image_integrity_pct": 99.05770438840527,
    "negative_disparity_pct": 1.6252944054314205,
    "pop_pct_p50": 0.6118469974820436,
    "pop_px_p50": 15.663283135540317,
    "pop_px_p95": 22.009859859431064,
    "pop_spread_pct": 0.8444406004698415,
    "pop_spread_px": 21.617679372027947,
    "positive_disparity_pct": 0.0008738713015237063,
    "rim_over_p50": 0.0,
    "rim_over_p95": 1.0991773009300232,
    "source_coverage_pct": 99.94119623655914,
    "source_halo_p95": 9.312495191891989,
    "source_residual_p50": 0.2222188264131546,
    "source_residual_p95": 6.752005418141683,
    "source_stretch_pct": 8.3301300788533,
    "source_stretch_support": 6.685610170717593,
    "static_jitter": 0.665459341329077,
    "static_support": 0.7508352623456789,
    "stereo_art_ddc_iou": 11.58067329286458,
    "stereo_art_polarity_ok": 100.0,
    "stereo_art_scale_error_pct": 0.5922705544967077,
    "stereo_art_scale_pct": 1.2944492982691747,
    "stereo_art_support_pct": 38.97241663049768,
    "stereo_art_zero_error_pct": 5.012971858644742,
    "stereo_art_zero_pct": -1.5630007648435615,
    "stereo_gt_coverage_pct": 97.070247330664,
    "stereo_gt_global_shift_px": 112.5,
    "stereo_gt_psnr": 24.04761017445591,
    "stereo_gt_residual_p95": 17.73914408683777,
    "stereo_gt_ssim": 0.7967323263486227,
    "stereo_ref_ddc_iou": 12.54416815100955,
    "stereo_ref_scale_pct": 1.8867198527658822,
    "stereo_ref_zero_pct": 3.4499710938011794,
    "stretch_area": 0.5034722222222222,
    "swim": 0.1559804708737394,
    "vmisalign_pct": 0.0020519269768286635,
    "vmisalign_px": 0.016921412704202037,
    "warp_hole_pct": 1.0066644265232976,
    "_n": 24,
    "_models": [
      ""
    ],
    "flicker_p50": 0.6545110940933228,
    "flicker_p95": 1.6471535086631774,
    "flicker_disocc_p50": 2.533247947692871,
    "flicker_disocc_p95": 6.288113069534302,
    "swim_p50": 0.1439685821533203,
    "swim_p95": 0.3319069504737853,
    "static_jitter_p50": 0.715205192565918,
    "static_jitter_p95": 0.7874013185501099,
    "flow_temporal_p50": 1.5788977146148682,
    "flow_temporal_p95": 3.1776803970336913,
    "flow_depth_p50": 1.1277803182601929,
    "flow_depth_p95": 2.642527770996093,
    "stereo_art_scale_pct_std": 0.05123073554888762,
    "stereo_art_zero_pct_std": 0.014814668659856962,
    "stereo_ref_scale_pct_std": 0.07451968600081656,
    "stereo_ref_zero_pct_std": 0.03404741083671825,
    "stereo_art_scale_std_error_pct": 0.023288950451928934,
    "stereo_art_zero_std_error_pct": 0.019232742176861287,
    "q_clean": 78.3,
    "q_depth": 33.8,
    "score": 78.3
  },
  "perf_ms": {
    "depth_infer": 1.45904,
    "depth_postprocess_gpu": 0.08192,
    "depth_preprocess_gpu": 0.155936,
    "sbs_composite_cpu": 0.0049,
    "warp_infer": 0.24544
  },
  "meta": {
    "git_sha": "e15f08f1",
    "git_dirty": true,
    "clip_set_sha1": {
      "bonn_person_close": "3dbbc6790aa2",
      "bonn_person_walk": "29cacb5ce074",
      "sintel_ambush": "bb5125caa90f",
      "sintel_market": "064b8ba8f8b3",
      "spring_character_close": "079ea7bbb6e4",
      "spring_daylight_path": "d127cf6db91a",
      "spring_forest_seeds": "990d0ca3dff9",
      "spring_skeleton_cave": "aba9df0a540e",
      "tartanair_house_easy": "3dcc51c9c695",
      "tartanair_house_motion": "5a55318f726a",
      "vkitti_drive_clone": "f5357826fe51",
      "vkitti_drive_rain": "ea09d6efe71f"
    },
    "mode": "profile",
    "suite": "extended",
    "clips_root": "E:\\ApolloDev\\sbs_bench\\datasets\\prepared\\extended-v3",
    "extra_args": [],
    "conf": "tools\\sbsbench\\bench.conf",
    "model": "depth_anything_v2_fp16",
    "profile": "apollo",
    "adaptive_pop": true,
    "adaptive_pop_max": 1.3,
    "zero_plane": "legacy",
    "literal_bestv2": false,
    "depth_compensation": "none",
    "eval_schema": 26,
    "depth_step": "current-once",
    "depth_reuse_interval": 1,
    "conf_sha256": "679341c6d0d9db4d",
    "metric_sha256": "bb8f6540c80451a4",
    "executable_sha256": "486322e71404be5f24c8875968b343f18ebb2856304aab6198a02d15b8db4f5b",
    "runtime_shader_sha256": "0d7165f0f96f77ed197bcb0ac5641fcba1d044df1268ea5ed8be90e65e1365ca",
    "engine_name": "depth_anything_v2_fp16.trt-opt770x434-level5-v2.trt11_1_0-sm120-gpuec0860237209d3fe-onnx2df6223f206b5164e21f664ace61dabeb9bb6a49b8b5a3e00510b4807d0f5b04.engine",
    "engine_sha256": "e54fe5b921df85b65cba29be6ef7e4cbb0c51b90b0f850947eba22521a290f28",
    "onnx_sha256": "2df6223f206b5164e21f664ace61dabeb9bb6a49b8b5a3e00510b4807d0f5b04",
    "gpu_contention": false,
    "run_kind": "baseline-update",
    "timestamp": "2026-07-17T19:08:24",
    "run_name": "review-fix26-baseline-extended-v2",
    "cuda_graph": true,
    "cuda_graph_captured": true,
    "source_frame_count": 24,
    "name": "spring-character-close",
    "description": "Bright character close-up with facial features, hair, a thin wooden prop and strong foreground separation.",
    "required_gt_depth": false,
    "required_gt_flow": false,
    "required_gt_stereo": true,
    "dataset": "Spring Stereo Test Dataset",
    "homepage": "https://spring-benchmark.org/",
    "citation": "Mehl et al., Spring: A High-Resolution High-Detail Dataset and Benchmark for Scene Flow, Optical Flow and Stereo, CVPR 2023",
    "license_note": "Dataset and Spring movie assets are CC BY 4.0; prepared media remains external to Git.",
    "source_artifacts": "The rendered source intentionally uses shallow depth of field around the character and prop; naturally blurred edges must not be counted as warp blur.",
    "source_suite": "extended-v3",
    "clip_sha1": "079ea7bbb6e4"
  }
}