{
  "aggregate": {
    "depth_gt_edge_f1": 52.16842097127386,
    "depth_gt_si_rmse": 9.806756258010864,
    "depth_spread": 0.7815554936726888,
    "disocc_frac": 0.012830403645833334,
    "disocc_smear": 0.0,
    "edge_acc_p50": 5.020833333333333,
    "edge_acc_p95": 17.285416651517153,
    "flicker": 15.552364183508832,
    "flicker_disocc": 36.09353989362717,
    "flow_depth": 37.56564534228781,
    "flow_support": 0.759013963782269,
    "flow_temporal": 5.966162349866784,
    "image_integrity_pct": 99.20196439533456,
    "negative_disparity_pct": 1.4540272620160977,
    "pop_pct_p50": 1.1599898048539548,
    "pop_px_p50": 17.597474965488143,
    "pop_px_p95": 19.4336811052066,
    "pop_spread_pct": 0.9219409880467095,
    "pop_spread_px": 13.986186248293786,
    "positive_disparity_pct": 0.11670717674296027,
    "rim_over_p50": 0.0030081719160079956,
    "rim_over_p95": 1.7645225618034601,
    "source_coverage_pct": 99.96534778225806,
    "source_halo_p95": 0.7395832886298498,
    "source_residual_p50": 0.25457902035365504,
    "source_residual_p95": 2.5926112830638885,
    "source_stretch_pct": 3.409708033910445,
    "source_stretch_support": 0.90484619140625,
    "static_jitter": 2.267043888568878,
    "static_support": 0.09112612516983697,
    "stretch_area": 0.13590494791666666,
    "swim": 11.259769831014717,
    "vmisalign_pct": 0.0023164784943219274,
    "vmisalign_px": 0.009419773297850043,
    "_n": 24,
    "_models": [
      ""
    ],
    "flicker_p50": 16.504941940307617,
    "flicker_p95": 20.84969425201416,
    "flicker_disocc_p50": 31.55740261077881,
    "flicker_disocc_p95": 64.40398693084717,
    "swim_p50": 10.836569786071777,
    "swim_p95": 23.150585556030265,
    "static_jitter_p50": 2.0681910514831543,
    "static_jitter_p95": 2.950846517086029,
    "flow_temporal_p50": 5.999999523162842,
    "flow_temporal_p95": 9.199275016784666,
    "flow_depth_p50": 32.502689361572266,
    "flow_depth_p95": 66.39801940917968,
    "q_clean": 85.6,
    "q_depth": 36.9,
    "score": 85.6
  },
  "perf_ms": {
    "depth_infer": 1.81494,
    "sbs_composite_cpu": 0.0068,
    "warp_infer": 0.018592
  },
  "meta": {
    "git_sha": "8a5564a9",
    "git_dirty": true,
    "clip_set_sha1": {
      "bonn_person_close": "9833f080aed3",
      "bonn_person_walk": "d50a574dc05a",
      "sintel_ambush": "eb33a2b52c5f",
      "sintel_market": "eaa7b4a85487",
      "tartanair_house_easy": "28eb837aa364",
      "tartanair_house_motion": "d01e8c02d4c8",
      "vkitti_drive_clone": "87ece81615b1",
      "vkitti_drive_rain": "ab987283ebd2"
    },
    "mode": "profile",
    "suite": "extended-v2",
    "clips_root": "E:\\ApolloDev\\sbs_bench\\datasets\\prepared\\extended-v2",
    "extra_args": [],
    "conf": "tools\\sbsbench\\bench.conf",
    "model": "depth_anything_v2_fp16",
    "profile": "vd3d",
    "warp": "vd3d",
    "eval_schema": 9,
    "depth_step": "current-once",
    "conf_sha256": "9d32d1467ef6e8c2",
    "metric_sha256": "424bb4a8bb87c29f",
    "gpu_contention": false,
    "timestamp": "2026-07-11T23:08:22",
    "run_name": "vd3d-default-baseline-extended",
    "name": "tartanair-house-easy",
    "description": "Synthetic attic/bed transition with exact metric depth and optical flow.",
    "dataset": "TartanAir V2",
    "homepage": "https://tartanair.org/",
    "citation": "Wang et al., TartanAir, IROS 2020",
    "license_note": "Dataset CC BY 4.0; prepared media remains external to keep the repository small.",
    "gt_depth_kind": "metric",
    "clip_sha1": "28eb837aa364"
  }
}