{
  "aggregate": {
    "artifact_in_hole_pct": 20.97021412590611,
    "depth_gt_edge_f1": 60.70493610018307,
    "depth_gt_lag_f1": 0.0,
    "depth_gt_si_rmse": 11.877402245998383,
    "depth_spread": 0.7626764240364233,
    "disocc_frac": 0.03643717447916667,
    "disocc_smear": 0.0006364415352046598,
    "edge_acc_p50": 6.625,
    "edge_acc_p95": 24.0,
    "flicker": 29.011161721271016,
    "flicker_disocc": 49.83980966650921,
    "flow_depth": 33.26324632893438,
    "flow_support": 0.47606294051460596,
    "flow_temporal": 14.286620077879533,
    "hole_bad_fill_pct": 0.9989552288196887,
    "hole_source_residual_p95": 14.080597194035844,
    "image_integrity_pct": 99.12764003673095,
    "negative_disparity_pct": 1.44863088814418,
    "pop_pct_p50": 1.173816218159301,
    "pop_px_p50": 17.807226776224066,
    "pop_px_p95": 19.347934450458144,
    "pop_spread_pct": 0.6478268537376115,
    "pop_spread_px": 9.827773307071322,
    "positive_disparity_pct": 0.01831995066734497,
    "rim_over_p50": 0.0,
    "rim_over_p95": 12.550899604956308,
    "source_coverage_pct": 99.30223034274194,
    "source_halo_p95": 3.4750001529852548,
    "source_residual_p50": 0.509135514497757,
    "source_residual_p95": 7.425983210404714,
    "source_stretch_pct": 6.934399300835341,
    "source_stretch_support": 6.616274515787761,
    "static_jitter": 2.6243444085121155,
    "static_support": 0.05766590947690218,
    "stretch_area": 0.40924072265625,
    "swim": 9.743949656901153,
    "vmisalign_pct": 0.0030082190642133355,
    "vmisalign_px": 0.0107522615386794,
    "warp_hole_pct": 1.5178065146169353,
    "_n": 24,
    "_models": [
      ""
    ],
    "flicker_p50": 29.486865997314453,
    "flicker_p95": 37.3540283203125,
    "flicker_disocc_p50": 49.908103942871094,
    "flicker_disocc_p95": 71.73245849609374,
    "swim_p50": 5.610888957977295,
    "swim_p95": 22.436964416503905,
    "static_jitter_p50": 2.642393469810486,
    "static_jitter_p95": 2.9999975085258486,
    "flow_temporal_p50": 12.25475788116455,
    "flow_temporal_p95": 20.52916393280029,
    "flow_depth_p50": 27.664289474487305,
    "flow_depth_p95": 57.87293891906738,
    "depth_gt_lag_f1_p50": 0.0,
    "depth_gt_lag_f1_p95": 0.0,
    "q_clean": 68.5,
    "q_depth": 25.9,
    "score": 68.5
  },
  "perf_ms": {
    "depth_infer": 1.15389,
    "sbs_composite_cpu": 0.0051,
    "warp_infer": 0.222592
  },
  "meta": {
    "git_sha": "c3ecd6d9",
    "git_dirty": true,
    "clip_set_sha1": {
      "bonn_person_close": "9833f080aed3",
      "bonn_person_walk": "d50a574dc05a",
      "sintel_ambush": "eb33a2b52c5f",
      "sintel_market": "eaa7b4a85487",
      "tartanair_house_easy": "28eb837aa364",
      "tartanair_house_motion": "d01e8c02d4c8",
      "vkitti_drive_clone": "87ece81615b1",
      "vkitti_drive_rain": "ab987283ebd2"
    },
    "mode": "profile",
    "suite": "extended-v2",
    "clips_root": "E:\\ApolloDev\\sbs_bench\\datasets\\prepared\\extended-v2",
    "extra_args": [],
    "conf": "tools\\sbsbench\\bench.conf",
    "model": "depth_anything_v2_fp16",
    "profile": "apollo",
    "literal_bestv2": false,
    "depth_compensation": "none",
    "eval_schema": 19,
    "depth_step": "current-once",
    "depth_reuse_interval": 1,
    "conf_sha256": "679341c6d0d9db4d",
    "metric_sha256": "0e55e6ee073ec1ac",
    "gpu_contention": false,
    "timestamp": "2026-07-12T21:17:10",
    "run_name": "cuda-graph-baseline-extended",
    "cuda_graph": true,
    "cuda_graph_captured": true,
    "name": "tartanair-house-motion",
    "description": "Synthetic indoor/outdoor camera rotation with exact metric depth and optical flow.",
    "dataset": "TartanAir V2",
    "homepage": "https://tartanair.org/",
    "citation": "Wang et al., TartanAir, IROS 2020",
    "license_note": "Dataset CC BY 4.0; prepared media remains external to keep the repository small.",
    "gt_depth_kind": "metric",
    "clip_sha1": "d01e8c02d4c8"
  }
}