{
  "aggregate": {
    "artifact_in_hole_pct": 8.83838383838384,
    "depth_gt_edge_f1": 52.16842097127386,
    "depth_gt_si_rmse": 9.806756258010864,
    "depth_spread": 0.7815554936726888,
    "disocc_frac": 0.012830403645833334,
    "disocc_smear": 0.0,
    "edge_acc_p50": 5.020833333333333,
    "edge_acc_p95": 17.285416651517153,
    "flicker": 15.557851045028023,
    "flicker_disocc": 36.73095339536667,
    "flow_depth": 37.56564534228781,
    "flow_support": 0.759013963782269,
    "flow_temporal": 5.959690788517827,
    "hole_bad_fill_pct": 0.017671295424452484,
    "hole_source_residual_p95": 4.316656648864348,
    "image_integrity_pct": 99.28429861264038,
    "negative_disparity_pct": 1.4574101464859268,
    "pop_pct_p50": 1.154296753893582,
    "pop_px_p50": 17.511109273881896,
    "pop_px_p95": 19.413646374301926,
    "pop_spread_pct": 1.0160030895177625,
    "pop_spread_px": 15.41314316542502,
    "positive_disparity_pct": 0.07025406126065394,
    "rim_over_p50": 0.0030081719160079956,
    "rim_over_p95": 1.2882452060778935,
    "source_coverage_pct": 99.97952368951613,
    "source_halo_p95": 0.5395833005507787,
    "source_residual_p50": 0.25927416048943996,
    "source_residual_p95": 2.564935103058815,
    "source_stretch_pct": 3.897081637352238,
    "source_stretch_support": 0.8805592854817709,
    "static_jitter": 2.231941372156143,
    "static_support": 0.09112612516983697,
    "stretch_area": 0.14943440755208334,
    "swim": 11.259769831014717,
    "vmisalign_pct": 0.0030519274878315628,
    "vmisalign_px": 0.011391374185526123,
    "warp_hole_pct": 1.264477801579301,
    "warp_unresolved_pct": 0.0,
    "_n": 24,
    "_models": [
      ""
    ],
    "flicker_p50": 16.510183334350586,
    "flicker_p95": 20.8850399017334,
    "flicker_disocc_p50": 32.8571834564209,
    "flicker_disocc_p95": 65.27584171295166,
    "swim_p50": 10.836569786071777,
    "swim_p95": 23.150585556030265,
    "static_jitter_p50": 1.999992311000824,
    "static_jitter_p95": 2.950846517086029,
    "flow_temporal_p50": 5.924489974975586,
    "flow_temporal_p95": 9.218220901489257,
    "flow_depth_p50": 32.502689361572266,
    "flow_depth_p95": 66.39801940917968,
    "q_clean": 85.4,
    "q_depth": 40.6,
    "score": 85.4
  },
  "perf_ms": {
    "depth_infer": 1.80086,
    "sbs_composite_cpu": 0.0055,
    "warp_infer": 0.223136
  },
  "meta": {
    "git_sha": "23b1673e",
    "git_dirty": true,
    "clip_set_sha1": {
      "bonn_person_close": "9833f080aed3",
      "bonn_person_walk": "d50a574dc05a",
      "sintel_ambush": "eb33a2b52c5f",
      "sintel_market": "eaa7b4a85487",
      "tartanair_house_easy": "28eb837aa364",
      "tartanair_house_motion": "d01e8c02d4c8",
      "vkitti_drive_clone": "87ece81615b1",
      "vkitti_drive_rain": "ab987283ebd2"
    },
    "mode": "profile",
    "suite": "extended-v2",
    "clips_root": "E:\\ApolloDev\\sbs_bench\\datasets\\prepared\\extended-v2",
    "extra_args": [],
    "conf": "tools\\sbsbench\\bench.conf",
    "model": "depth_anything_v2_fp16",
    "profile": "apollo",
    "warp": "apollo",
    "literal_bestv2": false,
    "eval_schema": 12,
    "depth_step": "current-once",
    "depth_reuse_interval": 1,
    "conf_sha256": "679341c6d0d9db4d",
    "metric_sha256": "f35ae50931cfb1db",
    "gpu_contention": false,
    "timestamp": "2026-07-12T12:28:26",
    "run_name": "review-fix-apollo-extended-clean",
    "name": "tartanair-house-easy",
    "description": "Synthetic attic/bed transition with exact metric depth and optical flow.",
    "dataset": "TartanAir V2",
    "homepage": "https://tartanair.org/",
    "citation": "Wang et al., TartanAir, IROS 2020",
    "license_note": "Dataset CC BY 4.0; prepared media remains external to keep the repository small.",
    "gt_depth_kind": "metric",
    "clip_sha1": "28eb837aa364"
  }
}