{
  "aggregate": {
    "artifact_in_hole_pct": 9.229980969111404,
    "depth_gt_edge_f1": 61.30201233575726,
    "depth_gt_ghost_edge_pct": 29.823491089461022,
    "depth_gt_lag_f1": 0.0,
    "depth_gt_si_rmse": 9.783853987852732,
    "depth_spread": 0.7813865318894386,
    "disocc_frac": 0.012990010579427084,
    "disocc_smear": 0.0026354969725945754,
    "edge_acc_p50": 2.2083333333333335,
    "edge_acc_p95": 16.96666666616996,
    "exact_pop_spread_pct": 1.3826983651394187,
    "flicker": 15.557800085648246,
    "flicker_disocc": 38.59152432491905,
    "flow_depth": 37.56707216345745,
    "flow_support": 0.759013963782269,
    "flow_temporal": 6.066089630126953,
    "hole_bad_fill_pct": 0.024879220681602015,
    "hole_source_residual_p95": 4.40819854090611,
    "image_integrity_pct": 99.21190410581427,
    "image_negative_disparity_pct": 1.3525314046482126,
    "image_positive_disparity_pct": 0.008097298129226526,
    "negative_disparity_pct": 1.5440693066921085,
    "pop_pct_p50": 1.1871813190374068,
    "pop_px_p50": 18.00998030658229,
    "pop_px_p95": 20.22326049149326,
    "pop_spread_pct": 0.9914407850325745,
    "pop_spread_px": 15.040523909234912,
    "positive_disparity_pct": 0.08833281099214219,
    "rim_over_p50": 0.0,
    "rim_over_p95": 1.2454004638517897,
    "source_coverage_pct": 99.97952368951613,
    "source_halo_p95": 0.7354166222115358,
    "source_residual_p50": 0.259166640539964,
    "source_residual_p95": 2.4906312823295593,
    "source_stretch_pct": 4.459237337745932,
    "source_stretch_support": 0.9356816609700521,
    "static_jitter": 2.2217749506235123,
    "static_support": 0.09112612516983697,
    "stretch_area": 0.14902750651041666,
    "swim": 11.241753005463144,
    "vmisalign_pct": 0.002940894919447601,
    "vmisalign_px": 0.011120133305666968,
    "warp_hole_pct": 1.321247059811828,
    "_n": 24,
    "_models": [
      ""
    ],
    "flicker_p50": 16.51448631286621,
    "flicker_p95": 20.878560066223145,
    "flicker_disocc_p50": 33.681087493896484,
    "flicker_disocc_p95": 69.41065826416013,
    "swim_p50": 10.836577415466309,
    "swim_p95": 23.132686996459952,
    "static_jitter_p50": 1.998001217842102,
    "static_jitter_p95": 2.9508615374565124,
    "flow_temporal_p50": 5.981507301330566,
    "flow_temporal_p95": 9.494636440277098,
    "flow_depth_p50": 32.49612808227539,
    "flow_depth_p95": 66.40860061645508,
    "depth_gt_lag_f1_p50": 0.0,
    "depth_gt_lag_f1_p95": 0.0,
    "depth_gt_ghost_edge_pct_p50": 0.0,
    "depth_gt_ghost_edge_pct_p95": 75.68805852664723,
    "q_clean": 84.7,
    "q_depth": 55.3,
    "score": 84.7
  },
  "perf_ms": {
    "depth_infer": 1.22419,
    "depth_postprocess_gpu": 0.065792,
    "depth_preprocess_gpu": 0.131072,
    "sbs_composite_cpu": 4.6971,
    "warp_infer": 4.65411
  },
  "meta": {
    "git_sha": "e15f08f1",
    "git_dirty": true,
    "run_kind": "baseline_gate",
    "baseline_identities": {},
    "clip_set_sha1": {
      "bonn_person_close": "3dbbc6790aa2",
      "bonn_person_walk": "29cacb5ce074",
      "sintel_ambush": "bb5125caa90f",
      "sintel_market": "064b8ba8f8b3",
      "spring_character_close": "079ea7bbb6e4",
      "spring_daylight_path": "d127cf6db91a",
      "spring_forest_seeds": "990d0ca3dff9",
      "spring_skeleton_cave": "aba9df0a540e",
      "tartanair_house_easy": "3dcc51c9c695",
      "tartanair_house_motion": "5a55318f726a",
      "vkitti_drive_clone": "f5357826fe51",
      "vkitti_drive_rain": "ea09d6efe71f"
    },
    "mode": "profile",
    "suite": "extended-v3",
    "clips_root": "E:\\ApolloDev\\sbs_bench\\datasets\\prepared\\extended-v3",
    "extra_args": [],
    "conf": "tools\\sbsbench\\bench.conf",
    "model": "depth_anything_v2_fp16",
    "profile": "apollo",
    "adaptive_pop": true,
    "adaptive_pop_max": 1.3,
    "pop_strength": 1.25,
    "ema": 0.5,
    "ema_edge_change": 0.05,
    "ema_edge_gradient": 0.02,
    "ema_edge_strength": 0.25,
    "minmax_ema": 0.18,
    "subject_lock": 0.5,
    "subject_recenter": 0.35,
    "subject_stretch": true,
    "depth_short_side": 432,
    "depth_max_aspect": 4,
    "zero_plane": "legacy",
    "cuda_graph": true,
    "artistic_style": "immersive",
    "artistic_policy": true,
    "artistic_policy_consumed": false,
    "artistic_policy_authorization": "none",
    "model_onnx_sha256": "",
    "policy_metadata_sha256": "",
    "deployment_geometry_allowlist_sha256": "",
    "artistic_scale_override": 0,
    "output_interval": 1,
    "output_gt_right_only": false,
    "literal_bestv2": false,
    "depth_compensation": "none",
    "eval_schema": 29,
    "depth_step": "current-once",
    "depth_reuse_interval": 1,
    "conf_sha256": "679341c6d0d9db4d",
    "metric_sha256": "88028fadef928b53",
    "policy_warp_source_sha256": "86889c3f389a4c54ebcf0262f479ec71aadd81c42847a50bb39bf2fcce2fd132",
    "gpu_contention": false,
    "timestamp": "2026-07-15T13:11:32",
    "run_name": "eval29-required-evidence-extended-baseline",
    "depth_override_frames": 0,
    "harness_schema": 24,
    "source_width": 640,
    "source_height": 640,
    "model_input_width": 434,
    "model_input_height": 434,
    "eye_width": 640,
    "eye_height": 640,
    "color_mode": "sdr-srgb-8bit",
    "content_scale_x": 1,
    "content_scale_y": 1,
    "disparity_raster_width": 640,
    "disparity_raster_height": 640,
    "artifact_mode": "full",
    "warp_disparity": "exact_clamped_full_binocular_normalized_at_output_eye_raster_zero_bars",
    "warp_unclamped_disparity": "unclamped_full_binocular_normalized_at_artistic_scale_1_output_eye_raster_zero_bars",
    "artistic_disparity_contract": "clamp(raw_baseline_times_scale_to_plus_or_minus_0.142_times_aspect_scale_times_content_scale_x)",
    "artistic_full_clamp_abs": 0.336592615,
    "warp_mask": {
      "red": "forward_disocclusion_before_fill"
    },
    "cuda_graph_captured": true,
    "name": "tartanair-house-easy",
    "description": "Synthetic attic/bed transition with exact metric depth and optical flow.",
    "dataset": "TartanAir V2",
    "homepage": "https://tartanair.org/",
    "citation": "Wang et al., TartanAir, IROS 2020",
    "license_note": "Dataset CC BY 4.0; prepared media remains external to keep the repository small.",
    "required_gt_depth": true,
    "required_gt_flow": true,
    "gt_depth_kind": "metric",
    "clip_sha1": "3dcc51c9c695"
  }
}