{
  "aggregate": {
    "artifact_in_hole_pct": 10.549970862470863,
    "depth_gt_edge_f1": 61.24477301011677,
    "depth_gt_ghost_edge_pct": 29.83021536097893,
    "depth_gt_lag_f1": 0.0,
    "depth_gt_si_rmse": 9.784050464630127,
    "depth_spread": 0.7813272476196289,
    "disocc_frac": 0.0129931640625,
    "disocc_smear": 0.0009623307361920718,
    "edge_acc_p50": 2.7291666666666665,
    "edge_acc_p95": 16.87708338846763,
    "flicker": 15.556787034739619,
    "flicker_disocc": 38.54549663945248,
    "flow_depth": 37.56223902495011,
    "flow_support": 0.759013963782269,
    "flow_temporal": 5.956289343211962,
    "hole_bad_fill_pct": 0.029839504423745968,
    "hole_source_residual_p95": 4.348918655018009,
    "image_integrity_pct": 99.20096985727669,
    "negative_disparity_pct": 1.4585288442322053,
    "pop_pct_p50": 1.154107770650281,
    "pop_px_p50": 17.508242328087224,
    "pop_px_p95": 19.40636815521386,
    "pop_spread_pct": 0.9715494688236825,
    "pop_spread_px": 14.738765275191865,
    "positive_disparity_pct": 0.053416235655621466,
    "rim_over_p50": 0.0,
    "rim_over_p95": 1.2984343729913235,
    "source_coverage_pct": 99.98109879032258,
    "source_halo_p95": 0.616666634256641,
    "source_residual_p50": 0.2592740909506877,
    "source_residual_p95": 2.5834119568268457,
    "source_stretch_pct": 4.024591921908634,
    "source_stretch_support": 0.9321848551432291,
    "static_jitter": 2.221767798066139,
    "static_support": 0.09112612516983697,
    "stretch_area": 0.14658610026041666,
    "swim": 11.239468457906142,
    "vmisalign_pct": 0.002773304295260459,
    "vmisalign_px": 0.01154699440424641,
    "warp_hole_pct": 1.2732064852150538,
    "_n": 24,
    "_models": [
      ""
    ],
    "flicker_p50": 16.510251998901367,
    "flicker_p95": 20.879069137573243,
    "flicker_disocc_p50": 33.63649368286133,
    "flicker_disocc_p95": 69.1709861755371,
    "swim_p50": 10.832686424255371,
    "swim_p95": 23.127628707885734,
    "static_jitter_p50": 1.997995138168335,
    "static_jitter_p95": 2.950846517086029,
    "flow_temporal_p50": 5.914425849914551,
    "flow_temporal_p95": 9.20609893798828,
    "flow_depth_p50": 32.489707946777344,
    "flow_depth_p95": 66.36805801391601,
    "depth_gt_lag_f1_p50": 0.0,
    "depth_gt_lag_f1_p95": 0.0,
    "depth_gt_ghost_edge_pct_p50": 0.0,
    "depth_gt_ghost_edge_pct_p95": 75.59489082478386,
    "q_clean": 85.2,
    "q_depth": 38.9,
    "score": 85.2
  },
  "perf_ms": {
    "depth_infer": 1.18099,
    "depth_postprocess_gpu": 0.064448,
    "depth_preprocess_gpu": 0.155104,
    "sbs_composite_cpu": 0.0052,
    "warp_infer": 0.090144
  },
  "meta": {
    "git_sha": "54fbc592",
    "git_dirty": true,
    "clip_set_sha1": {
      "bonn_person_close": "9833f080aed3",
      "bonn_person_walk": "d50a574dc05a",
      "sintel_ambush": "bb5125caa90f",
      "sintel_market": "064b8ba8f8b3",
      "tartanair_house_easy": "28eb837aa364",
      "tartanair_house_motion": "d01e8c02d4c8",
      "vkitti_drive_clone": "87ece81615b1",
      "vkitti_drive_rain": "ab987283ebd2"
    },
    "mode": "profile",
    "suite": "extended-v2",
    "clips_root": "E:\\ApolloDev\\sbs_bench\\datasets\\prepared\\extended-v2",
    "extra_args": [],
    "conf": "tools\\sbsbench\\bench.conf",
    "model": "depth_anything_v2_fp16",
    "profile": "apollo",
    "literal_bestv2": false,
    "depth_compensation": "none",
    "eval_schema": 19,
    "depth_step": "current-once",
    "depth_reuse_interval": 1,
    "conf_sha256": "679341c6d0d9db4d",
    "metric_sha256": "4611fd0af2195166",
    "gpu_contention": false,
    "timestamp": "2026-07-14T12:22:00",
    "run_name": "gt-stereo-baseline-extended-2",
    "cuda_graph": true,
    "cuda_graph_captured": true,
    "name": "tartanair-house-easy",
    "description": "Synthetic attic/bed transition with exact metric depth and optical flow.",
    "dataset": "TartanAir V2",
    "homepage": "https://tartanair.org/",
    "citation": "Wang et al., TartanAir, IROS 2020",
    "license_note": "Dataset CC BY 4.0; prepared media remains external to keep the repository small.",
    "gt_depth_kind": "metric",
    "clip_sha1": "28eb837aa364"
  }
}