{
  "aggregate": {
    "artifact_in_hole_pct": 14.219851784663982,
    "depth_gt_edge_f1": 57.61947311280384,
    "depth_gt_ghost_edge_pct": 38.709795457777375,
    "depth_gt_lag_f1": 0.0,
    "depth_gt_affine_nrmse_pct": 9.884589393933615,
    "depth_spread": 0.8185392295320829,
    "disocc_frac": 0.012962544759114583,
    "disocc_smear": 0.005553408230392637,
    "edge_acc_p50": 2.8333333333333335,
    "edge_acc_p95": 18.333332061767578,
    "flicker": 15.55844207431959,
    "flicker_disocc": 36.8539793226454,
    "flow_depth": 35.3515797490659,
    "flow_support": 0.759013963782269,
    "flow_temporal": 6.302447681841643,
    "hole_bad_fill_pct": 0.025243785783314165,
    "hole_source_residual_p95": 4.6075083993375285,
    "image_integrity_pct": 99.12850578355253,
    "negative_disparity_pct": 1.591729391257104,
    "pop_pct_p50": 1.268166954349563,
    "pop_px_p50": 19.238562388947443,
    "pop_px_p95": 21.21079762934284,
    "pop_spread_pct": 0.9726184772009129,
    "pop_spread_px": 14.75498252820348,
    "positive_disparity_pct": 0.035475457767034896,
    "rim_over_p50": 0.0,
    "rim_over_p95": 1.2928295265883207,
    "source_coverage_pct": 99.951171875,
    "source_halo_p95": 0.9020832727352778,
    "source_residual_p50": 0.27312582607070607,
    "source_residual_p95": 3.0725319584210715,
    "source_stretch_pct": 5.301375654015723,
    "source_stretch_support": 0.9473800659179688,
    "static_jitter": 2.347421884536743,
    "static_support": 0.09112612516983697,
    "stretch_area": 0.15513102213541666,
    "swim": 10.024867337682974,
    "vmisalign_pct": 0.0029139965772628784,
    "vmisalign_px": 0.010134965317168584,
    "warp_hole_pct": 1.3206563970094087,
    "_n": 24,
    "_models": [
      ""
    ],
    "flicker_p50": 16.50511360168457,
    "flicker_p95": 20.874158096313476,
    "flicker_disocc_p50": 33.27964210510254,
    "flicker_disocc_p95": 59.279286384582505,
    "swim_p50": 9.992218017578125,
    "swim_p95": 18.654277038574218,
    "static_jitter_p50": 2.0681986808776855,
    "static_jitter_p95": 3.0469273209571837,
    "flow_temporal_p50": 5.999999523162842,
    "flow_temporal_p95": 10.196366119384763,
    "flow_depth_p50": 30.516862869262695,
    "flow_depth_p95": 66.02652626037597,
    "depth_gt_lag_f1_p50": 0.0,
    "depth_gt_lag_f1_p95": 0.0,
    "depth_gt_ghost_edge_pct_p50": 13.622291021671826,
    "depth_gt_ghost_edge_pct_p95": 90.05725672906902,
    "q_clean": 82.9,
    "q_depth": 38.9,
    "score": 82.9
  },
  "perf_ms": {
    "depth_infer": 1.18214,
    "depth_postprocess_gpu": 0.07264,
    "depth_preprocess_gpu": 0.144704,
    "sbs_composite_cpu": 0.0049,
    "warp_infer": 0.089568
  },
  "meta": {
    "git_sha": "e15f08f1",
    "git_dirty": true,
    "clip_set_sha1": {
      "bonn_person_close": "3dbbc6790aa2",
      "bonn_person_walk": "29cacb5ce074",
      "sintel_ambush": "bb5125caa90f",
      "sintel_market": "064b8ba8f8b3",
      "spring_character_close": "079ea7bbb6e4",
      "spring_daylight_path": "d127cf6db91a",
      "spring_forest_seeds": "990d0ca3dff9",
      "spring_skeleton_cave": "aba9df0a540e",
      "tartanair_house_easy": "3dcc51c9c695",
      "tartanair_house_motion": "5a55318f726a",
      "vkitti_drive_clone": "f5357826fe51",
      "vkitti_drive_rain": "ea09d6efe71f"
    },
    "mode": "profile",
    "suite": "extended",
    "clips_root": "E:\\ApolloDev\\sbs_bench\\datasets\\prepared\\extended-v3",
    "extra_args": [],
    "conf": "tools\\sbsbench\\bench.conf",
    "model": "depth_anything_v2_fp16",
    "profile": "apollo",
    "adaptive_pop": true,
    "adaptive_pop_max": 1.3,
    "zero_plane": "legacy",
    "literal_bestv2": false,
    "depth_compensation": "none",
    "eval_schema": 26,
    "depth_step": "current-once",
    "depth_reuse_interval": 1,
    "conf_sha256": "679341c6d0d9db4d",
    "metric_sha256": "bb8f6540c80451a4",
    "executable_sha256": "486322e71404be5f24c8875968b343f18ebb2856304aab6198a02d15b8db4f5b",
    "runtime_shader_sha256": "0d7165f0f96f77ed197bcb0ac5641fcba1d044df1268ea5ed8be90e65e1365ca",
    "engine_name": "depth_anything_v2_fp16.trt-opt770x434-level5-v2.trt11_1_0-sm120-gpuec0860237209d3fe-onnx2df6223f206b5164e21f664ace61dabeb9bb6a49b8b5a3e00510b4807d0f5b04.engine",
    "engine_sha256": "e54fe5b921df85b65cba29be6ef7e4cbb0c51b90b0f850947eba22521a290f28",
    "onnx_sha256": "2df6223f206b5164e21f664ace61dabeb9bb6a49b8b5a3e00510b4807d0f5b04",
    "gpu_contention": false,
    "run_kind": "baseline-update",
    "timestamp": "2026-07-17T19:08:24",
    "run_name": "review-fix26-baseline-extended-v2",
    "cuda_graph": true,
    "cuda_graph_captured": true,
    "source_frame_count": 24,
    "name": "tartanair-house-easy",
    "description": "Synthetic attic/bed transition with exact metric depth and optical flow.",
    "gt_depth_kind": "metric",
    "required_gt_depth": true,
    "required_gt_flow": true,
    "dataset": "TartanAir V2",
    "homepage": "https://tartanair.org/",
    "citation": "Wang et al., TartanAir, IROS 2020",
    "license_note": "Dataset CC BY 4.0; prepared media remains external to keep the repository small.",
    "source_suite": "extended-v3",
    "clip_sha1": "3dcc51c9c695"
  }
}
