{
  "aggregate": {
    "artifact_in_hole_pct": 14.704603970908318,
    "depth_gt_edge_f1": 61.367673466806416,
    "depth_gt_lag_f1": 0.0,
    "depth_gt_si_rmse": 9.785319765408834,
    "depth_spread": 0.7816629409790039,
    "disocc_frac": 0.012992757161458333,
    "disocc_smear": 0.0014998690104921907,
    "edge_acc_p50": 2.8125,
    "edge_acc_p95": 16.87500004718701,
    "flicker": 15.557067373524541,
    "flicker_disocc": 38.54688915453459,
    "flow_depth": 37.57804572063944,
    "flow_support": 0.759013963782269,
    "flow_temporal": 5.957318419995516,
    "hole_bad_fill_pct": 0.029558025438503537,
    "hole_source_residual_p95": 4.549648248652615,
    "image_integrity_pct": 99.23390652557319,
    "negative_disparity_pct": 1.4574101464859268,
    "pop_pct_p50": 1.154252709116057,
    "pop_px_p50": 17.51044109829396,
    "pop_px_p95": 19.408641916276988,
    "pop_spread_pct": 0.9719154864314223,
    "pop_spread_px": 14.74431789786336,
    "positive_disparity_pct": 0.05606159664057897,
    "rim_over_p50": 0.0,
    "rim_over_p95": 1.3046013700465362,
    "source_coverage_pct": 99.97794858870968,
    "source_halo_p95": 0.6583332984397808,
    "source_residual_p50": 0.25927423126995564,
    "source_residual_p95": 2.577074855566025,
    "source_stretch_pct": 4.2282449004657865,
    "source_stretch_support": 0.9328206380208334,
    "static_jitter": 2.2222670912742615,
    "static_support": 0.09112612516983697,
    "stretch_area": 0.14699300130208334,
    "swim": 11.246405153170876,
    "vmisalign_pct": 0.0029192476358730346,
    "vmisalign_px": 0.011342938960297033,
    "warp_hole_pct": 1.323019048219086,
    "_n": 24,
    "_models": [
      ""
    ],
    "flicker_p50": 16.510093688964844,
    "flicker_p95": 20.882283782958986,
    "flicker_disocc_p50": 33.713069915771484,
    "flicker_disocc_p95": 69.02091751098631,
    "swim_p50": 10.836573600769043,
    "swim_p95": 23.150585556030265,
    "static_jitter_p50": 1.999992311000824,
    "static_jitter_p95": 2.950846517086029,
    "flow_temporal_p50": 5.930957317352295,
    "flow_temporal_p95": 9.213102722167967,
    "flow_depth_p50": 32.502689361572266,
    "flow_depth_p95": 66.39801940917968,
    "depth_gt_lag_f1_p50": 0.0,
    "depth_gt_lag_f1_p95": 0.0,
    "q_clean": 85.0,
    "q_depth": 38.9,
    "score": 85.0
  },
  "perf_ms": {
    "depth_infer": 1.73136,
    "sbs_composite_cpu": 0.0062,
    "warp_infer": 0.222048
  },
  "meta": {
    "git_sha": "5c7f3e38",
    "git_dirty": true,
    "clip_set_sha1": {
      "bonn_person_close": "9833f080aed3",
      "bonn_person_walk": "d50a574dc05a",
      "sintel_ambush": "eb33a2b52c5f",
      "sintel_market": "eaa7b4a85487",
      "tartanair_house_easy": "28eb837aa364",
      "tartanair_house_motion": "d01e8c02d4c8",
      "vkitti_drive_clone": "87ece81615b1",
      "vkitti_drive_rain": "ab987283ebd2"
    },
    "mode": "profile",
    "suite": "extended-v2",
    "clips_root": "E:\\ApolloDev\\sbs_bench\\datasets\\prepared\\extended-v2",
    "extra_args": [],
    "conf": "tools\\sbsbench\\bench.conf",
    "model": "depth_anything_v2_fp16",
    "profile": "apollo",
    "literal_bestv2": false,
    "depth_compensation": "none",
    "eval_schema": 18,
    "depth_step": "current-once",
    "depth_reuse_interval": 1,
    "conf_sha256": "679341c6d0d9db4d",
    "metric_sha256": "b5cd2854f4b2144d",
    "gpu_contention": false,
    "timestamp": "2026-07-12T19:31:53",
    "run_name": "evalv18-apollo-extended",
    "name": "tartanair-house-easy",
    "description": "Synthetic attic/bed transition with exact metric depth and optical flow.",
    "dataset": "TartanAir V2",
    "homepage": "https://tartanair.org/",
    "citation": "Wang et al., TartanAir, IROS 2020",
    "license_note": "Dataset CC BY 4.0; prepared media remains external to keep the repository small.",
    "gt_depth_kind": "metric",
    "clip_sha1": "28eb837aa364"
  }
}