{
  "aggregate": {
    "artifact_in_hole_pct": 22.028357567021743,
    "depth_gt_edge_f1": 60.70429613489523,
    "depth_gt_ghost_edge_pct": 24.45648755587365,
    "depth_gt_lag_f1": 0.0,
    "depth_gt_si_rmse": 11.876513918240866,
    "depth_spread": 0.7624295788506666,
    "disocc_frac": 0.03642303466796875,
    "disocc_smear": 0.00021056159919461323,
    "edge_acc_p50": 6.625,
    "edge_acc_p95": 24.0,
    "flicker": 28.988281042679496,
    "flicker_disocc": 49.686242310897164,
    "flow_depth": 33.257397734600566,
    "flow_support": 0.47606294051460596,
    "flow_temporal": 14.47729786582615,
    "hole_bad_fill_pct": 0.8371049408597336,
    "hole_source_residual_p95": 13.765553879737851,
    "image_integrity_pct": 99.14605094374198,
    "negative_disparity_pct": 1.4483629995311276,
    "pop_pct_p50": 1.1885169584591766,
    "pop_px_p50": 18.030242451291805,
    "pop_px_p95": 19.817954784138873,
    "pop_spread_pct": 0.6494758966176133,
    "pop_spread_px": 9.85278989831757,
    "positive_disparity_pct": 0.019133838982203222,
    "rim_over_p50": 0.0,
    "rim_over_p95": 12.097923556963602,
    "source_coverage_pct": 99.28647933467742,
    "source_halo_p95": 3.185416546960672,
    "source_residual_p50": 0.5094153595467409,
    "source_residual_p95": 7.16506952047348,
    "source_stretch_pct": 6.170355021991624,
    "source_stretch_support": 6.6267649332682295,
    "static_jitter": 2.6243444085121155,
    "static_support": 0.05766590947690218,
    "stretch_area": 0.40679931640625,
    "swim": 9.737353527027627,
    "vmisalign_pct": 0.0025781779550015926,
    "vmisalign_px": 0.010859592963242903,
    "warp_hole_pct": 1.431897891465054,
    "_n": 24,
    "_models": [
      ""
    ],
    "flicker_p50": 29.476774215698242,
    "flicker_p95": 37.32619285583496,
    "flicker_disocc_p50": 49.883060455322266,
    "flicker_disocc_p95": 71.92791061401367,
    "swim_p50": 5.614776134490967,
    "swim_p95": 22.413621139526363,
    "static_jitter_p50": 2.642393469810486,
    "static_jitter_p95": 2.9999975085258486,
    "flow_temporal_p50": 12.499642372131348,
    "flow_temporal_p95": 20.519506645202636,
    "flow_depth_p50": 27.659000396728516,
    "flow_depth_p95": 57.87718467712402,
    "depth_gt_lag_f1_p50": 0.0,
    "depth_gt_lag_f1_p95": 0.0,
    "depth_gt_ghost_edge_pct_p50": 20.05669737774628,
    "depth_gt_ghost_edge_pct_p95": 50.6460660514813,
    "q_clean": 69.5,
    "q_depth": 26.0,
    "score": 69.5
  },
  "perf_ms": {
    "depth_infer": 1.18154,
    "depth_postprocess_gpu": 0.06512,
    "depth_preprocess_gpu": 0.047168,
    "sbs_composite_cpu": 0.0038,
    "warp_infer": 0.090496
  },
  "meta": {
    "git_sha": "b3d7bd33",
    "git_dirty": true,
    "clip_set_sha1": {
      "bonn_person_close": "9833f080aed3",
      "bonn_person_walk": "d50a574dc05a",
      "sintel_ambush": "bb5125caa90f",
      "sintel_market": "064b8ba8f8b3",
      "tartanair_house_easy": "28eb837aa364",
      "tartanair_house_motion": "d01e8c02d4c8",
      "vkitti_drive_clone": "87ece81615b1",
      "vkitti_drive_rain": "ab987283ebd2"
    },
    "mode": "profile",
    "suite": "extended-v2",
    "clips_root": "E:\\ApolloDev\\sbs_bench\\datasets\\prepared\\extended-v2",
    "extra_args": [],
    "conf": "tools\\sbsbench\\bench.conf",
    "model": "depth_anything_v2_fp16",
    "profile": "apollo",
    "adaptive_pop": true,
    "adaptive_pop_max": 1.3,
    "literal_bestv2": false,
    "depth_compensation": "none",
    "eval_schema": 22,
    "depth_step": "current-once",
    "depth_reuse_interval": 1,
    "conf_sha256": "679341c6d0d9db4d",
    "metric_sha256": "7107823751182d07",
    "gpu_contention": false,
    "timestamp": "2026-07-14T14:41:19",
    "run_name": "art-validity-extended",
    "cuda_graph": true,
    "cuda_graph_captured": true,
    "name": "tartanair-house-motion",
    "description": "Synthetic indoor/outdoor camera rotation with exact metric depth and optical flow.",
    "dataset": "TartanAir V2",
    "homepage": "https://tartanair.org/",
    "citation": "Wang et al., TartanAir, IROS 2020",
    "license_note": "Dataset CC BY 4.0; prepared media remains external to keep the repository small.",
    "gt_depth_kind": "metric",
    "clip_sha1": "d01e8c02d4c8"
  }
}