{
  "aggregate": {
    "artifact_in_hole_pct": 15.337792650418736,
    "depth_gt_edge_f1": 56.70748807890885,
    "depth_gt_si_rmse": 11.894291361172995,
    "depth_spread": 0.762431642661492,
    "disocc_frac": 0.03407002766927083,
    "disocc_smear": 0.005477603376810604,
    "edge_acc_p50": 6.291666666666667,
    "edge_acc_p95": 24.0,
    "flicker": 29.045911871868633,
    "flicker_disocc": 49.01505453690238,
    "flow_depth": 33.264522801274836,
    "flow_support": 0.47606294051460596,
    "flow_temporal": 14.412590192711871,
    "hole_bad_fill_pct": 0.9134563222269448,
    "hole_source_residual_p95": 13.181739207108807,
    "image_integrity_pct": 99.08716774453075,
    "negative_disparity_pct": 1.4469121413276298,
    "pop_pct_p50": 1.1794638598199647,
    "pop_px_p50": 17.892903591935465,
    "pop_px_p95": 19.319962786390636,
    "pop_spread_pct": 0.6515727933423671,
    "pop_spread_px": 9.8846005982605,
    "positive_disparity_pct": 0.011408997786994751,
    "rim_over_p50": 0.0,
    "rim_over_p95": 12.597140272458395,
    "source_coverage_pct": 99.30695564516128,
    "source_halo_p95": 2.599999820192655,
    "source_residual_p50": 0.4910363828142484,
    "source_residual_p95": 7.5371822118759155,
    "source_stretch_pct": 7.007303621336287,
    "source_stretch_support": 6.0604095458984375,
    "static_jitter": 2.6243444085121155,
    "static_support": 0.05766590947690218,
    "stretch_area": 0.3571573893229167,
    "swim": 9.73896272804426,
    "vmisalign_pct": 0.002858220541384071,
    "vmisalign_px": 0.009384969744132832,
    "warp_hole_pct": 1.3914703040994623,
    "warp_unresolved_pct": 0.0,
    "_n": 24,
    "_models": [
      ""
    ],
    "flicker_p50": 29.6014404296875,
    "flicker_p95": 37.34745903015137,
    "flicker_disocc_p50": 49.064842224121094,
    "flicker_disocc_p95": 69.04278717041015,
    "swim_p50": 5.618667125701904,
    "swim_p95": 22.40544815063476,
    "static_jitter_p50": 2.642393469810486,
    "static_jitter_p95": 2.9999975085258486,
    "flow_temporal_p50": 12.475390434265137,
    "flow_temporal_p95": 20.637315559387208,
    "flow_depth_p50": 27.679676055908203,
    "flow_depth_p95": 57.87571640014648,
    "q_clean": 69.1,
    "q_depth": 26.1,
    "score": 69.1
  },
  "perf_ms": {
    "depth_infer": 1.72067,
    "sbs_composite_cpu": 0.0077,
    "warp_infer": 0.018304
  },
  "meta": {
    "git_sha": "1e1ff805",
    "git_dirty": true,
    "clip_set_sha1": {
      "bonn_person_close": "9833f080aed3",
      "bonn_person_walk": "d50a574dc05a",
      "sintel_ambush": "eb33a2b52c5f",
      "sintel_market": "eaa7b4a85487",
      "tartanair_house_easy": "28eb837aa364",
      "tartanair_house_motion": "d01e8c02d4c8",
      "vkitti_drive_clone": "87ece81615b1",
      "vkitti_drive_rain": "ab987283ebd2"
    },
    "mode": "profile",
    "suite": "extended-v2",
    "clips_root": "E:\\ApolloDev\\sbs_bench\\datasets\\prepared\\extended-v2",
    "extra_args": [],
    "conf": "tools\\sbsbench\\bench.conf",
    "model": "depth_anything_v2_fp16",
    "profile": "vd3d",
    "warp": "vd3d",
    "literal_bestv2": false,
    "eval_schema": 12,
    "depth_step": "current-once",
    "depth_reuse_interval": 1,
    "conf_sha256": "da08885f8dd3cd82",
    "metric_sha256": "a326ddae1c56ee7b",
    "gpu_contention": false,
    "timestamp": "2026-07-12T10:10:33",
    "run_name": "evalv12-baseline-extended",
    "name": "tartanair-house-motion",
    "description": "Synthetic indoor/outdoor camera rotation with exact metric depth and optical flow.",
    "dataset": "TartanAir V2",
    "homepage": "https://tartanair.org/",
    "citation": "Wang et al., TartanAir, IROS 2020",
    "license_note": "Dataset CC BY 4.0; prepared media remains external to keep the repository small.",
    "gt_depth_kind": "metric",
    "clip_sha1": "d01e8c02d4c8"
  }
}