{
  "aggregate": {
    "artifact_in_hole_pct": 17.157421638386477,
    "depth_gt_edge_f1": 56.70748807890885,
    "depth_gt_lag_f1": 0.0,
    "depth_gt_si_rmse": 11.894291361172995,
    "depth_spread": 0.762431642661492,
    "disocc_frac": 0.03407002766927083,
    "disocc_smear": 0.0007069712717410656,
    "edge_acc_p50": 6.291666666666667,
    "edge_acc_p95": 24.0,
    "flicker": 29.01114385024361,
    "flicker_disocc": 49.22410749352497,
    "flow_depth": 33.264522801274836,
    "flow_support": 0.47606294051460596,
    "flow_temporal": 14.251982357191002,
    "hole_bad_fill_pct": 0.7583519530717696,
    "hole_source_residual_p95": 13.490354202191028,
    "image_integrity_pct": 99.13339049485546,
    "negative_disparity_pct": 1.4479652993850323,
    "pop_pct_p50": 1.179389976264469,
    "pop_px_p50": 17.891782751034317,
    "pop_px_p95": 19.341436588364896,
    "pop_spread_pct": 0.6619497794526362,
    "pop_spread_px": 10.042023320881473,
    "positive_disparity_pct": 0.018304825920138507,
    "rim_over_p50": 0.0,
    "rim_over_p95": 12.676458477973938,
    "source_coverage_pct": 99.35893397177419,
    "source_halo_p95": 3.620833153525988,
    "source_residual_p50": 0.5091129293044409,
    "source_residual_p95": 7.398151775201161,
    "source_stretch_pct": 7.008718729488506,
    "source_stretch_support": 6.086285909016927,
    "static_jitter": 2.6243444085121155,
    "static_support": 0.05766590947690218,
    "stretch_area": 0.3861490885416667,
    "swim": 9.73896272804426,
    "vmisalign_pct": 0.0031827998463995755,
    "vmisalign_px": 0.010514823234795282,
    "warp_hole_pct": 1.3914703040994623,
    "warp_unresolved_pct": 0.0,
    "_n": 24,
    "_models": [
      ""
    ],
    "flicker_p50": 29.472009658813477,
    "flicker_p95": 37.35364685058594,
    "flicker_disocc_p50": 49.54702377319336,
    "flicker_disocc_p95": 68.51780319213867,
    "swim_p50": 5.618667125701904,
    "swim_p95": 22.40544815063476,
    "static_jitter_p50": 2.642393469810486,
    "static_jitter_p95": 2.9999975085258486,
    "flow_temporal_p50": 12.338593482971191,
    "flow_temporal_p95": 20.452624320983887,
    "flow_depth_p50": 27.679676055908203,
    "flow_depth_p95": 57.87571640014648,
    "depth_gt_lag_f1_p50": 0.0,
    "depth_gt_lag_f1_p95": 0.0,
    "q_clean": 68.4,
    "q_depth": 26.5,
    "score": 68.4
  },
  "perf_ms": {
    "depth_infer": 1.7873,
    "sbs_composite_cpu": 0.0063,
    "warp_infer": 0.223264
  },
  "meta": {
    "git_sha": "1e25968c",
    "git_dirty": true,
    "clip_set_sha1": {
      "bonn_person_close": "9833f080aed3",
      "bonn_person_walk": "d50a574dc05a",
      "sintel_ambush": "eb33a2b52c5f",
      "sintel_market": "eaa7b4a85487",
      "tartanair_house_easy": "28eb837aa364",
      "tartanair_house_motion": "d01e8c02d4c8",
      "vkitti_drive_clone": "87ece81615b1",
      "vkitti_drive_rain": "ab987283ebd2"
    },
    "mode": "profile",
    "suite": "extended-v2",
    "clips_root": "E:\\ApolloDev\\sbs_bench\\datasets\\prepared\\extended-v2",
    "extra_args": [],
    "conf": "tools\\sbsbench\\bench.conf",
    "model": "depth_anything_v2_fp16",
    "profile": "apollo",
    "warp": "apollo",
    "literal_bestv2": false,
    "depth_compensation": "none",
    "eval_schema": 16,
    "depth_step": "current-once",
    "depth_reuse_interval": 1,
    "conf_sha256": "679341c6d0d9db4d",
    "metric_sha256": "29b003a5cf912acb",
    "gpu_contention": false,
    "timestamp": "2026-07-12T18:19:50",
    "run_name": "evalv16-emaedge-defaultoff-extended",
    "name": "tartanair-house-motion",
    "description": "Synthetic indoor/outdoor camera rotation with exact metric depth and optical flow.",
    "dataset": "TartanAir V2",
    "homepage": "https://tartanair.org/",
    "citation": "Wang et al., TartanAir, IROS 2020",
    "license_note": "Dataset CC BY 4.0; prepared media remains external to keep the repository small.",
    "gt_depth_kind": "metric",
    "clip_sha1": "d01e8c02d4c8"
  }
}