{
  "aggregate": {
    "artifact_in_hole_pct": 22.343963718097868,
    "depth_gt_edge_f1": 60.731756967687865,
    "depth_gt_ghost_edge_pct": 24.447896789364247,
    "depth_gt_lag_f1": 0.0,
    "depth_gt_si_rmse": 11.87631207704544,
    "depth_spread": 0.7624004905422529,
    "disocc_frac": 0.0364312744140625,
    "disocc_smear": 0.0007279397420044131,
    "edge_acc_p50": 6.625,
    "edge_acc_p95": 24.0,
    "exact_pop_spread_pct": 1.359387058172743,
    "flicker": 28.988391171330992,
    "flicker_disocc": 49.68921744305155,
    "flow_depth": 33.25772841080375,
    "flow_support": 0.47606294051460596,
    "flow_temporal": 14.483916282653809,
    "hole_bad_fill_pct": 0.8305961722842631,
    "hole_source_residual_p95": 13.736840768655137,
    "image_integrity_pct": 99.15369115222569,
    "image_negative_disparity_pct": 1.3103632422367184,
    "image_positive_disparity_pct": 0.0009918490445909101,
    "negative_disparity_pct": 1.4454456337261945,
    "pop_pct_p50": 1.188229292091054,
    "pop_px_p50": 18.025878445944283,
    "pop_px_p95": 19.81919071691823,
    "pop_spread_pct": 0.619667998177759,
    "pop_spread_px": 9.400593039022596,
    "positive_disparity_pct": 0.11987525504082441,
    "rim_over_p50": 0.0,
    "rim_over_p95": 12.080410798390707,
    "source_coverage_pct": 99.29435483870968,
    "source_halo_p95": 3.1729167823990188,
    "source_residual_p50": 0.5093087591230869,
    "source_residual_p95": 7.166373550891876,
    "source_stretch_pct": 6.1619031151661945,
    "source_stretch_support": 6.631533304850261,
    "static_jitter": 2.6243444085121155,
    "static_support": 0.05766590947690218,
    "stretch_area": 0.4062906901041667,
    "swim": 9.739300245824067,
    "vmisalign_pct": 0.0025389583606738597,
    "vmisalign_px": 0.010484518163139,
    "warp_hole_pct": 1.4342605426747312,
    "_n": 24,
    "_models": [
      ""
    ],
    "flicker_p50": 29.476741790771484,
    "flicker_p95": 37.32618598937988,
    "flicker_disocc_p50": 49.852149963378906,
    "flicker_disocc_p95": 71.85733566284179,
    "swim_p50": 5.6031107902526855,
    "swim_p95": 22.4276309967041,
    "static_jitter_p50": 2.642393469810486,
    "static_jitter_p95": 2.9999975085258486,
    "flow_temporal_p50": 12.499642372131348,
    "flow_temporal_p95": 20.523550987243652,
    "flow_depth_p50": 27.652385711669922,
    "flow_depth_p95": 57.884836196899414,
    "depth_gt_lag_f1_p50": 0.0,
    "depth_gt_lag_f1_p95": 0.0,
    "depth_gt_ghost_edge_pct_p50": 20.05669737774628,
    "depth_gt_ghost_edge_pct_p95": 50.632908156744456,
    "q_clean": 69.6,
    "q_depth": 54.4,
    "score": 69.6
  },
  "perf_ms": {
    "depth_infer": 1.22371,
    "depth_postprocess_gpu": 0.066208,
    "depth_preprocess_gpu": 0.139456,
    "sbs_composite_cpu": 4.6304,
    "warp_infer": 4.57648
  },
  "meta": {
    "git_sha": "e15f08f1",
    "git_dirty": true,
    "run_kind": "baseline_gate",
    "baseline_identities": {},
    "clip_set_sha1": {
      "bonn_person_close": "3dbbc6790aa2",
      "bonn_person_walk": "29cacb5ce074",
      "sintel_ambush": "bb5125caa90f",
      "sintel_market": "064b8ba8f8b3",
      "spring_character_close": "079ea7bbb6e4",
      "spring_daylight_path": "d127cf6db91a",
      "spring_forest_seeds": "990d0ca3dff9",
      "spring_skeleton_cave": "aba9df0a540e",
      "tartanair_house_easy": "3dcc51c9c695",
      "tartanair_house_motion": "5a55318f726a",
      "vkitti_drive_clone": "f5357826fe51",
      "vkitti_drive_rain": "ea09d6efe71f"
    },
    "mode": "profile",
    "suite": "extended-v3",
    "clips_root": "E:\\ApolloDev\\sbs_bench\\datasets\\prepared\\extended-v3",
    "extra_args": [],
    "conf": "tools\\sbsbench\\bench.conf",
    "model": "depth_anything_v2_fp16",
    "profile": "apollo",
    "adaptive_pop": true,
    "adaptive_pop_max": 1.3,
    "pop_strength": 1.25,
    "ema": 0.5,
    "ema_edge_change": 0.05,
    "ema_edge_gradient": 0.02,
    "ema_edge_strength": 0.25,
    "minmax_ema": 0.18,
    "subject_lock": 0.5,
    "subject_recenter": 0.35,
    "subject_stretch": true,
    "depth_short_side": 432,
    "depth_max_aspect": 4,
    "zero_plane": "legacy",
    "cuda_graph": true,
    "artistic_style": "immersive",
    "artistic_policy": true,
    "artistic_policy_consumed": false,
    "artistic_policy_authorization": "none",
    "model_onnx_sha256": "",
    "policy_metadata_sha256": "",
    "deployment_geometry_allowlist_sha256": "",
    "artistic_scale_override": 0,
    "output_interval": 1,
    "output_gt_right_only": false,
    "literal_bestv2": false,
    "depth_compensation": "none",
    "eval_schema": 29,
    "depth_step": "current-once",
    "depth_reuse_interval": 1,
    "conf_sha256": "679341c6d0d9db4d",
    "metric_sha256": "88028fadef928b53",
    "policy_warp_source_sha256": "86889c3f389a4c54ebcf0262f479ec71aadd81c42847a50bb39bf2fcce2fd132",
    "gpu_contention": false,
    "timestamp": "2026-07-15T13:11:32",
    "run_name": "eval29-required-evidence-extended-baseline",
    "depth_override_frames": 0,
    "harness_schema": 24,
    "source_width": 640,
    "source_height": 640,
    "model_input_width": 434,
    "model_input_height": 434,
    "eye_width": 640,
    "eye_height": 640,
    "color_mode": "sdr-srgb-8bit",
    "content_scale_x": 1,
    "content_scale_y": 1,
    "disparity_raster_width": 640,
    "disparity_raster_height": 640,
    "artifact_mode": "full",
    "warp_disparity": "exact_clamped_full_binocular_normalized_at_output_eye_raster_zero_bars",
    "warp_unclamped_disparity": "unclamped_full_binocular_normalized_at_artistic_scale_1_output_eye_raster_zero_bars",
    "artistic_disparity_contract": "clamp(raw_baseline_times_scale_to_plus_or_minus_0.142_times_aspect_scale_times_content_scale_x)",
    "artistic_full_clamp_abs": 0.336592615,
    "warp_mask": {
      "red": "forward_disocclusion_before_fill"
    },
    "cuda_graph_captured": true,
    "name": "tartanair-house-motion",
    "description": "Synthetic indoor/outdoor camera rotation with exact metric depth and optical flow.",
    "dataset": "TartanAir V2",
    "homepage": "https://tartanair.org/",
    "citation": "Wang et al., TartanAir, IROS 2020",
    "license_note": "Dataset CC BY 4.0; prepared media remains external to keep the repository small.",
    "required_gt_depth": true,
    "required_gt_flow": true,
    "gt_depth_kind": "metric",
    "clip_sha1": "5a55318f726a"
  }
}