{
  "aggregate": {
    "artifact_in_hole_pct": 9.511643750774185,
    "depth_gt_edge_f1": 61.24477301011677,
    "depth_gt_ghost_edge_pct": 29.83021536097893,
    "depth_gt_lag_f1": 0.0,
    "depth_gt_si_rmse": 9.784050464630127,
    "depth_spread": 0.7813272476196289,
    "disocc_frac": 0.0129931640625,
    "disocc_smear": 0.002221288985836161,
    "edge_acc_p50": 2.7291666666666665,
    "edge_acc_p95": 16.87708338846763,
    "flicker": 15.557788185451342,
    "flicker_disocc": 38.59095779218172,
    "flow_depth": 37.56223902495011,
    "flow_support": 0.759013963782269,
    "flow_temporal": 6.065657418707143,
    "hole_bad_fill_pct": 0.029839504423745968,
    "hole_source_residual_p95": 4.413006196419394,
    "image_integrity_pct": 99.20661157024794,
    "negative_disparity_pct": 1.5675933310922119,
    "pop_pct_p50": 1.187557625333316,
    "pop_px_p50": 18.015689012463934,
    "pop_px_p95": 20.219858973421662,
    "pop_spread_pct": 1.0054074082236573,
    "pop_spread_px": 15.252402755867038,
    "positive_disparity_pct": 0.0748621784020101,
    "rim_over_p50": 0.0,
    "rim_over_p95": 1.2717574449876945,
    "source_coverage_pct": 99.97952368951613,
    "source_halo_p95": 0.7333332890023788,
    "source_residual_p50": 0.259166640539964,
    "source_residual_p95": 2.4906798352797828,
    "source_stretch_pct": 4.416510392077479,
    "source_stretch_support": 0.9339650472005209,
    "static_jitter": 2.2217749506235123,
    "static_support": 0.09112612516983697,
    "stretch_area": 0.14943440755208334,
    "swim": 11.239468457906142,
    "vmisalign_pct": 0.0031279746326617892,
    "vmisalign_px": 0.010862610060333585,
    "warp_hole_pct": 1.317965599798387,
    "_n": 24,
    "_models": [
      ""
    ],
    "flicker_p50": 16.513668060302734,
    "flicker_p95": 20.878585243225096,
    "flicker_disocc_p50": 33.70953369140625,
    "flicker_disocc_p95": 69.39028396606443,
    "swim_p50": 10.832686424255371,
    "swim_p95": 23.127628707885734,
    "static_jitter_p50": 1.998001217842102,
    "static_jitter_p95": 2.9508615374565124,
    "flow_temporal_p50": 5.991279125213623,
    "flow_temporal_p95": 9.493256187438964,
    "flow_depth_p50": 32.489707946777344,
    "flow_depth_p95": 66.36805801391601,
    "depth_gt_lag_f1_p50": 0.0,
    "depth_gt_lag_f1_p95": 0.0,
    "depth_gt_ghost_edge_pct_p50": 0.0,
    "depth_gt_ghost_edge_pct_p95": 75.59489082478386,
    "q_clean": 84.7,
    "q_depth": 40.2,
    "score": 84.7
  },
  "perf_ms": {
    "depth_infer": 1.17997,
    "depth_postprocess_gpu": 0.066016,
    "depth_preprocess_gpu": 0.062272,
    "sbs_composite_cpu": 0.0043,
    "warp_infer": 0.090592
  },
  "meta": {
    "git_sha": "d638e752",
    "git_dirty": true,
    "clip_set_sha1": {
      "bonn_person_close": "9833f080aed3",
      "bonn_person_walk": "d50a574dc05a",
      "sintel_ambush": "bb5125caa90f",
      "sintel_market": "064b8ba8f8b3",
      "tartanair_house_easy": "28eb837aa364",
      "tartanair_house_motion": "d01e8c02d4c8",
      "vkitti_drive_clone": "87ece81615b1",
      "vkitti_drive_rain": "ab987283ebd2"
    },
    "mode": "profile",
    "suite": "extended-v2",
    "clips_root": "E:\\ApolloDev\\sbs_bench\\datasets\\prepared\\extended-v2",
    "extra_args": [],
    "conf": "tools\\sbsbench\\bench.conf",
    "model": "depth_anything_v2_fp16",
    "profile": "apollo",
    "adaptive_pop": true,
    "adaptive_pop_max": 1.3,
    "literal_bestv2": false,
    "depth_compensation": "none",
    "eval_schema": 21,
    "depth_step": "current-once",
    "depth_reuse_interval": 1,
    "conf_sha256": "679341c6d0d9db4d",
    "metric_sha256": "f9d0ac49d0cceb1b",
    "gpu_contention": false,
    "timestamp": "2026-07-14T14:23:20",
    "run_name": "art-style-extended",
    "cuda_graph": true,
    "cuda_graph_captured": true,
    "name": "tartanair-house-easy",
    "description": "Synthetic attic/bed transition with exact metric depth and optical flow.",
    "dataset": "TartanAir V2",
    "homepage": "https://tartanair.org/",
    "citation": "Wang et al., TartanAir, IROS 2020",
    "license_note": "Dataset CC BY 4.0; prepared media remains external to keep the repository small.",
    "gt_depth_kind": "metric",
    "clip_sha1": "28eb837aa364"
  }
}