{
  "aggregate": {
    "artifact_in_hole_pct": 18.882367509922684,
    "depth_gt_edge_f1": 60.70429613489523,
    "depth_gt_ghost_edge_pct": 24.45648755587365,
    "depth_gt_lag_f1": 0.0,
    "depth_gt_si_rmse": 11.876513918240866,
    "depth_spread": 0.7624295788506666,
    "disocc_frac": 0.03642303466796875,
    "disocc_smear": 0.00023049059221494825,
    "edge_acc_p50": 6.625,
    "edge_acc_p95": 24.0,
    "flicker": 29.009883507438328,
    "flicker_disocc": 49.83415645101796,
    "flow_depth": 33.257397734600566,
    "flow_support": 0.47606294051460596,
    "flow_temporal": 14.28585263957148,
    "hole_bad_fill_pct": 0.8232050298360066,
    "hole_source_residual_p95": 13.283706194162363,
    "image_integrity_pct": 99.1065691643974,
    "negative_disparity_pct": 1.4483539431466852,
    "pop_pct_p50": 1.1738615917167519,
    "pop_px_p50": 17.807915109895614,
    "pop_px_p95": 19.350126595255134,
    "pop_spread_pct": 0.647111919766421,
    "pop_spread_px": 9.816927493938001,
    "positive_disparity_pct": 0.017798580574544285,
    "rim_over_p50": 0.0,
    "rim_over_p95": 12.550261437892914,
    "source_coverage_pct": 99.28962953629032,
    "source_halo_p95": 3.466666599114736,
    "source_residual_p50": 0.5091695052882036,
    "source_residual_p95": 7.424611608187358,
    "source_stretch_pct": 6.908053290751006,
    "source_stretch_support": 6.603940327962239,
    "static_jitter": 2.6243444085121155,
    "static_support": 0.05766590947690218,
    "stretch_area": 0.4026285807291667,
    "swim": 9.737353527027627,
    "vmisalign_pct": 0.0029702679603360593,
    "vmisalign_px": 0.010654501616954803,
    "warp_hole_pct": 1.3961956065188172,
    "_n": 24,
    "_models": [
      ""
    ],
    "flicker_p50": 29.477008819580078,
    "flicker_p95": 37.352669143676756,
    "flicker_disocc_p50": 49.883182525634766,
    "flicker_disocc_p95": 71.79148483276366,
    "swim_p50": 5.614776134490967,
    "swim_p95": 22.413621139526363,
    "static_jitter_p50": 2.642393469810486,
    "static_jitter_p95": 2.9999975085258486,
    "flow_temporal_p50": 12.332962036132812,
    "flow_temporal_p95": 20.518456840515135,
    "flow_depth_p50": 27.659000396728516,
    "flow_depth_p95": 57.87718467712402,
    "depth_gt_lag_f1_p50": 0.0,
    "depth_gt_lag_f1_p95": 0.0,
    "depth_gt_ghost_edge_pct_p50": 20.05669737774628,
    "depth_gt_ghost_edge_pct_p95": 50.6460660514813,
    "q_clean": 68.6,
    "q_depth": 25.9,
    "score": 68.6
  },
  "perf_ms": {
    "depth_infer": 1.18093,
    "depth_postprocess_gpu": 0.064256,
    "depth_preprocess_gpu": 0.154816,
    "sbs_composite_cpu": 0.0054,
    "warp_infer": 0.090144
  },
  "meta": {
    "git_sha": "54fbc592",
    "git_dirty": true,
    "clip_set_sha1": {
      "bonn_person_close": "9833f080aed3",
      "bonn_person_walk": "d50a574dc05a",
      "sintel_ambush": "bb5125caa90f",
      "sintel_market": "064b8ba8f8b3",
      "tartanair_house_easy": "28eb837aa364",
      "tartanair_house_motion": "d01e8c02d4c8",
      "vkitti_drive_clone": "87ece81615b1",
      "vkitti_drive_rain": "ab987283ebd2"
    },
    "mode": "profile",
    "suite": "extended-v2",
    "clips_root": "E:\\ApolloDev\\sbs_bench\\datasets\\prepared\\extended-v2",
    "extra_args": [],
    "conf": "tools\\sbsbench\\bench.conf",
    "model": "depth_anything_v2_fp16",
    "profile": "apollo",
    "literal_bestv2": false,
    "depth_compensation": "none",
    "eval_schema": 19,
    "depth_step": "current-once",
    "depth_reuse_interval": 1,
    "conf_sha256": "679341c6d0d9db4d",
    "metric_sha256": "4611fd0af2195166",
    "gpu_contention": false,
    "timestamp": "2026-07-14T12:22:00",
    "run_name": "gt-stereo-baseline-extended-2",
    "cuda_graph": true,
    "cuda_graph_captured": true,
    "name": "tartanair-house-motion",
    "description": "Synthetic indoor/outdoor camera rotation with exact metric depth and optical flow.",
    "dataset": "TartanAir V2",
    "homepage": "https://tartanair.org/",
    "citation": "Wang et al., TartanAir, IROS 2020",
    "license_note": "Dataset CC BY 4.0; prepared media remains external to keep the repository small.",
    "gt_depth_kind": "metric",
    "clip_sha1": "d01e8c02d4c8"
  }
}