{
  "aggregate": {
    "artifact_in_hole_pct": 19.773270426660925,
    "depth_gt_edge_f1": 59.43457884654257,
    "depth_gt_ghost_edge_pct": 32.3911671823457,
    "depth_gt_lag_f1": 0.09084846467294082,
    "depth_gt_affine_nrmse_pct": 11.975179175535837,
    "depth_spread": 0.7998179992039999,
    "disocc_frac": 0.03686747233072917,
    "disocc_smear": 0.00033523491168309383,
    "edge_acc_p50": 6.666666666666667,
    "edge_acc_p95": 24.0,
    "flicker": 29.01764728711999,
    "flicker_disocc": 49.778393869814664,
    "flow_depth": 29.995551150778066,
    "flow_support": 0.47606294051460596,
    "flow_temporal": 15.119472669518512,
    "hole_bad_fill_pct": 0.9563847894734842,
    "hole_source_residual_p95": 13.869998739163071,
    "image_integrity_pct": 97.99495078848194,
    "negative_disparity_pct": 1.5648817189503461,
    "pop_pct_p50": 1.2288402999729318,
    "pop_px_p50": 18.641962476626404,
    "pop_px_p95": 20.18264119630209,
    "pop_spread_pct": 0.5665551061705388,
    "pop_spread_px": 8.594850795831581,
    "positive_disparity_pct": 0.0061641513071646805,
    "rim_over_p50": 0.0,
    "rim_over_p95": 12.750171105066935,
    "source_coverage_pct": 98.39024697580645,
    "source_halo_p95": 2.708333152035872,
    "source_residual_p50": 0.48594198375940323,
    "source_residual_p95": 7.199108084042867,
    "source_stretch_pct": 5.753820945858667,
    "source_stretch_support": 6.825574239095052,
    "static_jitter": 2.6243444085121155,
    "static_support": 0.05766590947690218,
    "stretch_area": 0.4310099283854167,
    "swim": 7.534427984901097,
    "vmisalign_pct": 0.002216319990111515,
    "vmisalign_px": 0.009237303049303591,
    "warp_hole_pct": 1.395604943716398,
    "_n": 24,
    "_models": [
      ""
    ],
    "flicker_p50": 29.583101272583008,
    "flicker_p95": 37.367201232910155,
    "flicker_disocc_p50": 49.955013275146484,
    "flicker_disocc_p95": 70.89539260864257,
    "swim_p50": 6.038913249969482,
    "swim_p95": 15.629573440551756,
    "static_jitter_p50": 2.642393469810486,
    "static_jitter_p95": 2.9999975085258486,
    "flow_temporal_p50": 12.739067077636719,
    "flow_temporal_p95": 23.54350337982177,
    "flow_depth_p50": 27.585596084594727,
    "flow_depth_p95": 50.041168594360336,
    "depth_gt_lag_f1_p50": 0.0,
    "depth_gt_lag_f1_p95": 0.0,
    "depth_gt_ghost_edge_pct_p50": 35.095137420718814,
    "depth_gt_ghost_edge_pct_p95": 59.44904878788059,
    "q_clean": 70.2,
    "q_depth": 22.7,
    "score": 70.2
  },
  "perf_ms": {
    "depth_infer": 1.18106,
    "depth_postprocess_gpu": 0.073216,
    "depth_preprocess_gpu": 0.131424,
    "sbs_composite_cpu": 0.0049,
    "warp_infer": 0.089536
  },
  "meta": {
    "git_sha": "e15f08f1",
    "git_dirty": true,
    "clip_set_sha1": {
      "bonn_person_close": "3dbbc6790aa2",
      "bonn_person_walk": "29cacb5ce074",
      "sintel_ambush": "bb5125caa90f",
      "sintel_market": "064b8ba8f8b3",
      "spring_character_close": "079ea7bbb6e4",
      "spring_daylight_path": "d127cf6db91a",
      "spring_forest_seeds": "990d0ca3dff9",
      "spring_skeleton_cave": "aba9df0a540e",
      "tartanair_house_easy": "3dcc51c9c695",
      "tartanair_house_motion": "5a55318f726a",
      "vkitti_drive_clone": "f5357826fe51",
      "vkitti_drive_rain": "ea09d6efe71f"
    },
    "mode": "profile",
    "suite": "extended",
    "clips_root": "E:\\ApolloDev\\sbs_bench\\datasets\\prepared\\extended-v3",
    "extra_args": [],
    "conf": "tools\\sbsbench\\bench.conf",
    "model": "depth_anything_v2_fp16",
    "profile": "apollo",
    "adaptive_pop": true,
    "adaptive_pop_max": 1.3,
    "zero_plane": "legacy",
    "literal_bestv2": false,
    "depth_compensation": "none",
    "eval_schema": 26,
    "depth_step": "current-once",
    "depth_reuse_interval": 1,
    "conf_sha256": "679341c6d0d9db4d",
    "metric_sha256": "bb8f6540c80451a4",
    "executable_sha256": "486322e71404be5f24c8875968b343f18ebb2856304aab6198a02d15b8db4f5b",
    "runtime_shader_sha256": "0d7165f0f96f77ed197bcb0ac5641fcba1d044df1268ea5ed8be90e65e1365ca",
    "engine_name": "depth_anything_v2_fp16.trt-opt770x434-level5-v2.trt11_1_0-sm120-gpuec0860237209d3fe-onnx2df6223f206b5164e21f664ace61dabeb9bb6a49b8b5a3e00510b4807d0f5b04.engine",
    "engine_sha256": "e54fe5b921df85b65cba29be6ef7e4cbb0c51b90b0f850947eba22521a290f28",
    "onnx_sha256": "2df6223f206b5164e21f664ace61dabeb9bb6a49b8b5a3e00510b4807d0f5b04",
    "gpu_contention": false,
    "run_kind": "baseline-update",
    "timestamp": "2026-07-17T19:08:24",
    "run_name": "review-fix26-baseline-extended-v2",
    "cuda_graph": true,
    "cuda_graph_captured": true,
    "source_frame_count": 24,
    "name": "tartanair-house-motion",
    "description": "Synthetic indoor/outdoor camera rotation with exact metric depth and optical flow.",
    "gt_depth_kind": "metric",
    "required_gt_depth": true,
    "required_gt_flow": true,
    "dataset": "TartanAir V2",
    "homepage": "https://tartanair.org/",
    "citation": "Wang et al., TartanAir, IROS 2020",
    "license_note": "Dataset CC BY 4.0; prepared media remains external to keep the repository small.",
    "source_suite": "extended-v3",
    "clip_sha1": "5a55318f726a"
  }
}
