{
  "aggregate": {
    "artifact_in_hole_pct": 27.36511964350355,
    "depth_gt_edge_f1": 56.16376325585418,
    "depth_gt_ghost_edge_pct": 34.406201479582194,
    "depth_gt_lag_f1": 0.21409276332340402,
    "depth_gt_si_rmse": 11.653884629408518,
    "depth_spread": 0.8725536167621613,
    "disocc_frac": 0.0693380747897656,
    "disocc_smear": 0.001226465219012915,
    "edge_acc_p50": 2.625,
    "edge_acc_p95": 24.0,
    "flicker": 34.742461660633914,
    "flicker_disocc": 72.78158187866211,
    "flow_depth": 19.39488423388937,
    "flow_support": 0.44468167701863354,
    "flow_temporal": 7.183956457220989,
    "hole_bad_fill_pct": 1.7710823495566668,
    "hole_source_residual_p95": 15.453468986352282,
    "image_integrity_pct": 98.9463601532567,
    "negative_disparity_pct": 1.3134540639817716,
    "pop_pct_p50": 1.0471885138753427,
    "pop_px_p50": 9.3083423455586,
    "pop_px_p95": 10.470315851924866,
    "pop_spread_pct": 0.8945778007181916,
    "pop_spread_px": 7.95180267305059,
    "positive_disparity_pct": 0.0,
    "rim_over_p50": 0.0,
    "rim_over_p95": 8.739808718363443,
    "source_coverage_pct": 99.1097612065354,
    "source_halo_p95": 4.4562505185604095,
    "source_residual_p50": 0.7267332424720129,
    "source_residual_p95": 6.800895015398662,
    "source_stretch_pct": 4.774773842164458,
    "source_stretch_support": 6.431784361471863,
    "static_jitter": 1.000015139579773,
    "static_support": 0.08691890125790566,
    "stretch_area": 2.7428878153515837,
    "swim": 4.519031915975654,
    "vmisalign_pct": 0.005289241174856822,
    "vmisalign_px": 0.011067463337288549,
    "warp_hole_pct": 0.6035295349811479,
    "_n": 24,
    "_models": [
      ""
    ],
    "flicker_p50": 33.86164855957031,
    "flicker_p95": 44.10618095397949,
    "flicker_disocc_p50": 67.65955352783203,
    "flicker_disocc_p95": 91.01638946533203,
    "swim_p50": 2.3930013179779053,
    "swim_p95": 9.100386619567871,
    "static_jitter_p50": 1.000015139579773,
    "static_jitter_p95": 1.000015139579773,
    "flow_temporal_p50": 7.169718265533447,
    "flow_temporal_p95": 7.6004555225372314,
    "flow_depth_p50": 20.31401252746582,
    "flow_depth_p95": 45.27061614990233,
    "depth_gt_lag_f1_p50": 0.0,
    "depth_gt_lag_f1_p95": 0.0,
    "depth_gt_ghost_edge_pct_p50": 37.58596973865199,
    "depth_gt_ghost_edge_pct_p95": 60.478937107883965,
    "q_clean": 81.0,
    "q_depth": 35.8,
    "score": 81.0
  },
  "perf_ms": {
    "depth_infer": 1.38291,
    "depth_postprocess_gpu": 0.080928,
    "depth_preprocess_gpu": 0.139744,
    "sbs_composite_cpu": 0.0049,
    "warp_infer": 0.038848
  },
  "meta": {
    "git_sha": "e15f08f1",
    "git_dirty": true,
    "clip_set_sha1": {
      "bonn_person_close": "3dbbc6790aa2",
      "bonn_person_walk": "29cacb5ce074",
      "sintel_ambush": "bb5125caa90f",
      "sintel_market": "064b8ba8f8b3",
      "spring_character_close": "079ea7bbb6e4",
      "spring_daylight_path": "d127cf6db91a",
      "spring_forest_seeds": "990d0ca3dff9",
      "spring_skeleton_cave": "aba9df0a540e",
      "tartanair_house_easy": "3dcc51c9c695",
      "tartanair_house_motion": "5a55318f726a",
      "vkitti_drive_clone": "f5357826fe51",
      "vkitti_drive_rain": "ea09d6efe71f"
    },
    "mode": "profile",
    "suite": "extended",
    "clips_root": "E:\\ApolloDev\\sbs_bench\\datasets\\prepared\\extended-v3",
    "extra_args": [],
    "conf": "tools\\sbsbench\\bench.conf",
    "model": "depth_anything_v2_fp16",
    "profile": "apollo",
    "adaptive_pop": true,
    "adaptive_pop_max": 1.3,
    "zero_plane": "legacy",
    "literal_bestv2": false,
    "depth_compensation": "none",
    "eval_schema": 26,
    "depth_step": "current-once",
    "depth_reuse_interval": 1,
    "conf_sha256": "679341c6d0d9db4d",
    "metric_sha256": "bb8f6540c80451a4",
    "executable_sha256": "486322e71404be5f24c8875968b343f18ebb2856304aab6198a02d15b8db4f5b",
    "runtime_shader_sha256": "0d7165f0f96f77ed197bcb0ac5641fcba1d044df1268ea5ed8be90e65e1365ca",
    "engine_name": "depth_anything_v2_fp16.trt-opt770x434-level5-v2.trt11_1_0-sm120-gpuec0860237209d3fe-onnx2df6223f206b5164e21f664ace61dabeb9bb6a49b8b5a3e00510b4807d0f5b04.engine",
    "engine_sha256": "e54fe5b921df85b65cba29be6ef7e4cbb0c51b90b0f850947eba22521a290f28",
    "onnx_sha256": "2df6223f206b5164e21f664ace61dabeb9bb6a49b8b5a3e00510b4807d0f5b04",
    "gpu_contention": false,
    "run_kind": "baseline-update",
    "timestamp": "2026-07-17T19:08:24",
    "run_name": "review-fix26-baseline-extended-v2",
    "cuda_graph": true,
    "cuda_graph_captured": true,
    "source_frame_count": 24,
    "name": "vkitti-drive-clone",
    "description": "Outdoor urban driving with cars, vegetation and exact metric depth.",
    "gt_depth_kind": "metric",
    "required_gt_depth": true,
    "required_gt_flow": false,
    "dataset": "Virtual KITTI 2",
    "homepage": "https://europe.naverlabs.com/proxy-virtual-worlds-vkitti-2/",
    "citation": "Cabon et al., Virtual KITTI 2, 2020",
    "license_note": "CC BY-NC-SA 3.0, non-commercial only; prepared media remains external to Git.",
    "source_suite": "extended-v3",
    "clip_sha1": "f5357826fe51"
  }
}