{
  "aggregate": {
    "artifact_in_hole_pct": 4.166666666666667,
    "depth_gt_edge_f1": 58.77124145469994,
    "depth_gt_ghost_edge_pct": 15.727746939030983,
    "depth_gt_lag_f1": 0.0,
    "depth_gt_si_rmse": 6.324899474779765,
    "depth_spread": 0.9060535058379173,
    "disocc_frac": 0.036421989622472714,
    "disocc_smear": 0.0,
    "edge_acc_p50": 2.4583333333333335,
    "edge_acc_p95": 24.0,
    "flicker": 8.43969898638518,
    "flicker_disocc": 23.124771449876867,
    "flow_depth": 10.703581716703331,
    "flow_support": 0.7695996259175607,
    "flow_temporal": 6.7017878449481465,
    "hole_bad_fill_pct": 0.0,
    "hole_source_residual_p95": 5.840057030320165,
    "image_integrity_pct": 99.34453092994674,
    "negative_disparity_pct": 1.2519935997202993,
    "pop_pct_p50": 0.8261941211341665,
    "pop_px_p50": 7.343947743414813,
    "pop_px_p95": 10.563125141230694,
    "pop_spread_pct": 0.953277916901475,
    "pop_spread_px": 8.473581483568665,
    "positive_disparity_pct": 0.0,
    "rim_over_p50": 0.0,
    "rim_over_p95": 8.057647248109182,
    "source_coverage_pct": 99.91621281943863,
    "source_halo_p95": 3.3812500735123954,
    "source_residual_p50": 0.305562149733305,
    "source_residual_p95": 3.6679121057192483,
    "source_stretch_pct": 4.276925590088078,
    "source_stretch_support": 2.9256713338744587,
    "static_support": 0.05774781208429602,
    "stretch_area": 4.308999821077116,
    "swim": 2.006428502176119,
    "vmisalign_pct": 0.002791036913792292,
    "vmisalign_px": 0.007968509113804126,
    "warp_hole_pct": 0.19266687613461808,
    "_n": 24,
    "_models": [
      ""
    ],
    "flicker_p50": 8.469902992248535,
    "flicker_p95": 9.388047695159912,
    "flicker_disocc_p50": 22.757081985473633,
    "flicker_disocc_p95": 25.480926132202146,
    "swim_p50": 0.7548674941062927,
    "swim_p95": 7.817897677421564,
    "flow_temporal_p50": 6.707253932952881,
    "flow_temporal_p95": 6.92678279876709,
    "flow_depth_p50": 7.087976455688477,
    "flow_depth_p95": 28.559720611572246,
    "depth_gt_lag_f1_p50": 0.0,
    "depth_gt_lag_f1_p95": 0.0,
    "depth_gt_ghost_edge_pct_p50": 17.829880043620502,
    "depth_gt_ghost_edge_pct_p95": 21.458631620187344,
    "q_clean": 85.8,
    "q_depth": 38.1,
    "score": 85.8
  },
  "perf_ms": {
    "depth_infer": 1.38656,
    "depth_postprocess_gpu": 0.070752,
    "depth_preprocess_gpu": 0.155104,
    "sbs_composite_cpu": 0.0049,
    "warp_infer": 0.038688
  },
  "meta": {
    "git_sha": "e7c92d9d",
    "git_dirty": true,
    "clip_set_sha1": {
      "bonn_person_close": "3dbbc6790aa2",
      "bonn_person_walk": "29cacb5ce074",
      "sintel_ambush": "bb5125caa90f",
      "sintel_market": "064b8ba8f8b3",
      "spring_character_close": "079ea7bbb6e4",
      "spring_daylight_path": "d127cf6db91a",
      "spring_forest_seeds": "990d0ca3dff9",
      "spring_skeleton_cave": "aba9df0a540e",
      "tartanair_house_easy": "3dcc51c9c695",
      "tartanair_house_motion": "5a55318f726a",
      "vkitti_drive_clone": "f5357826fe51",
      "vkitti_drive_rain": "ea09d6efe71f"
    },
    "mode": "profile",
    "suite": "extended-v3",
    "clips_root": "E:\\ApolloDev\\sbs_bench\\datasets\\prepared\\extended-v3",
    "extra_args": [],
    "conf": "tools\\sbsbench\\bench.conf",
    "model": "depth_anything_v2_fp16",
    "profile": "apollo",
    "adaptive_pop": true,
    "adaptive_pop_max": 1.3,
    "zero_plane": "legacy",
    "literal_bestv2": false,
    "depth_compensation": "none",
    "eval_schema": 24,
    "depth_step": "current-once",
    "depth_reuse_interval": 1,
    "conf_sha256": "679341c6d0d9db4d",
    "metric_sha256": "de3a107791d5f662",
    "gpu_contention": false,
    "timestamp": "2026-07-14T16:21:06",
    "run_name": "evalv24-extended-v3",
    "cuda_graph": true,
    "cuda_graph_captured": true,
    "name": "vkitti-drive-rain",
    "description": "Rainy outdoor driving with low contrast, traffic and exact metric depth.",
    "dataset": "Virtual KITTI 2",
    "homepage": "https://europe.naverlabs.com/proxy-virtual-worlds-vkitti-2/",
    "citation": "Cabon et al., Virtual KITTI 2, 2020",
    "license_note": "CC BY-NC-SA 3.0, non-commercial only; prepared media remains external to Git.",
    "required_gt_depth": true,
    "required_gt_flow": false,
    "gt_depth_kind": "metric",
    "clip_sha1": "ea09d6efe71f"
  }
}