{
  "aggregate": {
    "artifact_in_hole_pct": 28.08716481492272,
    "depth_gt_edge_f1": 56.747934599039006,
    "depth_gt_lag_f1": 0.0,
    "depth_gt_si_rmse": 11.57319082816442,
    "depth_spread": 0.838855375846227,
    "disocc_frac": 0.0687720522454822,
    "disocc_smear": 0.0,
    "edge_acc_p50": 1.5416666666666667,
    "edge_acc_p95": 24.0,
    "flicker": 34.78819490515667,
    "flicker_disocc": 73.54017008905825,
    "flow_depth": 18.92078499172045,
    "flow_support": 0.44468167701863354,
    "flow_temporal": 7.119081704512887,
    "hole_bad_fill_pct": 2.025183969020764,
    "hole_source_residual_p95": 15.415973198413845,
    "image_integrity_pct": 98.95669454334686,
    "negative_disparity_pct": 1.2303857658058406,
    "pop_pct_p50": 1.0490234804554168,
    "pop_px_p50": 9.324653159603706,
    "pop_px_p95": 10.134097775556766,
    "pop_spread_pct": 0.8769226647310019,
    "pop_spread_px": 7.7948681309422385,
    "positive_disparity_pct": 0.0,
    "rim_over_p50": 0.0,
    "rim_over_p95": 8.945565640926361,
    "source_coverage_pct": 99.09928780896523,
    "source_halo_p95": 4.741667074461778,
    "source_residual_p50": 0.6852242574095726,
    "source_residual_p95": 6.872714161872864,
    "source_stretch_pct": 5.060436568191818,
    "source_stretch_support": 6.495408887987014,
    "static_jitter": 1.000015139579773,
    "static_support": 0.08691890125790566,
    "stretch_area": 2.776078010377527,
    "swim": 5.232955891153087,
    "vmisalign_pct": 0.004106148332357407,
    "vmisalign_px": 0.008996360930420147,
    "warp_hole_pct": 0.6836073872364196,
    "_n": 24,
    "_models": [
      ""
    ],
    "flicker_p50": 33.86374282836914,
    "flicker_p95": 44.16765785217285,
    "flicker_disocc_p50": 71.5921859741211,
    "flicker_disocc_p95": 90.89149169921875,
    "swim_p50": 2.9649808406829834,
    "swim_p95": 15.33346443176269,
    "static_jitter_p50": 1.000015139579773,
    "static_jitter_p95": 1.000015139579773,
    "flow_temporal_p50": 7.033622741699219,
    "flow_temporal_p95": 7.546002388000488,
    "flow_depth_p50": 17.819259643554688,
    "flow_depth_p95": 43.576253890991204,
    "depth_gt_lag_f1_p50": 0.0,
    "depth_gt_lag_f1_p95": 0.0,
    "q_clean": 80.6,
    "q_depth": 35.1,
    "score": 80.6
  },
  "perf_ms": {
    "depth_infer": 1.91117,
    "sbs_composite_cpu": 0.0065,
    "warp_infer": 0.083904
  },
  "meta": {
    "git_sha": "5c7f3e38",
    "git_dirty": true,
    "clip_set_sha1": {
      "bonn_person_close": "9833f080aed3",
      "bonn_person_walk": "d50a574dc05a",
      "sintel_ambush": "eb33a2b52c5f",
      "sintel_market": "eaa7b4a85487",
      "tartanair_house_easy": "28eb837aa364",
      "tartanair_house_motion": "d01e8c02d4c8",
      "vkitti_drive_clone": "87ece81615b1",
      "vkitti_drive_rain": "ab987283ebd2"
    },
    "mode": "profile",
    "suite": "extended-v2",
    "clips_root": "E:\\ApolloDev\\sbs_bench\\datasets\\prepared\\extended-v2",
    "extra_args": [],
    "conf": "tools\\sbsbench\\bench.conf",
    "model": "depth_anything_v2_fp16",
    "profile": "apollo",
    "literal_bestv2": false,
    "depth_compensation": "none",
    "eval_schema": 18,
    "depth_step": "current-once",
    "depth_reuse_interval": 1,
    "conf_sha256": "679341c6d0d9db4d",
    "metric_sha256": "b5cd2854f4b2144d",
    "gpu_contention": false,
    "timestamp": "2026-07-12T19:31:53",
    "run_name": "evalv18-apollo-extended",
    "name": "vkitti-drive-clone",
    "description": "Outdoor urban driving with cars, vegetation and exact metric depth.",
    "dataset": "Virtual KITTI 2",
    "homepage": "https://europe.naverlabs.com/proxy-virtual-worlds-vkitti-2/",
    "citation": "Cabon et al., Virtual KITTI 2, 2020",
    "license_note": "CC BY-NC-SA 3.0, non-commercial only; prepared media remains external to Git.",
    "gt_depth_kind": "metric",
    "clip_sha1": "87ece81615b1"
  }
}