{
  "aggregate": {
    "artifact_in_hole_pct": 0.0,
    "depth_gt_edge_f1": 58.77124145469994,
    "depth_gt_ghost_edge_pct": 15.727746939030983,
    "depth_gt_lag_f1": 0.0,
    "depth_gt_si_rmse": 6.324899474779765,
    "depth_spread": 0.9060535058379173,
    "disocc_frac": 0.036421989622472714,
    "disocc_smear": 0.0,
    "edge_acc_p50": 2.4583333333333335,
    "edge_acc_p95": 24.0,
    "flicker": 8.482388061025869,
    "flicker_disocc": 23.155729542607848,
    "flow_depth": 10.703581716703331,
    "flow_support": 0.7695996259175607,
    "flow_temporal": 6.684564072152843,
    "hole_bad_fill_pct": 0.0,
    "hole_source_residual_p95": 6.183128751317658,
    "image_integrity_pct": 99.37703141928495,
    "negative_disparity_pct": 1.1691587191075088,
    "pop_pct_p50": 1.0056399922303354,
    "pop_px_p50": 8.939022153158534,
    "pop_px_p95": 10.152018313158509,
    "pop_spread_pct": 0.8994446272166763,
    "pop_spread_px": 7.995063353037121,
    "positive_disparity_pct": 0.0,
    "rim_over_p50": 0.0,
    "rim_over_p95": 8.197094082832336,
    "source_coverage_pct": 99.92144951822371,
    "source_halo_p95": 3.3562499483426413,
    "source_residual_p50": 0.27314777796467143,
    "source_residual_p95": 3.686401675144831,
    "source_stretch_pct": 4.337743905235634,
    "source_stretch_support": 2.9294761228354975,
    "static_support": 0.05774781208429602,
    "stretch_area": 4.308463052424405,
    "swim": 2.006428502176119,
    "vmisalign_pct": 0.0030302661160628,
    "vmisalign_px": 0.007393406034680083,
    "warp_hole_pct": 0.16561059907834103,
    "_n": 24,
    "_models": [
      ""
    ],
    "flicker_p50": 8.517742156982422,
    "flicker_p95": 9.438411331176757,
    "flicker_disocc_p50": 22.781980514526367,
    "flicker_disocc_p95": 25.57153854370117,
    "swim_p50": 0.7548674941062927,
    "swim_p95": 7.817897677421564,
    "flow_temporal_p50": 6.673930644989014,
    "flow_temporal_p95": 6.930689287185669,
    "flow_depth_p50": 7.087976455688477,
    "flow_depth_p95": 28.559720611572246,
    "depth_gt_lag_f1_p50": 0.0,
    "depth_gt_lag_f1_p95": 0.0,
    "depth_gt_ghost_edge_pct_p50": 17.829880043620502,
    "depth_gt_ghost_edge_pct_p95": 21.458631620187344,
    "q_clean": 85.8,
    "q_depth": 36.0,
    "score": 85.8
  },
  "perf_ms": {
    "depth_infer": 1.38454,
    "depth_postprocess_gpu": 0.069376,
    "depth_preprocess_gpu": 0.138272,
    "sbs_composite_cpu": 0.005,
    "warp_infer": 0.038464
  },
  "meta": {
    "git_sha": "54fbc592",
    "git_dirty": true,
    "clip_set_sha1": {
      "bonn_person_close": "9833f080aed3",
      "bonn_person_walk": "d50a574dc05a",
      "sintel_ambush": "bb5125caa90f",
      "sintel_market": "064b8ba8f8b3",
      "tartanair_house_easy": "28eb837aa364",
      "tartanair_house_motion": "d01e8c02d4c8",
      "vkitti_drive_clone": "87ece81615b1",
      "vkitti_drive_rain": "ab987283ebd2"
    },
    "mode": "profile",
    "suite": "extended-v2",
    "clips_root": "E:\\ApolloDev\\sbs_bench\\datasets\\prepared\\extended-v2",
    "extra_args": [],
    "conf": "tools\\sbsbench\\bench.conf",
    "model": "depth_anything_v2_fp16",
    "profile": "apollo",
    "literal_bestv2": false,
    "depth_compensation": "none",
    "eval_schema": 19,
    "depth_step": "current-once",
    "depth_reuse_interval": 1,
    "conf_sha256": "679341c6d0d9db4d",
    "metric_sha256": "4611fd0af2195166",
    "gpu_contention": false,
    "timestamp": "2026-07-14T12:22:00",
    "run_name": "gt-stereo-baseline-extended-2",
    "cuda_graph": true,
    "cuda_graph_captured": true,
    "name": "vkitti-drive-rain",
    "description": "Rainy outdoor driving with low contrast, traffic and exact metric depth.",
    "dataset": "Virtual KITTI 2",
    "homepage": "https://europe.naverlabs.com/proxy-virtual-worlds-vkitti-2/",
    "citation": "Cabon et al., Virtual KITTI 2, 2020",
    "license_note": "CC BY-NC-SA 3.0, non-commercial only; prepared media remains external to Git.",
    "gt_depth_kind": "metric",
    "clip_sha1": "ab987283ebd2"
  }
}