{
  "aggregate": {
    "artifact_in_hole_pct": 0.0,
    "depth_gt_edge_f1": 55.79755258798783,
    "depth_gt_lag_f1": 0.0,
    "depth_gt_si_rmse": 6.3648767073949175,
    "depth_spread": 0.9059355407953262,
    "disocc_frac": 0.029608248344963322,
    "disocc_smear": 0.0,
    "edge_acc_p50": 2.2083333333333335,
    "edge_acc_p95": 24.0,
    "flicker": 8.481850333835768,
    "flicker_disocc": 23.69316349858823,
    "flow_depth": 10.719507538754007,
    "flow_support": 0.7695996259175607,
    "flow_temporal": 6.680968180946682,
    "hole_bad_fill_pct": 0.0,
    "hole_source_residual_p95": 6.559960135320821,
    "image_integrity_pct": 99.34976971010566,
    "negative_disparity_pct": 1.170725739374757,
    "pop_pct_p50": 0.9856207678787862,
    "pop_px_p50": 8.761073492255877,
    "pop_px_p95": 10.153712251508185,
    "pop_spread_pct": 0.8993868026204671,
    "pop_spread_px": 7.994549356626375,
    "positive_disparity_pct": 0.0,
    "rim_over_p50": 0.0,
    "rim_over_p95": 8.106162051359812,
    "source_coverage_pct": 99.92144951822371,
    "source_halo_p95": 3.664583613475164,
    "source_residual_p50": 0.2731475656231244,
    "source_residual_p95": 3.691046804189682,
    "source_stretch_pct": 4.789858107170114,
    "source_stretch_support": 2.3712290313852815,
    "static_support": 0.05774781208429602,
    "stretch_area": 4.125872249060655,
    "swim": 2.0065975137378858,
    "vmisalign_pct": 0.0030918688823779426,
    "vmisalign_px": 0.007320205467597892,
    "warp_hole_pct": 0.16626518642647675,
    "warp_unresolved_pct": 0.0,
    "_n": 24,
    "_models": [
      ""
    ],
    "flicker_p50": 8.515936851501465,
    "flicker_p95": 9.438184642791748,
    "flicker_disocc_p50": 22.714860916137695,
    "flicker_disocc_p95": 26.915808868408202,
    "swim_p50": 0.7587546706199646,
    "swim_p95": 7.815952181816095,
    "flow_temporal_p50": 6.675657272338867,
    "flow_temporal_p95": 6.927713394165039,
    "flow_depth_p50": 7.186213970184326,
    "flow_depth_p95": 28.570430183410625,
    "depth_gt_lag_f1_p50": 0.0,
    "depth_gt_lag_f1_p95": 0.0,
    "q_clean": 85.2,
    "q_depth": 36.0,
    "score": 85.2
  },
  "perf_ms": {
    "depth_infer": 1.99318,
    "sbs_composite_cpu": 0.0074,
    "warp_infer": 0.083936
  },
  "meta": {
    "git_sha": "1e25968c",
    "git_dirty": true,
    "clip_set_sha1": {
      "bonn_person_close": "9833f080aed3",
      "bonn_person_walk": "d50a574dc05a",
      "sintel_ambush": "eb33a2b52c5f",
      "sintel_market": "eaa7b4a85487",
      "tartanair_house_easy": "28eb837aa364",
      "tartanair_house_motion": "d01e8c02d4c8",
      "vkitti_drive_clone": "87ece81615b1",
      "vkitti_drive_rain": "ab987283ebd2"
    },
    "mode": "profile",
    "suite": "extended-v2",
    "clips_root": "E:\\ApolloDev\\sbs_bench\\datasets\\prepared\\extended-v2",
    "extra_args": [],
    "conf": "tools\\sbsbench\\bench.conf",
    "model": "depth_anything_v2_fp16",
    "profile": "apollo",
    "warp": "apollo",
    "literal_bestv2": false,
    "depth_compensation": "none",
    "eval_schema": 16,
    "depth_step": "current-once",
    "depth_reuse_interval": 1,
    "conf_sha256": "679341c6d0d9db4d",
    "metric_sha256": "29b003a5cf912acb",
    "gpu_contention": false,
    "timestamp": "2026-07-12T18:19:50",
    "run_name": "evalv16-emaedge-defaultoff-extended",
    "name": "vkitti-drive-rain",
    "description": "Rainy outdoor driving with low contrast, traffic and exact metric depth.",
    "dataset": "Virtual KITTI 2",
    "homepage": "https://europe.naverlabs.com/proxy-virtual-worlds-vkitti-2/",
    "citation": "Cabon et al., Virtual KITTI 2, 2020",
    "license_note": "CC BY-NC-SA 3.0, non-commercial only; prepared media remains external to Git.",
    "gt_depth_kind": "metric",
    "clip_sha1": "ab987283ebd2"
  }
}