{
  "aggregate": {
    "artifact_in_hole_pct": 22.48687147475953,
    "depth_gt_edge_f1": 51.564066446346324,
    "depth_gt_lag_f1": 0.0,
    "depth_gt_si_rmse": 11.584640562534332,
    "depth_spread": 0.8384651939074198,
    "disocc_frac": 0.0673592771515477,
    "disocc_smear": 0.0,
    "edge_acc_p50": 1.7916666666666667,
    "edge_acc_p95": 24.0,
    "flicker": 34.78899889406951,
    "flicker_disocc": 73.26716713283373,
    "flow_depth": 18.862186597741168,
    "flow_support": 0.44468167701863354,
    "flow_temporal": 7.1139490086099375,
    "hole_bad_fill_pct": 1.690051854426061,
    "hole_source_residual_p95": 15.583588306109105,
    "image_integrity_pct": 98.95669454334686,
    "negative_disparity_pct": 1.2305651179980488,
    "pop_pct_p50": 1.049712305092405,
    "pop_px_p50": 9.330776045265821,
    "pop_px_p95": 10.132876910238835,
    "pop_spread_pct": 0.8816833480094046,
    "pop_spread_px": 7.837185315639151,
    "positive_disparity_pct": 0.0,
    "rim_over_p50": 0.0,
    "rim_over_p95": 8.531590859095255,
    "source_coverage_pct": 99.09928780896523,
    "source_halo_p95": 4.597917179266612,
    "source_residual_p50": 0.6851603637139002,
    "source_residual_p95": 6.853042920430501,
    "source_stretch_pct": 5.001772906425644,
    "source_stretch_support": 5.988737824675326,
    "static_jitter": 1.000015139579773,
    "static_support": 0.08691890125790566,
    "stretch_area": 2.580515297906602,
    "swim": 5.240990527298139,
    "vmisalign_pct": 0.004532529413700103,
    "vmisalign_px": 0.009002975377370603,
    "warp_hole_pct": 0.5443984778662198,
    "warp_unresolved_pct": 0.0,
    "_n": 24,
    "_models": [
      ""
    ],
    "flicker_p50": 33.864349365234375,
    "flicker_p95": 44.171925735473636,
    "flicker_disocc_p50": 70.18000030517578,
    "flicker_disocc_p95": 91.26294021606445,
    "swim_p50": 2.9766387939453125,
    "swim_p95": 15.284823608398433,
    "static_jitter_p50": 1.000015139579773,
    "static_jitter_p95": 1.000015139579773,
    "flow_temporal_p50": 7.046365261077881,
    "flow_temporal_p95": 7.519407081604004,
    "flow_depth_p50": 17.79598617553711,
    "flow_depth_p95": 43.30925559997558,
    "depth_gt_lag_f1_p50": 0.0,
    "depth_gt_lag_f1_p95": 0.0,
    "q_clean": 80.7,
    "q_depth": 35.3,
    "score": 80.7
  },
  "perf_ms": {
    "depth_infer": 1.93171,
    "sbs_composite_cpu": 0.0067,
    "warp_infer": 0.084544
  },
  "meta": {
    "git_sha": "1e25968c",
    "git_dirty": true,
    "clip_set_sha1": {
      "bonn_person_close": "9833f080aed3",
      "bonn_person_walk": "d50a574dc05a",
      "sintel_ambush": "eb33a2b52c5f",
      "sintel_market": "eaa7b4a85487",
      "tartanair_house_easy": "28eb837aa364",
      "tartanair_house_motion": "d01e8c02d4c8",
      "vkitti_drive_clone": "87ece81615b1",
      "vkitti_drive_rain": "ab987283ebd2"
    },
    "mode": "profile",
    "suite": "extended-v2",
    "clips_root": "E:\\ApolloDev\\sbs_bench\\datasets\\prepared\\extended-v2",
    "extra_args": [],
    "conf": "tools\\sbsbench\\bench.conf",
    "model": "depth_anything_v2_fp16",
    "profile": "apollo",
    "warp": "apollo",
    "literal_bestv2": false,
    "depth_compensation": "none",
    "eval_schema": 16,
    "depth_step": "current-once",
    "depth_reuse_interval": 1,
    "conf_sha256": "679341c6d0d9db4d",
    "metric_sha256": "29b003a5cf912acb",
    "gpu_contention": false,
    "timestamp": "2026-07-12T18:19:50",
    "run_name": "evalv16-emaedge-defaultoff-extended",
    "name": "vkitti-drive-clone",
    "description": "Outdoor urban driving with cars, vegetation and exact metric depth.",
    "dataset": "Virtual KITTI 2",
    "homepage": "https://europe.naverlabs.com/proxy-virtual-worlds-vkitti-2/",
    "citation": "Cabon et al., Virtual KITTI 2, 2020",
    "license_note": "CC BY-NC-SA 3.0, non-commercial only; prepared media remains external to Git.",
    "gt_depth_kind": "metric",
    "clip_sha1": "87ece81615b1"
  }
}