{
  "aggregate": {
    "depth_gt_edge_f1": 55.79755258798783,
    "depth_gt_si_rmse": 6.3648767073949175,
    "depth_spread": 0.9059355407953262,
    "disocc_frac": 0.029608248344963322,
    "disocc_smear": 0.0,
    "edge_acc_p50": 2.2083333333333335,
    "edge_acc_p95": 24.0,
    "flicker": 8.57173834676328,
    "flicker_disocc": 23.803474177484926,
    "flow_depth": 10.719507538754007,
    "flow_support": 0.7695996259175607,
    "flow_temporal": 6.689007717630138,
    "image_integrity_pct": 99.39082171382158,
    "negative_disparity_pct": 1.1435265524312854,
    "pop_pct_p50": 1.0244004391529027,
    "pop_px_p50": 9.105781681359135,
    "pop_px_p95": 10.07893846602139,
    "pop_spread_pct": 0.8859284847000003,
    "pop_spread_px": 7.874919864000002,
    "positive_disparity_pct": 0.0,
    "rim_over_p50": 0.0,
    "rim_over_p95": 8.432364374399185,
    "source_coverage_pct": 99.92144951822371,
    "source_halo_p95": 3.9145834197600684,
    "source_residual_p50": 0.22222445781032243,
    "source_residual_p95": 3.685194104909897,
    "source_stretch_pct": 4.72653539682356,
    "source_stretch_support": 2.371651785714286,
    "static_support": 0.05774781208429602,
    "stretch_area": 4.061728395061729,
    "swim": 2.0065975137378858,
    "vmisalign_pct": 0.002765260512630145,
    "vmisalign_px": 0.006417876963193218,
    "_n": 24,
    "_models": [
      ""
    ],
    "flicker_p50": 8.60920524597168,
    "flicker_p95": 9.528597164154052,
    "flicker_disocc_p50": 22.75330924987793,
    "flicker_disocc_p95": 27.015032958984374,
    "swim_p50": 0.7587546706199646,
    "swim_p95": 7.815952181816095,
    "flow_temporal_p50": 6.675963878631592,
    "flow_temporal_p95": 6.929976844787598,
    "flow_depth_p50": 7.186213970184326,
    "flow_depth_p95": 28.570430183410625,
    "q_clean": 85.1,
    "q_depth": 35.4,
    "score": 85.1
  },
  "perf_ms": {
    "depth_infer": 1.89363,
    "sbs_composite_cpu": 0.0072,
    "warp_infer": 0.019904
  },
  "meta": {
    "git_sha": "04c4e9a4",
    "git_dirty": true,
    "clip_set_sha1": {
      "bonn_person_close": "9833f080aed3",
      "bonn_person_walk": "d50a574dc05a",
      "sintel_ambush": "eb33a2b52c5f",
      "sintel_market": "eaa7b4a85487",
      "tartanair_house_easy": "28eb837aa364",
      "tartanair_house_motion": "d01e8c02d4c8",
      "vkitti_drive_clone": "87ece81615b1",
      "vkitti_drive_rain": "ab987283ebd2"
    },
    "mode": "profile",
    "suite": "extended-v2",
    "clips_root": "E:\\ApolloDev\\sbs_bench\\datasets\\prepared\\extended-v2",
    "extra_args": [],
    "conf": "tools\\sbsbench\\bench.conf",
    "model": "depth_anything_v2_fp16",
    "profile": "vd3d",
    "warp": "vd3d",
    "literal_bestv2": false,
    "eval_schema": 9,
    "depth_step": "current-once",
    "conf_sha256": "4469d2029d2cb95b",
    "metric_sha256": "6fff1afa14e6eabf",
    "gpu_contention": false,
    "timestamp": "2026-07-12T00:41:39",
    "run_name": "aspect-geometry-extended",
    "name": "vkitti-drive-rain",
    "description": "Rainy outdoor driving with low contrast, traffic and exact metric depth.",
    "dataset": "Virtual KITTI 2",
    "homepage": "https://europe.naverlabs.com/proxy-virtual-worlds-vkitti-2/",
    "citation": "Cabon et al., Virtual KITTI 2, 2020",
    "license_note": "CC BY-NC-SA 3.0, non-commercial only; prepared media remains external to Git.",
    "gt_depth_kind": "metric",
    "clip_sha1": "ab987283ebd2"
  }
}