{
  "aggregate": {
    "artifact_in_hole_pct": 4.166666666666667,
    "depth_gt_edge_f1": 58.77124145469994,
    "depth_gt_ghost_edge_pct": 15.727746939030983,
    "depth_gt_lag_f1": 0.0,
    "depth_gt_si_rmse": 6.324899474779765,
    "depth_spread": 0.9060535058379173,
    "disocc_frac": 0.036421989622472714,
    "disocc_smear": 0.0,
    "edge_acc_p50": 2.4583333333333335,
    "edge_acc_p95": 24.0,
    "flicker": 8.43969898638518,
    "flicker_disocc": 23.124771449876867,
    "flow_depth": 10.703581716703331,
    "flow_support": 0.7695996259175607,
    "flow_temporal": 6.7017878449481465,
    "hole_bad_fill_pct": 0.0,
    "hole_source_residual_p95": 5.840057030320165,
    "image_integrity_pct": 99.34453092994674,
    "negative_disparity_pct": 1.2519935997202993,
    "pop_pct_p50": 0.9397832293664807,
    "pop_px_p50": 8.353628705479826,
    "pop_px_p95": 10.545276961052915,
    "pop_spread_pct": 0.9438742596116687,
    "pop_spread_px": 8.389993418770388,
    "positive_disparity_pct": 0.0,
    "rim_over_p50": 0.0,
    "rim_over_p95": 8.057647248109182,
    "source_coverage_pct": 99.91621281943863,
    "source_halo_p95": 3.3812500735123954,
    "source_residual_p50": 0.305562149733305,
    "source_residual_p95": 3.6679121057192483,
    "source_stretch_pct": 4.276925590088078,
    "source_stretch_support": 2.9256713338744587,
    "static_support": 0.05774781208429602,
    "stretch_area": 4.308999821077116,
    "swim": 2.006428502176119,
    "vmisalign_pct": 0.00297354112068812,
    "vmisalign_px": 0.00837177041103132,
    "warp_hole_pct": 0.19266687613461808,
    "_n": 24,
    "_models": [
      ""
    ],
    "flicker_p50": 8.469902992248535,
    "flicker_p95": 9.388047695159912,
    "flicker_disocc_p50": 22.757081985473633,
    "flicker_disocc_p95": 25.480926132202146,
    "swim_p50": 0.7548674941062927,
    "swim_p95": 7.817897677421564,
    "flow_temporal_p50": 6.707253932952881,
    "flow_temporal_p95": 6.92678279876709,
    "flow_depth_p50": 7.087976455688477,
    "flow_depth_p95": 28.559720611572246,
    "depth_gt_lag_f1_p50": 0.0,
    "depth_gt_lag_f1_p95": 0.0,
    "depth_gt_ghost_edge_pct_p50": 17.829880043620502,
    "depth_gt_ghost_edge_pct_p95": 21.458631620187344,
    "q_clean": 85.8,
    "q_depth": 37.8,
    "score": 85.8
  },
  "perf_ms": {
    "depth_infer": 1.38909,
    "depth_postprocess_gpu": 0.070016,
    "depth_preprocess_gpu": 0.057504,
    "sbs_composite_cpu": 0.004,
    "warp_infer": 0.038656
  },
  "meta": {
    "git_sha": "5e7f964a",
    "git_dirty": true,
    "clip_set_sha1": {
      "bonn_person_close": "9833f080aed3",
      "bonn_person_walk": "d50a574dc05a",
      "sintel_ambush": "bb5125caa90f",
      "sintel_market": "064b8ba8f8b3",
      "tartanair_house_easy": "28eb837aa364",
      "tartanair_house_motion": "d01e8c02d4c8",
      "vkitti_drive_clone": "87ece81615b1",
      "vkitti_drive_rain": "ab987283ebd2"
    },
    "mode": "profile",
    "suite": "extended-v2",
    "clips_root": "E:\\ApolloDev\\sbs_bench\\datasets\\prepared\\extended-v2",
    "extra_args": [],
    "conf": "tools\\sbsbench\\bench.conf",
    "model": "depth_anything_v2_fp16",
    "profile": "apollo",
    "adaptive_pop": true,
    "adaptive_pop_max": 1.3,
    "literal_bestv2": false,
    "depth_compensation": "none",
    "eval_schema": 20,
    "depth_step": "current-once",
    "depth_reuse_interval": 1,
    "conf_sha256": "679341c6d0d9db4d",
    "metric_sha256": "4611fd0af2195166",
    "gpu_contention": false,
    "timestamp": "2026-07-14T13:23:19",
    "run_name": "adaptive-pop-default-extended",
    "cuda_graph": true,
    "cuda_graph_captured": true,
    "name": "vkitti-drive-rain",
    "description": "Rainy outdoor driving with low contrast, traffic and exact metric depth.",
    "dataset": "Virtual KITTI 2",
    "homepage": "https://europe.naverlabs.com/proxy-virtual-worlds-vkitti-2/",
    "citation": "Cabon et al., Virtual KITTI 2, 2020",
    "license_note": "CC BY-NC-SA 3.0, non-commercial only; prepared media remains external to Git.",
    "gt_depth_kind": "metric",
    "clip_sha1": "ab987283ebd2"
  }
}