{
  "aggregate": {
    "artifact_in_hole_pct": 26.28740186391975,
    "depth_gt_edge_f1": 56.74442190728584,
    "depth_gt_ghost_edge_pct": 23.162274957727654,
    "depth_gt_lag_f1": 0.0,
    "depth_gt_si_rmse": 11.573226630687714,
    "depth_spread": 0.8389555215835571,
    "disocc_frac": 0.06880873143675076,
    "disocc_smear": 0.0,
    "edge_acc_p50": 1.5416666666666667,
    "edge_acc_p95": 24.0,
    "flicker": 34.78759284641432,
    "flicker_disocc": 73.49327949855639,
    "flow_depth": 18.919673546500828,
    "flow_support": 0.44468167701863354,
    "flow_temporal": 7.115713015846584,
    "hole_bad_fill_pct": 2.018256887815252,
    "hole_source_residual_p95": 15.912315999468161,
    "image_integrity_pct": 99.00684359873144,
    "negative_disparity_pct": 1.2309956163167954,
    "pop_pct_p50": 1.049079796829638,
    "pop_px_p50": 9.32515374959678,
    "pop_px_p95": 10.133630166198925,
    "pop_spread_pct": 0.8813701344048216,
    "pop_spread_px": 7.834401194709526,
    "positive_disparity_pct": 0.0,
    "rim_over_p50": 0.0,
    "rim_over_p95": 8.926007310549418,
    "source_coverage_pct": 99.1097612065354,
    "source_halo_p95": 4.693750041226546,
    "source_residual_p50": 0.6851764048139254,
    "source_residual_p95": 6.856484770774841,
    "source_stretch_pct": 5.062396290427731,
    "source_stretch_support": 6.494986133658009,
    "static_jitter": 1.000015139579773,
    "static_support": 0.08691890125790566,
    "stretch_area": 2.7673107890499193,
    "swim": 5.234139115914054,
    "vmisalign_pct": 0.004525527606407801,
    "vmisalign_px": 0.00931381623862156,
    "warp_hole_pct": 0.5387253875157101,
    "_n": 24,
    "_models": [
      ""
    ],
    "flicker_p50": 33.864707946777344,
    "flicker_p95": 44.16683082580566,
    "flicker_disocc_p50": 71.46730041503906,
    "flicker_disocc_p95": 90.8106071472168,
    "swim_p50": 2.9805448055267334,
    "swim_p95": 15.33968658447265,
    "static_jitter_p50": 1.000015139579773,
    "static_jitter_p95": 1.000015139579773,
    "flow_temporal_p50": 7.056436538696289,
    "flow_temporal_p95": 7.529747486114502,
    "flow_depth_p50": 17.81867218017578,
    "flow_depth_p95": 43.586528778076165,
    "depth_gt_lag_f1_p50": 0.0,
    "depth_gt_lag_f1_p95": 0.0,
    "depth_gt_ghost_edge_pct_p50": 24.708562240385902,
    "depth_gt_ghost_edge_pct_p95": 45.055815258932284,
    "q_clean": 80.6,
    "q_depth": 35.3,
    "score": 80.6
  },
  "perf_ms": {
    "depth_infer": 1.38544,
    "depth_postprocess_gpu": 0.069664,
    "depth_preprocess_gpu": 0.150592,
    "sbs_composite_cpu": 0.005,
    "warp_infer": 0.038592
  },
  "meta": {
    "git_sha": "fd376159",
    "git_dirty": true,
    "clip_set_sha1": {
      "bonn_person_close": "9833f080aed3",
      "bonn_person_walk": "d50a574dc05a",
      "sintel_ambush": "eb33a2b52c5f",
      "sintel_market": "eaa7b4a85487",
      "tartanair_house_easy": "28eb837aa364",
      "tartanair_house_motion": "d01e8c02d4c8",
      "vkitti_drive_clone": "87ece81615b1",
      "vkitti_drive_rain": "ab987283ebd2"
    },
    "mode": "profile",
    "suite": "extended-v2",
    "clips_root": "E:\\ApolloDev\\sbs_bench\\datasets\\prepared\\extended-v2",
    "extra_args": [],
    "conf": "tools\\sbsbench\\bench.conf",
    "model": "depth_anything_v2_fp16",
    "profile": "apollo",
    "literal_bestv2": false,
    "depth_compensation": "none",
    "eval_schema": 19,
    "depth_step": "current-once",
    "depth_reuse_interval": 1,
    "conf_sha256": "679341c6d0d9db4d",
    "metric_sha256": "feb8f76d5485f999",
    "gpu_contention": false,
    "timestamp": "2026-07-14T11:25:35",
    "run_name": "ghost-metric-extended-baseline-final",
    "cuda_graph": true,
    "cuda_graph_captured": true,
    "name": "vkitti-drive-clone",
    "description": "Outdoor urban driving with cars, vegetation and exact metric depth.",
    "dataset": "Virtual KITTI 2",
    "homepage": "https://europe.naverlabs.com/proxy-virtual-worlds-vkitti-2/",
    "citation": "Cabon et al., Virtual KITTI 2, 2020",
    "license_note": "CC BY-NC-SA 3.0, non-commercial only; prepared media remains external to Git.",
    "gt_depth_kind": "metric",
    "clip_sha1": "87ece81615b1"
  }
}