{
  "aggregate": {
    "artifact_in_hole_pct": 0.0,
    "depth_gt_edge_f1": 58.450912541939175,
    "depth_gt_ghost_edge_pct": 20.195919157767253,
    "depth_gt_lag_f1": 0.0,
    "depth_gt_affine_nrmse_pct": 6.335132618745168,
    "depth_spread": 0.9455082044005394,
    "disocc_frac": 0.03741572732152442,
    "disocc_smear": 0.0,
    "edge_acc_p50": 2.4583333333333335,
    "edge_acc_p95": 24.0,
    "flicker": 8.46364574847014,
    "flicker_disocc": 23.10634007661239,
    "flow_depth": 6.1283729283706005,
    "flow_support": 0.7695996259175607,
    "flow_temporal": 6.704375826794168,
    "hole_bad_fill_pct": 0.0,
    "hole_source_residual_p95": 6.304185405373571,
    "image_integrity_pct": 99.3228602383532,
    "negative_disparity_pct": 1.17490018196404,
    "pop_pct_p50": 0.945355878390996,
    "pop_px_p50": 8.40316336347552,
    "pop_px_p95": 10.237588300384608,
    "pop_spread_pct": 0.8960146266524598,
    "pop_spread_px": 7.964574459132975,
    "positive_disparity_pct": 0.0,
    "rim_over_p50": 0.0,
    "rim_over_p95": 8.442820012569427,
    "source_coverage_pct": 99.91097612065354,
    "source_halo_p95": 3.404165049393972,
    "source_residual_p50": 0.2731524234016736,
    "source_residual_p95": 3.685199022293091,
    "source_stretch_pct": 4.165934785543491,
    "source_stretch_support": 3.0484814664502173,
    "static_support": 0.05774781208429602,
    "stretch_area": 4.300948291286455,
    "swim": 0.6990366156982339,
    "vmisalign_pct": 0.0030875125279029208,
    "vmisalign_px": 0.007246852027795588,
    "warp_hole_pct": 0.14750034911325235,
    "_n": 24,
    "_models": [
      ""
    ],
    "flicker_p50": 8.516453742980957,
    "flicker_p95": 9.415891075134278,
    "flicker_disocc_p50": 22.7176456451416,
    "flicker_disocc_p95": 25.540086936950683,
    "swim_p50": 0.6264647841453552,
    "swim_p95": 1.4560377955436699,
    "flow_temporal_p50": 6.742362976074219,
    "flow_temporal_p95": 6.924855804443359,
    "flow_depth_p50": 5.730484485626221,
    "flow_depth_p95": 12.391898155212399,
    "depth_gt_lag_f1_p50": 0.0,
    "depth_gt_lag_f1_p95": 0.0,
    "depth_gt_ghost_edge_pct_p50": 21.098726114649683,
    "depth_gt_ghost_edge_pct_p95": 31.710303030303027,
    "q_clean": 85.9,
    "q_depth": 35.8,
    "score": 85.9
  },
  "perf_ms": {
    "depth_infer": 1.38374,
    "depth_postprocess_gpu": 0.080352,
    "depth_preprocess_gpu": 0.135552,
    "sbs_composite_cpu": 0.0051,
    "warp_infer": 0.038656
  },
  "meta": {
    "git_sha": "e15f08f1",
    "git_dirty": true,
    "clip_set_sha1": {
      "bonn_person_close": "3dbbc6790aa2",
      "bonn_person_walk": "29cacb5ce074",
      "sintel_ambush": "bb5125caa90f",
      "sintel_market": "064b8ba8f8b3",
      "spring_character_close": "079ea7bbb6e4",
      "spring_daylight_path": "d127cf6db91a",
      "spring_forest_seeds": "990d0ca3dff9",
      "spring_skeleton_cave": "aba9df0a540e",
      "tartanair_house_easy": "3dcc51c9c695",
      "tartanair_house_motion": "5a55318f726a",
      "vkitti_drive_clone": "f5357826fe51",
      "vkitti_drive_rain": "ea09d6efe71f"
    },
    "mode": "profile",
    "suite": "extended",
    "clips_root": "E:\\ApolloDev\\sbs_bench\\datasets\\prepared\\extended-v3",
    "extra_args": [],
    "conf": "tools\\sbsbench\\bench.conf",
    "model": "depth_anything_v2_fp16",
    "profile": "apollo",
    "adaptive_pop": true,
    "adaptive_pop_max": 1.3,
    "zero_plane": "legacy",
    "literal_bestv2": false,
    "depth_compensation": "none",
    "eval_schema": 26,
    "depth_step": "current-once",
    "depth_reuse_interval": 1,
    "conf_sha256": "679341c6d0d9db4d",
    "metric_sha256": "bb8f6540c80451a4",
    "executable_sha256": "486322e71404be5f24c8875968b343f18ebb2856304aab6198a02d15b8db4f5b",
    "runtime_shader_sha256": "0d7165f0f96f77ed197bcb0ac5641fcba1d044df1268ea5ed8be90e65e1365ca",
    "engine_name": "depth_anything_v2_fp16.trt-opt770x434-level5-v2.trt11_1_0-sm120-gpuec0860237209d3fe-onnx2df6223f206b5164e21f664ace61dabeb9bb6a49b8b5a3e00510b4807d0f5b04.engine",
    "engine_sha256": "e54fe5b921df85b65cba29be6ef7e4cbb0c51b90b0f850947eba22521a290f28",
    "onnx_sha256": "2df6223f206b5164e21f664ace61dabeb9bb6a49b8b5a3e00510b4807d0f5b04",
    "gpu_contention": false,
    "run_kind": "baseline-update",
    "timestamp": "2026-07-17T19:08:24",
    "run_name": "review-fix26-baseline-extended-v2",
    "cuda_graph": true,
    "cuda_graph_captured": true,
    "source_frame_count": 24,
    "name": "vkitti-drive-rain",
    "description": "Rainy outdoor driving with low contrast, traffic and exact metric depth.",
    "gt_depth_kind": "metric",
    "required_gt_depth": true,
    "required_gt_flow": false,
    "dataset": "Virtual KITTI 2",
    "homepage": "https://europe.naverlabs.com/proxy-virtual-worlds-vkitti-2/",
    "citation": "Cabon et al., Virtual KITTI 2, 2020",
    "license_note": "CC BY-NC-SA 3.0, non-commercial only; prepared media remains external to Git.",
    "source_suite": "extended-v3",
    "clip_sha1": "ea09d6efe71f"
  }
}
