{
  "aggregate": {
    "artifact_in_hole_pct": 0.0,
    "depth_gt_edge_f1": 58.78078396995382,
    "depth_gt_lag_f1": 0.0,
    "depth_gt_si_rmse": 6.3249867757161455,
    "depth_spread": 0.9059862097104391,
    "disocc_frac": 0.036405797101449276,
    "disocc_smear": 0.0,
    "edge_acc_p50": 2.4583333333333335,
    "edge_acc_p95": 24.0,
    "flicker": 8.482215404510498,
    "flicker_disocc": 23.133020069288172,
    "flow_depth": 10.704025310018789,
    "flow_support": 0.7695996259175607,
    "flow_temporal": 6.6840569247370185,
    "hole_bad_fill_pct": 0.0,
    "hole_source_residual_p95": 7.004170129696526,
    "image_integrity_pct": 99.36340241094406,
    "negative_disparity_pct": 1.1690822694450618,
    "pop_pct_p50": 1.0056876459567152,
    "pop_px_p50": 8.939445741837467,
    "pop_px_p95": 10.152142241667725,
    "pop_spread_pct": 0.8991728079665946,
    "pop_spread_px": 7.9926471819252844,
    "positive_disparity_pct": 0.0,
    "rim_over_p50": 0.0,
    "rim_over_p95": 8.231197158495585,
    "source_coverage_pct": 99.92144951822371,
    "source_halo_p95": 3.343750129143397,
    "source_residual_p50": 0.27314636918405694,
    "source_residual_p95": 3.685236871242523,
    "source_stretch_pct": 4.277706819652825,
    "source_stretch_support": 2.919752773268398,
    "static_support": 0.05774781208429602,
    "stretch_area": 4.312578278761854,
    "swim": 2.0062590798606044,
    "vmisalign_pct": 0.0030918688823779426,
    "vmisalign_px": 0.007410631990448262,
    "warp_hole_pct": 0.1843754363915654,
    "_n": 24,
    "_models": [
      ""
    ],
    "flicker_p50": 8.517128944396973,
    "flicker_p95": 9.438148975372314,
    "flicker_disocc_p50": 22.68985366821289,
    "flicker_disocc_p95": 25.577211761474608,
    "swim_p50": 0.7548674941062927,
    "swim_p95": 7.817897295951837,
    "flow_temporal_p50": 6.67605447769165,
    "flow_temporal_p95": 6.930611419677734,
    "flow_depth_p50": 7.073192119598389,
    "flow_depth_p95": 28.565496444702127,
    "depth_gt_lag_f1_p50": 0.0,
    "depth_gt_lag_f1_p95": 0.0,
    "q_clean": 85.8,
    "q_depth": 36.0,
    "score": 85.8
  },
  "perf_ms": {
    "depth_infer": 1.40163,
    "sbs_composite_cpu": 0.0052,
    "warp_infer": 0.083488
  },
  "meta": {
    "git_sha": "c3ecd6d9",
    "git_dirty": true,
    "clip_set_sha1": {
      "bonn_person_close": "9833f080aed3",
      "bonn_person_walk": "d50a574dc05a",
      "sintel_ambush": "eb33a2b52c5f",
      "sintel_market": "eaa7b4a85487",
      "tartanair_house_easy": "28eb837aa364",
      "tartanair_house_motion": "d01e8c02d4c8",
      "vkitti_drive_clone": "87ece81615b1",
      "vkitti_drive_rain": "ab987283ebd2"
    },
    "mode": "profile",
    "suite": "extended-v2",
    "clips_root": "E:\\ApolloDev\\sbs_bench\\datasets\\prepared\\extended-v2",
    "extra_args": [],
    "conf": "tools\\sbsbench\\bench.conf",
    "model": "depth_anything_v2_fp16",
    "profile": "apollo",
    "literal_bestv2": false,
    "depth_compensation": "none",
    "eval_schema": 19,
    "depth_step": "current-once",
    "depth_reuse_interval": 1,
    "conf_sha256": "679341c6d0d9db4d",
    "metric_sha256": "0e55e6ee073ec1ac",
    "gpu_contention": false,
    "timestamp": "2026-07-12T21:17:10",
    "run_name": "cuda-graph-baseline-extended",
    "cuda_graph": true,
    "cuda_graph_captured": true,
    "name": "vkitti-drive-rain",
    "description": "Rainy outdoor driving with low contrast, traffic and exact metric depth.",
    "dataset": "Virtual KITTI 2",
    "homepage": "https://europe.naverlabs.com/proxy-virtual-worlds-vkitti-2/",
    "citation": "Cabon et al., Virtual KITTI 2, 2020",
    "license_note": "CC BY-NC-SA 3.0, non-commercial only; prepared media remains external to Git.",
    "gt_depth_kind": "metric",
    "clip_sha1": "ab987283ebd2"
  }
}