{
  "aggregate": {
    "artifact_in_hole_pct": 26.35711392487219,
    "depth_gt_edge_f1": 56.75537192942003,
    "depth_gt_ghost_edge_pct": 23.16327216277644,
    "depth_gt_lag_f1": 0.0,
    "depth_gt_si_rmse": 11.572112083435059,
    "depth_spread": 0.8387463092803955,
    "disocc_frac": 0.06880756843800322,
    "disocc_smear": 0.0,
    "edge_acc_p50": 1.5416666666666667,
    "edge_acc_p95": 24.0,
    "exact_pop_spread_pct": 1.0037802975365775,
    "flicker": 34.78788392440133,
    "flicker_disocc": 73.50839664625084,
    "flow_depth": 18.91569081596706,
    "flow_support": 0.44468167701863354,
    "flow_temporal": 7.118804413339366,
    "hole_bad_fill_pct": 2.0130334458054713,
    "hole_source_residual_p95": 15.982212319970126,
    "image_integrity_pct": 98.98187236155948,
    "image_negative_disparity_pct": 1.1488341379314078,
    "image_positive_disparity_pct": 0.0,
    "negative_disparity_pct": 1.2811557301087306,
    "pop_pct_p50": 1.0389988131246175,
    "pop_px_p50": 9.235545005552154,
    "pop_px_p95": 10.135651963952931,
    "pop_spread_pct": 0.8821763645486339,
    "pop_spread_px": 7.841567684876746,
    "positive_disparity_pct": 0.0,
    "rim_over_p50": 0.0,
    "rim_over_p95": 8.906959295272827,
    "source_coverage_pct": 99.1149979053205,
    "source_halo_p95": 4.7187499677141505,
    "source_residual_p50": 0.6851807000736395,
    "source_residual_p95": 6.856460114320119,
    "source_stretch_pct": 5.0159544401116,
    "source_stretch_support": 6.497311282467533,
    "static_jitter": 1.000015139579773,
    "static_support": 0.08691890125790566,
    "stretch_area": 2.760243335122562,
    "swim": 5.234646846418795,
    "vmisalign_pct": 0.003976768255233765,
    "vmisalign_px": 0.008969409730828678,
    "warp_hole_pct": 0.538943583298422,
    "_n": 24,
    "_models": [
      ""
    ],
    "flicker_p50": 33.864524841308594,
    "flicker_p95": 44.16804161071777,
    "flicker_disocc_p50": 71.4395523071289,
    "flicker_disocc_p95": 90.97028579711915,
    "swim_p50": 2.9649808406829834,
    "swim_p95": 15.329571723937983,
    "static_jitter_p50": 1.000015139579773,
    "static_jitter_p95": 1.000015139579773,
    "flow_temporal_p50": 7.040897846221924,
    "flow_temporal_p95": 7.519558954238891,
    "flow_depth_p50": 17.851545333862305,
    "flow_depth_p95": 43.56951675415038,
    "depth_gt_lag_f1_p50": 0.0,
    "depth_gt_lag_f1_p95": 0.0,
    "depth_gt_ghost_edge_pct_p50": 24.69516280316227,
    "depth_gt_ghost_edge_pct_p95": 44.97763590466175,
    "q_clean": 80.6,
    "q_depth": 40.2,
    "score": 80.6
  },
  "perf_ms": {
    "depth_infer": 1.42832,
    "depth_postprocess_gpu": 0.070688,
    "depth_preprocess_gpu": 0.14592,
    "sbs_composite_cpu": 4.5862,
    "warp_infer": 4.46074
  },
  "meta": {
    "git_sha": "e15f08f1",
    "git_dirty": true,
    "run_kind": "baseline_gate",
    "baseline_identities": {},
    "clip_set_sha1": {
      "bonn_person_close": "3dbbc6790aa2",
      "bonn_person_walk": "29cacb5ce074",
      "sintel_ambush": "bb5125caa90f",
      "sintel_market": "064b8ba8f8b3",
      "spring_character_close": "079ea7bbb6e4",
      "spring_daylight_path": "d127cf6db91a",
      "spring_forest_seeds": "990d0ca3dff9",
      "spring_skeleton_cave": "aba9df0a540e",
      "tartanair_house_easy": "3dcc51c9c695",
      "tartanair_house_motion": "5a55318f726a",
      "vkitti_drive_clone": "f5357826fe51",
      "vkitti_drive_rain": "ea09d6efe71f"
    },
    "mode": "profile",
    "suite": "extended-v3",
    "clips_root": "E:\\ApolloDev\\sbs_bench\\datasets\\prepared\\extended-v3",
    "extra_args": [],
    "conf": "tools\\sbsbench\\bench.conf",
    "model": "depth_anything_v2_fp16",
    "profile": "apollo",
    "adaptive_pop": true,
    "adaptive_pop_max": 1.3,
    "pop_strength": 1.25,
    "ema": 0.5,
    "ema_edge_change": 0.05,
    "ema_edge_gradient": 0.02,
    "ema_edge_strength": 0.25,
    "minmax_ema": 0.18,
    "subject_lock": 0.5,
    "subject_recenter": 0.35,
    "subject_stretch": true,
    "depth_short_side": 432,
    "depth_max_aspect": 4,
    "zero_plane": "legacy",
    "cuda_graph": true,
    "artistic_style": "immersive",
    "artistic_policy": true,
    "artistic_policy_consumed": false,
    "artistic_policy_authorization": "none",
    "model_onnx_sha256": "",
    "policy_metadata_sha256": "",
    "deployment_geometry_allowlist_sha256": "",
    "artistic_scale_override": 0,
    "output_interval": 1,
    "output_gt_right_only": false,
    "literal_bestv2": false,
    "depth_compensation": "none",
    "eval_schema": 29,
    "depth_step": "current-once",
    "depth_reuse_interval": 1,
    "conf_sha256": "679341c6d0d9db4d",
    "metric_sha256": "88028fadef928b53",
    "policy_warp_source_sha256": "86889c3f389a4c54ebcf0262f479ec71aadd81c42847a50bb39bf2fcce2fd132",
    "gpu_contention": false,
    "timestamp": "2026-07-15T13:11:32",
    "run_name": "eval29-required-evidence-extended-baseline",
    "depth_override_frames": 0,
    "harness_schema": 24,
    "source_width": 1242,
    "source_height": 375,
    "model_input_width": 980,
    "model_input_height": 294,
    "eye_width": 1242,
    "eye_height": 375,
    "color_mode": "sdr-srgb-8bit",
    "content_scale_x": 1,
    "content_scale_y": 1,
    "disparity_raster_width": 1242,
    "disparity_raster_height": 375,
    "artifact_mode": "full",
    "warp_disparity": "exact_clamped_full_binocular_normalized_at_output_eye_raster_zero_bars",
    "warp_unclamped_disparity": "unclamped_full_binocular_normalized_at_artistic_scale_1_output_eye_raster_zero_bars",
    "artistic_disparity_contract": "clamp(raw_baseline_times_scale_to_plus_or_minus_0.142_times_aspect_scale_times_content_scale_x)",
    "artistic_full_clamp_abs": 0.101628199,
    "warp_mask": {
      "red": "forward_disocclusion_before_fill"
    },
    "cuda_graph_captured": true,
    "name": "vkitti-drive-clone",
    "description": "Outdoor urban driving with cars, vegetation and exact metric depth.",
    "dataset": "Virtual KITTI 2",
    "homepage": "https://europe.naverlabs.com/proxy-virtual-worlds-vkitti-2/",
    "citation": "Cabon et al., Virtual KITTI 2, 2020",
    "license_note": "CC BY-NC-SA 3.0, non-commercial only; prepared media remains external to Git.",
    "required_gt_depth": true,
    "required_gt_flow": false,
    "gt_depth_kind": "metric",
    "clip_sha1": "f5357826fe51"
  }
}