{
  "aggregate": {
    "artifact_in_hole_pct": 4.166666666666667,
    "depth_gt_edge_f1": 58.78288998739279,
    "depth_gt_ghost_edge_pct": 15.743370015752404,
    "depth_gt_lag_f1": 0.0,
    "depth_gt_si_rmse": 6.3246654868125916,
    "depth_spread": 0.9060434028506279,
    "disocc_frac": 0.036404902487028094,
    "disocc_smear": 0.0,
    "edge_acc_p50": 2.4166666666666665,
    "edge_acc_p95": 24.0,
    "exact_pop_spread_pct": 1.0281823704652198,
    "flicker": 8.439615519150443,
    "flicker_disocc": 23.110741905544113,
    "flow_depth": 10.704506988110749,
    "flow_support": 0.7695996259175607,
    "flow_temporal": 6.702651272649351,
    "hole_bad_fill_pct": 0.0,
    "hole_source_residual_p95": 5.779860355456667,
    "image_integrity_pct": 99.33069252834312,
    "image_negative_disparity_pct": 1.2012201675446705,
    "image_positive_disparity_pct": 0.0,
    "negative_disparity_pct": 1.2637883171439173,
    "pop_pct_p50": 0.8262600205652578,
    "pop_px_p50": 7.344533516135626,
    "pop_px_p95": 10.56414912146103,
    "pop_spread_pct": 0.9533750411357729,
    "pop_spread_px": 8.47444481009576,
    "positive_disparity_pct": 0.0,
    "rim_over_p50": 0.0,
    "rim_over_p95": 8.056469351053238,
    "source_coverage_pct": 99.91621281943863,
    "source_halo_p95": 3.391666680574417,
    "source_residual_p50": 0.3101646887759368,
    "source_residual_p95": 3.680608242750168,
    "source_stretch_pct": 4.235994043097384,
    "source_stretch_support": 2.9170048701298703,
    "static_support": 0.05774781208429602,
    "stretch_area": 4.307926283771695,
    "swim": 2.0065972519957502,
    "vmisalign_pct": 0.0027758191029230756,
    "vmisalign_px": 0.007908908485357339,
    "warp_hole_pct": 0.1946306381790253,
    "_n": 24,
    "_models": [
      ""
    ],
    "flicker_p50": 8.469808578491211,
    "flicker_p95": 9.387906932830811,
    "flicker_disocc_p50": 22.701082229614258,
    "flicker_disocc_p95": 25.40805549621582,
    "swim_p50": 0.7743148803710938,
    "swim_p95": 7.821402621269219,
    "flow_temporal_p50": 6.711091995239258,
    "flow_temporal_p95": 6.925612115859986,
    "flow_depth_p50": 7.0767645835876465,
    "flow_depth_p95": 28.57166156768797,
    "depth_gt_lag_f1_p50": 0.0,
    "depth_gt_lag_f1_p95": 0.0,
    "depth_gt_ghost_edge_pct_p50": 18.041485769416305,
    "depth_gt_ghost_edge_pct_p95": 21.499447946717954,
    "q_clean": 85.8,
    "q_depth": 41.1,
    "score": 85.8
  },
  "perf_ms": {
    "depth_infer": 1.42842,
    "depth_postprocess_gpu": 0.071008,
    "depth_preprocess_gpu": 0.125248,
    "sbs_composite_cpu": 4.314,
    "warp_infer": 4.22054
  },
  "meta": {
    "git_sha": "e15f08f1",
    "git_dirty": true,
    "run_kind": "baseline_gate",
    "baseline_identities": {},
    "clip_set_sha1": {
      "bonn_person_close": "3dbbc6790aa2",
      "bonn_person_walk": "29cacb5ce074",
      "sintel_ambush": "bb5125caa90f",
      "sintel_market": "064b8ba8f8b3",
      "spring_character_close": "079ea7bbb6e4",
      "spring_daylight_path": "d127cf6db91a",
      "spring_forest_seeds": "990d0ca3dff9",
      "spring_skeleton_cave": "aba9df0a540e",
      "tartanair_house_easy": "3dcc51c9c695",
      "tartanair_house_motion": "5a55318f726a",
      "vkitti_drive_clone": "f5357826fe51",
      "vkitti_drive_rain": "ea09d6efe71f"
    },
    "mode": "profile",
    "suite": "extended-v3",
    "clips_root": "E:\\ApolloDev\\sbs_bench\\datasets\\prepared\\extended-v3",
    "extra_args": [],
    "conf": "tools\\sbsbench\\bench.conf",
    "model": "depth_anything_v2_fp16",
    "profile": "apollo",
    "adaptive_pop": true,
    "adaptive_pop_max": 1.3,
    "pop_strength": 1.25,
    "ema": 0.5,
    "ema_edge_change": 0.05,
    "ema_edge_gradient": 0.02,
    "ema_edge_strength": 0.25,
    "minmax_ema": 0.18,
    "subject_lock": 0.5,
    "subject_recenter": 0.35,
    "subject_stretch": true,
    "depth_short_side": 432,
    "depth_max_aspect": 4,
    "zero_plane": "legacy",
    "cuda_graph": true,
    "artistic_style": "immersive",
    "artistic_policy": true,
    "artistic_policy_consumed": false,
    "artistic_policy_authorization": "none",
    "model_onnx_sha256": "",
    "policy_metadata_sha256": "",
    "deployment_geometry_allowlist_sha256": "",
    "artistic_scale_override": 0,
    "output_interval": 1,
    "output_gt_right_only": false,
    "literal_bestv2": false,
    "depth_compensation": "none",
    "eval_schema": 29,
    "depth_step": "current-once",
    "depth_reuse_interval": 1,
    "conf_sha256": "679341c6d0d9db4d",
    "metric_sha256": "88028fadef928b53",
    "policy_warp_source_sha256": "86889c3f389a4c54ebcf0262f479ec71aadd81c42847a50bb39bf2fcce2fd132",
    "gpu_contention": false,
    "timestamp": "2026-07-15T13:11:32",
    "run_name": "eval29-required-evidence-extended-baseline",
    "depth_override_frames": 0,
    "harness_schema": 24,
    "source_width": 1242,
    "source_height": 375,
    "model_input_width": 980,
    "model_input_height": 294,
    "eye_width": 1242,
    "eye_height": 375,
    "color_mode": "sdr-srgb-8bit",
    "content_scale_x": 1,
    "content_scale_y": 1,
    "disparity_raster_width": 1242,
    "disparity_raster_height": 375,
    "artifact_mode": "full",
    "warp_disparity": "exact_clamped_full_binocular_normalized_at_output_eye_raster_zero_bars",
    "warp_unclamped_disparity": "unclamped_full_binocular_normalized_at_artistic_scale_1_output_eye_raster_zero_bars",
    "artistic_disparity_contract": "clamp(raw_baseline_times_scale_to_plus_or_minus_0.142_times_aspect_scale_times_content_scale_x)",
    "artistic_full_clamp_abs": 0.101628199,
    "warp_mask": {
      "red": "forward_disocclusion_before_fill"
    },
    "cuda_graph_captured": true,
    "name": "vkitti-drive-rain",
    "description": "Rainy outdoor driving with low contrast, traffic and exact metric depth.",
    "dataset": "Virtual KITTI 2",
    "homepage": "https://europe.naverlabs.com/proxy-virtual-worlds-vkitti-2/",
    "citation": "Cabon et al., Virtual KITTI 2, 2020",
    "license_note": "CC BY-NC-SA 3.0, non-commercial only; prepared media remains external to Git.",
    "required_gt_depth": true,
    "required_gt_flow": false,
    "gt_depth_kind": "metric",
    "clip_sha1": "ea09d6efe71f"
  }
}