{
  "aggregate": {
    "artifact_in_hole_pct": 26.417595254690514,
    "depth_gt_edge_f1": 56.74442190728584,
    "depth_gt_ghost_edge_pct": 23.162274957727654,
    "depth_gt_lag_f1": 0.0,
    "depth_gt_si_rmse": 11.573226630687714,
    "depth_spread": 0.8389555215835571,
    "disocc_frac": 0.06880873143675076,
    "disocc_smear": 0.0,
    "edge_acc_p50": 1.5416666666666667,
    "edge_acc_p95": 24.0,
    "flicker": 34.78783897731615,
    "flicker_disocc": 73.49369546641474,
    "flow_depth": 18.919673546500828,
    "flow_support": 0.44468167701863354,
    "flow_temporal": 7.115081289540166,
    "hole_bad_fill_pct": 2.0157323406927765,
    "hole_source_residual_p95": 15.909734919667237,
    "image_integrity_pct": 98.98214583680961,
    "negative_disparity_pct": 1.2310024848673493,
    "pop_pct_p50": 1.0492582772539871,
    "pop_px_p50": 9.326740242257664,
    "pop_px_p95": 10.133635472731354,
    "pop_spread_pct": 0.8813795333668327,
    "pop_spread_px": 7.834484741038513,
    "positive_disparity_pct": 0.0,
    "rim_over_p50": 0.0,
    "rim_over_p95": 8.9069331685702,
    "source_coverage_pct": 99.1149979053205,
    "source_halo_p95": 4.722917037705581,
    "source_residual_p50": 0.6851672567427158,
    "source_residual_p95": 6.857556760311127,
    "source_stretch_pct": 5.075983844243975,
    "source_stretch_support": 6.495197510822511,
    "static_jitter": 1.000015139579773,
    "static_support": 0.08691890125790566,
    "stretch_area": 2.767489711934156,
    "swim": 5.234139115914054,
    "vmisalign_pct": 0.004168232902884483,
    "vmisalign_px": 0.009172119704696039,
    "warp_hole_pct": 0.5387253875157101,
    "_n": 24,
    "_models": [
      ""
    ],
    "flicker_p50": 33.86470413208008,
    "flicker_p95": 44.167015075683594,
    "flicker_disocc_p50": 71.45836639404297,
    "flicker_disocc_p95": 90.80660705566406,
    "swim_p50": 2.9805448055267334,
    "swim_p95": 15.33968658447265,
    "static_jitter_p50": 1.000015139579773,
    "static_jitter_p95": 1.000015139579773,
    "flow_temporal_p50": 7.056436538696289,
    "flow_temporal_p95": 7.529747486114502,
    "flow_depth_p50": 17.81867218017578,
    "flow_depth_p95": 43.586528778076165,
    "depth_gt_lag_f1_p50": 0.0,
    "depth_gt_lag_f1_p95": 0.0,
    "depth_gt_ghost_edge_pct_p50": 24.708562240385902,
    "depth_gt_ghost_edge_pct_p95": 45.055815258932284,
    "q_clean": 80.6,
    "q_depth": 35.3,
    "score": 80.6
  },
  "perf_ms": {
    "depth_infer": 1.38685,
    "depth_postprocess_gpu": 0.070848,
    "depth_preprocess_gpu": 0.047264,
    "sbs_composite_cpu": 0.0039,
    "warp_infer": 0.038752
  },
  "meta": {
    "git_sha": "d638e752",
    "git_dirty": true,
    "clip_set_sha1": {
      "bonn_person_close": "9833f080aed3",
      "bonn_person_walk": "d50a574dc05a",
      "sintel_ambush": "bb5125caa90f",
      "sintel_market": "064b8ba8f8b3",
      "tartanair_house_easy": "28eb837aa364",
      "tartanair_house_motion": "d01e8c02d4c8",
      "vkitti_drive_clone": "87ece81615b1",
      "vkitti_drive_rain": "ab987283ebd2"
    },
    "mode": "profile",
    "suite": "extended-v2",
    "clips_root": "E:\\ApolloDev\\sbs_bench\\datasets\\prepared\\extended-v2",
    "extra_args": [],
    "conf": "tools\\sbsbench\\bench.conf",
    "model": "depth_anything_v2_fp16",
    "profile": "apollo",
    "adaptive_pop": true,
    "adaptive_pop_max": 1.3,
    "literal_bestv2": false,
    "depth_compensation": "none",
    "eval_schema": 21,
    "depth_step": "current-once",
    "depth_reuse_interval": 1,
    "conf_sha256": "679341c6d0d9db4d",
    "metric_sha256": "f9d0ac49d0cceb1b",
    "gpu_contention": false,
    "timestamp": "2026-07-14T14:23:20",
    "run_name": "art-style-extended",
    "cuda_graph": true,
    "cuda_graph_captured": true,
    "name": "vkitti-drive-clone",
    "description": "Outdoor urban driving with cars, vegetation and exact metric depth.",
    "dataset": "Virtual KITTI 2",
    "homepage": "https://europe.naverlabs.com/proxy-virtual-worlds-vkitti-2/",
    "citation": "Cabon et al., Virtual KITTI 2, 2020",
    "license_note": "CC BY-NC-SA 3.0, non-commercial only; prepared media remains external to Git.",
    "gt_depth_kind": "metric",
    "clip_sha1": "87ece81615b1"
  }
}