{
  "aggregate": {
    "depth_gt_edge_f1": 51.564066446346324,
    "depth_gt_si_rmse": 11.584640562534332,
    "depth_spread": 0.8384651939074198,
    "disocc_frac": 0.0673592771515477,
    "disocc_smear": 0.0,
    "edge_acc_p50": 1.7916666666666667,
    "edge_acc_p95": 24.0,
    "flicker": 34.96429219453231,
    "flicker_disocc": 73.86120223999023,
    "flow_depth": 18.862186597741168,
    "flow_support": 0.44468167701863354,
    "flow_temporal": 7.12795348789381,
    "image_integrity_pct": 99.06347554630594,
    "negative_disparity_pct": 1.174067097902298,
    "pop_pct_p50": 1.0505304668152922,
    "pop_px_p50": 9.33804859391371,
    "pop_px_p95": 10.063231054023614,
    "pop_spread_pct": 0.867134289931811,
    "pop_spread_px": 7.707860354949429,
    "positive_disparity_pct": 0.0,
    "rim_over_p50": 0.0,
    "rim_over_p95": 9.236530601978302,
    "source_coverage_pct": 99.2249685798073,
    "source_halo_p95": 4.568750262260437,
    "source_residual_p50": 0.631987010439237,
    "source_residual_p95": 6.926984469095866,
    "source_stretch_pct": 4.9920595418569125,
    "source_stretch_support": 5.976266571969696,
    "static_jitter": 1.000015139579773,
    "static_support": 0.08691890125790566,
    "stretch_area": 2.4651994990159243,
    "swim": 5.240990527298139,
    "vmisalign_pct": 0.0037804435938596725,
    "vmisalign_px": 0.00820575381415741,
    "_n": 24,
    "_models": [
      ""
    ],
    "flicker_p50": 33.985652923583984,
    "flicker_p95": 44.48537178039551,
    "flicker_disocc_p50": 71.75747680664062,
    "flicker_disocc_p95": 91.13015594482421,
    "swim_p50": 2.9766387939453125,
    "swim_p95": 15.284823608398433,
    "static_jitter_p50": 1.000015139579773,
    "static_jitter_p95": 1.000015139579773,
    "flow_temporal_p50": 7.104745864868164,
    "flow_temporal_p95": 7.523689126968383,
    "flow_depth_p50": 17.79598617553711,
    "flow_depth_p95": 43.30925559997558,
    "q_clean": 80.7,
    "q_depth": 34.7,
    "score": 80.7
  },
  "perf_ms": {
    "depth_infer": 1.87414,
    "sbs_composite_cpu": 0.006,
    "warp_infer": 0.019936
  },
  "meta": {
    "git_sha": "04c4e9a4",
    "git_dirty": true,
    "clip_set_sha1": {
      "bonn_person_close": "9833f080aed3",
      "bonn_person_walk": "d50a574dc05a",
      "sintel_ambush": "eb33a2b52c5f",
      "sintel_market": "eaa7b4a85487",
      "tartanair_house_easy": "28eb837aa364",
      "tartanair_house_motion": "d01e8c02d4c8",
      "vkitti_drive_clone": "87ece81615b1",
      "vkitti_drive_rain": "ab987283ebd2"
    },
    "mode": "profile",
    "suite": "extended-v2",
    "clips_root": "E:\\ApolloDev\\sbs_bench\\datasets\\prepared\\extended-v2",
    "extra_args": [],
    "conf": "tools\\sbsbench\\bench.conf",
    "model": "depth_anything_v2_fp16",
    "profile": "vd3d",
    "warp": "vd3d",
    "literal_bestv2": false,
    "eval_schema": 9,
    "depth_step": "current-once",
    "conf_sha256": "4469d2029d2cb95b",
    "metric_sha256": "6fff1afa14e6eabf",
    "gpu_contention": false,
    "timestamp": "2026-07-12T00:41:39",
    "run_name": "aspect-geometry-extended",
    "name": "vkitti-drive-clone",
    "description": "Outdoor urban driving with cars, vegetation and exact metric depth.",
    "dataset": "Virtual KITTI 2",
    "homepage": "https://europe.naverlabs.com/proxy-virtual-worlds-vkitti-2/",
    "citation": "Cabon et al., Virtual KITTI 2, 2020",
    "license_note": "CC BY-NC-SA 3.0, non-commercial only; prepared media remains external to Git.",
    "gt_depth_kind": "metric",
    "clip_sha1": "87ece81615b1"
  }
}